regime,replicate,age_step,incumbent_pattern,incumbent_share,mode_entropy,total_reinforcement,incumbent_reinforcement,accessible_mode_count,accessible_modes,epsilon_star,epsilon_star_censored,switch_fraction_at_epsilon_star
reinforced,0,0,mixed_0_1_4,0.22931739151489158,1.6022277591618699,0.0,0.0,5,mode_0;mode_1;mode_2;mode_3;mode_4,0.12000000000000001,False,0.8
reinforced,0,20,mixed_0_1_4,0.2462066965118761,1.5921585004326966,0.637325718409692,0.15004902210072743,5,mixed_1_2;mixed_1_3;mode_0;mode_1;mode_4,0.18,False,0.6
reinforced,0,40,mixed_0_1_4,0.31575275942559994,1.529154912302956,1.1585988450061182,0.29890180286207624,3,mixed_1_4;mode_0;mode_1,0.060000000000000005,False,1.0
reinforced,0,60,mode_1,0.499851237233775,1.2951568931164341,1.5849517516323346,0.5007805894995809,1,mode_1,0.66,True,0.0
reinforced,0,80,mode_1,0.8305276191923572,0.662630386273127,1.9336687518266615,0.8419690810755026,1,mode_1,0.66,True,0.0
reinforced,0,100,mode_1,0.9473993140431215,0.2786166754435774,2.2188868055436965,1.2708393253463102,1,mode_1,0.66,True,0.0
reinforced,0,120,mode_1,0.9647119963034851,0.20153805456145923,2.452168630406839,1.650193578282555,1,mode_1,0.66,True,0.0
reinforced,0,140,mode_1,0.9718798063659818,0.1671104012685499,2.642971453377745,1.967276762440589,1,mode_1,0.66,True,0.0
reinforced,0,160,mode_1,0.9759956662253133,0.14650952305859838,2.799030405998786,2.2300103269976645,1,mode_1,0.66,True,0.0
reinforced,0,180,mode_1,0.9786038335602394,0.13308186684824708,2.9266721060216927,2.4468824356521517,1,mode_1,0.66,True,0.0
reinforced,0,200,mode_1,0.9792940461505794,0.12947533043660217,2.905705816245596,2.5,1,mode_1,0.66,True,0.0
reinforced,0,220,mode_1,0.9794746600702158,0.12852973558326683,2.8449606009269597,2.5,1,mode_1,0.66,True,0.0
reinforced,0,240,mode_1,0.9795530136535704,0.1281178969432986,2.795175496697336,2.5,1,mode_1,0.66,True,0.0
reinforced,1,0,mixed_0_2_4,0.23819032407102983,1.591509345365008,0.0,0.0,5,mode_0;mode_1;mode_2;mode_3;mode_4,0.12000000000000001,False,0.8
reinforced,1,20,mixed_0_2_4,0.2651630655820408,1.5651106948682145,0.6373257184096919,0.15942588607088504,5,mixed_0_1_2;mixed_2_3_4;mode_0;mode_2;mode_4,0.24000000000000002,False,0.6
reinforced,1,40,mixed_0_2_4,0.35900515952221057,1.4544382942041398,1.1585988450061184,0.327113747148008,2,mixed_2_4;mode_2,0.060000000000000005,False,1.0
reinforced,1,60,mode_2,0.587930005901949,1.1502804165851135,1.5849517516323348,0.5637090248567036,1,mode_2,0.66,True,0.0
reinforced,1,80,mode_2,0.8869960204597764,0.4994644236361878,1.9336687518266618,0.9475824768097879,1,mode_2,0.66,True,0.0
reinforced,1,100,mode_2,0.9544466264757984,0.2481478024807347,2.218886805543696,1.3709901184393387,1,mode_2,0.66,True,0.0
reinforced,1,120,mode_2,0.9671876685227768,0.18982665791359396,2.4521686304068386,1.7346661114940145,1,mode_2,0.66,True,0.0
reinforced,1,140,mode_2,0.9733943178106598,0.15960309119944335,2.6429714533777444,2.0375818232727894,1,mode_2,0.66,True,0.0
reinforced,1,160,mode_2,0.9766368796461272,0.1432345413936207,2.799030405998785,2.2881736834548856,1,mode_2,0.66,True,0.0
reinforced,1,180,mode_2,0.979114724766956,0.13041433846141046,2.926672106021692,2.4949097776903972,1,mode_2,0.66,True,0.0
reinforced,1,200,mode_2,0.9793662020536218,0.1290978890717332,2.8663153174679588,2.5,1,mode_2,0.66,True,0.0
reinforced,1,220,mode_2,0.979590357716175,0.12792136633997442,2.812683215899404,2.5,1,mode_2,0.66,True,0.0
reinforced,1,240,mode_2,0.9797258470733194,0.1272083434498605,2.768793183766999,2.5,1,mode_2,0.66,True,0.0
reinforced,2,0,mixed_0_2_4,0.2958678360056122,1.5779860018486558,0.0,0.0,5,mode_0;mode_1;mode_2;mode_3;mode_4,0.060000000000000005,False,0.8
reinforced,2,20,mixed_0_2,0.40744911689563196,1.4846534515424368,0.6373257184096921,0.21835385678708466,1,mode_2,0.060000000000000005,False,1.0
reinforced,2,40,mode_2,0.7551588654996322,0.8862231168630698,1.1585988450061182,0.5498180251343785,1,mode_2,0.66,True,0.0
reinforced,2,60,mode_2,0.9349701629171266,0.33057907466693826,1.5849517516323346,1.0107704239992825,1,mode_2,0.66,True,0.0
reinforced,2,80,mode_2,0.9606619578744147,0.22035556805093562,1.933668751826662,1.4335726093720353,1,mode_2,0.66,True,0.0
reinforced,2,100,mode_2,0.9700780469273664,0.17594780377498595,2.2188868055436965,1.7884855601743683,1,mode_2,0.66,True,0.0
reinforced,2,120,mode_2,0.9749869810025359,0.15162871337676476,2.4521686304068395,2.082863979022924,1,mode_2,0.66,True,0.0
reinforced,2,140,mode_2,0.9778367843470712,0.13706633957755687,2.6429714533777457,2.3259652801180244,1,mode_2,0.66,True,0.0
reinforced,2,160,mode_2,0.9796449545931909,0.12763532825220833,2.772729391223732,2.5,1,mode_2,0.66,True,0.0
reinforced,2,180,mode_2,0.9798104772457935,0.12676435868979,2.7359921698500496,2.5,1,mode_2,0.66,True,0.0
reinforced,2,200,mode_2,0.9797725694374047,0.12696400154431853,2.7058956368931972,2.5,1,mode_2,0.66,True,0.0
reinforced,2,220,mode_2,0.9798952706792675,0.12631741443979563,2.6812352816228175,2.5,1,mode_2,0.66,True,0.0
reinforced,2,240,mode_2,0.9799850462832206,0.1258436509776919,2.6610371398072084,2.5,1,mode_2,0.66,True,0.0
reinforced,3,0,mixed_0_1_3,0.24335670400008658,1.5922968630160637,0.0,0.0,5,mode_0;mode_1;mode_2;mode_3;mode_4,0.12000000000000001,False,0.6
reinforced,3,20,mixed_0_1_3,0.27129729007842857,1.5685445959406787,0.637325718409692,0.1618523760272565,5,mixed_0_2_3;mixed_0_4;mode_0;mode_1;mode_3,0.060000000000000005,False,0.8
reinforced,3,40,mixed_0_1_3,0.3836690435796565,1.4448655873076066,1.1585988450061182,0.3383375865349492,1,mode_0,0.060000000000000005,False,1.0
reinforced,3,60,mode_0,0.6586055996140799,1.0363142928970814,1.5849517516323344,0.6059337256117914,1,mode_0,0.66,True,0.0
reinforced,3,80,mode_0,0.9149348083052645,0.40399896631170384,1.933668751826661,1.0184348680628563,1,mode_0,0.66,True,0.0
reinforced,3,100,mode_0,0.9584733299281474,0.23020526184780687,2.2188868055436957,1.4353703671639766,1,mode_0,0.66,True,0.0
reinforced,3,120,mode_0,0.9687523016697231,0.18234032008161197,2.4521686304068386,1.7887703242445347,1,mode_0,0.66,True,0.0
reinforced,3,140,mode_0,0.9741878666495615,0.15563979413614054,2.6429714533777453,2.0825056983559374,1,mode_0,0.66,True,0.0
reinforced,3,160,mode_0,0.9773137870757665,0.13976267246987342,2.799030405998785,2.325342021982784,1,mode_0,0.66,True,0.0
reinforced,3,180,mode_0,0.9794306085159833,0.12875900495736417,2.901101155169497,2.5,1,mode_0,0.66,True,0.0
reinforced,3,200,mode_0,0.9794521931862522,0.12864642526978348,2.841161660493142,2.5,1,mode_0,0.66,True,0.0
reinforced,3,220,mode_0,0.9795015419444013,0.12838844114539757,2.7921035744197833,2.5,1,mode_0,0.66,True,0.0
reinforced,3,240,mode_0,0.9795678538974165,0.12804018054219227,2.7519184311131677,2.5,1,mode_0,0.66,True,0.0
reinforced,4,0,mixed_0_2_3,0.2519595917013969,1.5880856590712087,0.0,0.0,5,mode_0;mode_1;mode_2;mode_3;mode_4,0.060000000000000005,False,0.8
reinforced,4,20,mixed_0_3,0.28591181412593303,1.551135673302217,0.637325718409692,0.16776892352833392,5,mixed_0_1_3;mixed_0_2_3;mixed_0_3_4;mode_0;mode_3,0.36,False,0.6
reinforced,4,40,mixed_0_3,0.38636873619307444,1.3539665253744677,1.158598845006118,0.34913471395712137,2,mode_0;mode_3,0.060000000000000005,False,0.8
reinforced,4,60,mode_0,0.4878019608155479,1.038990582466653,1.5849517516323346,0.5693594307683252,2,mode_0;mode_3,0.66,True,0.25
reinforced,4,80,mode_0,0.60388475030477,0.8878214393626405,1.9336687518266618,0.8115624774772912,1,mode_0,0.66,True,0.0
reinforced,4,100,mode_0,0.8355879187027295,0.5786624078318872,2.2188868055436974,1.1238435150033206,1,mode_0,0.66,True,0.0
reinforced,4,120,mode_0,0.9548966191292113,0.2440961467616389,2.452168630406839,1.5048228536878914,1,mode_0,0.66,True,0.0
reinforced,4,140,mode_0,0.9689565906073175,0.1810940546746984,2.6429714533777453,1.8452145679976735,1,mode_0,0.66,True,0.0
reinforced,4,160,mode_0,0.9742057049411522,0.1554664787359224,2.7990304059987863,2.128676566979245,1,mode_0,0.66,True,0.0
reinforced,4,180,mode_0,0.9775318603657568,0.1385981575205577,2.926672106021693,2.3631364211824653,1,mode_0,0.66,True,0.0
reinforced,4,200,mode_0,0.9791360902013695,0.13028608780873732,2.9746072104019348,2.5,1,mode_0,0.66,True,0.0
reinforced,4,220,mode_0,0.9792971178374772,0.12944634728265925,2.9014044290638057,2.5,1,mode_0,0.66,True,0.0
reinforced,4,240,mode_0,0.9794919523368961,0.1284306169345511,2.8414137913506794,2.5,1,mode_0,0.66,True,0.0
reinforced,5,0,mixed_0_4,0.28472998351811313,1.588116937654441,0.0,0.0,5,mode_0;mode_1;mode_2;mode_3;mode_4,0.060000000000000005,False,0.8
reinforced,5,20,mixed_4,0.3616729520440179,1.5367664816534035,0.637325718409692,0.19902115830558434,1,mode_4,0.060000000000000005,False,1.0
reinforced,5,40,mode_4,0.672531590552828,1.082894994316144,1.1585988450061182,0.48769503786484525,1,mode_4,0.66,True,0.0
reinforced,5,60,mode_4,0.9232920269406046,0.3769160580928604,1.5849517516323348,0.9330751229710038,1,mode_4,0.66,True,0.0
reinforced,5,80,mode_4,0.9581138059713546,0.23195299197177893,1.9336687518266613,1.3664447848790275,1,mode_4,0.66,True,0.0
reinforced,5,100,mode_4,0.9686518203154824,0.18285490908919202,2.2188868055436957,1.7323389303160892,1,mode_4,0.66,True,0.0
reinforced,5,120,mode_4,0.973951847147513,0.1568346516621291,2.452168630406838,2.036281837623486,1,mode_4,0.66,True,0.0
reinforced,5,140,mode_4,0.9772937874306504,0.1398693731046718,2.6429714533777453,2.287488292022141,1,mode_4,0.66,True,0.0
reinforced,5,160,mode_4,0.9793643844503992,0.12910944717258277,2.7990304059987854,2.4945782376886845,1,mode_4,0.66,True,0.0
reinforced,5,180,mode_4,0.9796602277733116,0.12755533907760908,2.762028542208511,2.5,1,mode_4,0.66,True,0.0
reinforced,5,200,mode_4,0.9797457057659767,0.1271054966780896,2.727231857340546,2.5,1,mode_4,0.66,True,0.0
reinforced,5,220,mode_4,0.9798832935082027,0.1263805751454561,2.698721901630227,2.5,1,mode_4,0.66,True,0.0
reinforced,5,240,mode_4,0.9798130939564936,0.12675059844968578,2.6753696933097446,2.5,1,mode_4,0.66,True,0.0
reinforced,6,0,mixed_2_4,0.3031555138618395,1.5770807790362062,0.0,0.0,5,mode_0;mode_1;mode_2;mode_3;mode_4,0.060000000000000005,False,0.8
reinforced,6,20,mode_2,0.42433227969583215,1.4753893438532801,0.6373257184096919,0.22574181728996584,1,mode_2,0.66,True,0.0
reinforced,6,40,mode_2,0.7883037237369408,0.8077003562204517,1.1585988450061182,0.5758832605533334,1,mode_2,0.66,True,0.0
reinforced,6,60,mode_2,0.9399011504070931,0.31052645328385653,1.5849517516323344,1.0413677503890737,1,mode_2,0.66,True,0.0
reinforced,6,80,mode_2,0.9619689340327772,0.21435409825790777,1.9336687518266613,1.4597332487831933,1,mode_2,0.66,True,0.0
reinforced,6,100,mode_2,0.97052103652056,0.17379197808311223,2.2188868055436957,1.8102505034772325,1,mode_2,0.66,True,0.0
reinforced,6,120,mode_2,0.9751970968282021,0.15056754453595209,2.4521686304068373,2.1008667764147995,1,mode_2,0.66,True,0.0
reinforced,6,140,mode_2,0.9779071954584753,0.13670255319411484,2.6429714533777444,2.340860651195512,1,mode_2,0.66,True,0.0
reinforced,6,160,mode_2,0.9797442805626808,0.12711302995657722,2.7604407349081583,2.5,1,mode_2,0.66,True,0.0
reinforced,6,180,mode_2,0.9796972247441457,0.12736069539635608,2.725903280256923,2.5,1,mode_2,0.66,True,0.0
reinforced,6,200,mode_2,0.9797785024482273,0.12693252062972715,2.6976257416876614,2.5,1,mode_2,0.66,True,0.0
reinforced,6,220,mode_2,0.9799320498473347,0.12612341930964233,2.674460081137971,2.5,1,mode_2,0.66,True,0.0
reinforced,6,240,mode_2,0.9798386900152392,0.1266155374939933,2.6554928086004037,2.5,1,mode_2,0.66,True,0.0
reinforced,7,0,mixed_2_3,0.3029196510120564,1.5784110748350895,0.0,0.0,5,mode_0;mode_1;mode_2;mode_3;mode_4,0.060000000000000005,False,0.8
reinforced,7,20,mixed_3,0.4096851772352972,1.4910021719993813,0.6373257184096919,0.21859307970549766,1,mode_3,0.060000000000000005,False,1.0
reinforced,7,40,mode_3,0.7641129710443304,0.8709199611509567,1.1585988450061182,0.5546394047974159,1,mode_3,0.66,True,0.0
reinforced,7,60,mode_3,0.9368852624007367,0.3229262550341883,1.5849517516323348,1.0171304181074772,1,mode_3,0.66,True,0.0
reinforced,7,80,mode_3,0.9612521205709146,0.2176573857545262,1.9336687518266618,1.4390424017519063,1,mode_3,0.66,True,0.0
reinforced,7,100,mode_3,0.9699475931192577,0.1765847511854757,2.218886805543697,1.7929436480497496,1,mode_3,0.66,True,0.0
reinforced,7,120,mode_3,0.975017889466158,0.1514737074696592,2.452168630406839,2.0865204627355207,1,mode_3,0.66,True,0.0
reinforced,7,140,mode_3,0.9777993218097134,0.13726054392484527,2.642971453377745,2.3289830946205443,1,mode_3,0.66,True,0.0
reinforced,7,160,mode_3,0.9796646843501305,0.1275316915321174,2.770263201953169,2.5,1,mode_3,0.66,True,0.0
reinforced,7,180,mode_3,0.9798234058295473,0.12669609515319888,2.7339588299750304,2.5,1,mode_3,0.66,True,0.0
reinforced,7,200,mode_3,0.9797139953470011,0.12727213922294206,2.704267662274656,2.5,1,mode_3,0.66,True,0.0
reinforced,7,220,mode_3,0.980003923277286,0.12574427704355898,2.6799124295965573,2.5,1,mode_3,0.66,True,0.0
reinforced,7,240,mode_3,0.979821128000045,0.12670813494163408,2.659974547912872,2.5,1,mode_3,0.66,True,0.0
reinforced,8,0,mixed_1_2_4,0.273713115197338,1.5832319587912513,0.0,0.0,5,mode_0;mode_1;mode_2;mode_3;mode_4,0.060000000000000005,False,0.8
reinforced,8,20,mixed_2_4,0.3270826476883762,1.5400142446875562,0.637325718409692,0.18703410585374478,2,mode_2;mode_4,0.060000000000000005,False,1.0
reinforced,8,40,mode_2,0.5409023509264063,1.2598482318794726,1.158598845006118,0.4247623921980967,1,mode_2,0.66,True,0.0
reinforced,8,60,mode_2,0.8646215004085099,0.5663313586456538,1.5849517516323346,0.8110833979629563,1,mode_2,0.66,True,0.0
reinforced,8,80,mode_2,0.9516188153671729,0.2605917182135488,1.933668751826661,1.2535457858131047,1,mode_2,0.66,True,0.0
reinforced,8,100,mode_2,0.9659351906838058,0.1957927922091552,2.218886805543696,1.6373373180811368,1,mode_2,0.66,True,0.0
reinforced,8,120,mode_2,0.972396611507311,0.16456523611984122,2.4521686304068386,1.9572998377748188,1,mode_2,0.66,True,0.0
reinforced,8,140,mode_2,0.9763512755152689,0.1446982453015401,2.6429714533777444,2.2221111062987644,1,mode_2,0.66,True,0.0
reinforced,8,160,mode_2,0.978670555032089,0.13273555889618754,2.799030405998786,2.4406351121235477,1,mode_2,0.66,True,0.0
reinforced,8,180,mode_2,0.9795835734990899,0.12795766296320762,2.8062624320907323,2.5,1,mode_2,0.66,True,0.0
reinforced,8,200,mode_2,0.979640842547416,0.1276559265064786,2.7635025344449264,2.5,1,mode_2,0.66,True,0.0
reinforced,8,220,mode_2,0.9797190062093424,0.12724502401518947,2.7284473579272817,2.5,1,mode_2,0.66,True,0.0
reinforced,8,240,mode_2,0.9798511071902352,0.12654992214577473,2.699721863380646,2.5,1,mode_2,0.66,True,0.0
reinforced,9,0,mixed_0_3_4,0.26850180939729995,1.5901380480040443,0.0,0.0,5,mode_0;mode_1;mode_2;mode_3;mode_4,0.060000000000000005,False,0.8
reinforced,9,20,mixed_0_3,0.3334491993216188,1.5480732818495317,0.637325718409692,0.1861352215193912,2,mixed_0_3;mode_3,0.060000000000000005,False,1.0
reinforced,9,40,mode_3,0.5941538886342921,1.2191341817302193,1.1585988450061182,0.44134123253251517,1,mode_3,0.66,True,0.0
reinforced,9,60,mode_3,0.9036823412097815,0.4489633619149101,1.5849517516323346,0.8636378633227415,1,mode_3,0.66,True,0.0
reinforced,9,80,mode_3,0.9543499290424221,0.24876024950744963,1.9336687518266613,1.3050916727506219,1,mode_3,0.66,True,0.0
reinforced,9,100,mode_3,0.9672906099288872,0.18937550690012092,2.2188868055436965,1.6807091930906808,1,mode_3,0.66,True,0.0
reinforced,9,120,mode_3,0.9731635306243558,0.16076872431022132,2.452168630406838,1.9933573508904274,1,mode_3,0.66,True,0.0
reinforced,9,140,mode_3,0.976970053432669,0.14153250269924447,2.642971453377744,2.251966403882102,1,mode_3,0.66,True,0.0
reinforced,9,160,mode_3,0.979128536380246,0.13034492013792245,2.799030405998785,2.465268021445722,1,mode_3,0.66,True,0.0
reinforced,9,180,mode_3,0.9795975297551167,0.12788464252803322,2.7860402101484363,2.5,1,mode_3,0.66,True,0.0
reinforced,9,200,mode_3,0.9797208695415286,0.12723574390573553,2.7469027263017707,2.5,1,mode_3,0.66,True,0.0
reinforced,9,220,mode_3,0.9798027048060581,0.12680518590329207,2.714860137660166,2.5,1,mode_3,0.66,True,0.0
reinforced,9,240,mode_3,0.9797989562624044,0.12682476261827394,2.688599770939806,2.5,1,mode_3,0.66,True,0.0
reinforced,10,0,mixed_0_1_3,0.23970940486569672,1.5988293498910453,0.0,0.0,5,mode_0;mode_1;mode_2;mode_3;mode_4,0.060000000000000005,False,0.8
reinforced,10,20,mixed_0_1,0.2777043387892311,1.5737874592896415,0.6373257184096919,0.1626598293366529,5,mixed_0_1_2;mixed_0_1_3;mixed_0_1_4;mode_0;mode_1,0.060000000000000005,False,0.8
reinforced,10,40,mixed_0_1,0.39423307694147314,1.4387895524498098,1.158598845006118,0.3418471275572942,2,mixed_0_1;mode_1,0.060000000000000005,False,1.0
reinforced,10,60,mode_1,0.6531207574387081,1.0107310511908076,1.5849517516323348,0.6125889264726468,1,mode_1,0.66,True,0.0
reinforced,10,80,mode_1,0.9083944894479133,0.42349293575818725,1.9336687518266613,1.0176771923624244,1,mode_1,0.66,True,0.0
reinforced,10,100,mode_1,0.9575935647551888,0.23411095512199429,2.2188868055436965,1.433728636609178,1,mode_1,0.66,True,0.0
reinforced,10,120,mode_1,0.9687792870151856,0.1821952239543762,2.4521686304068386,1.7874008524615201,1,mode_1,0.66,True,0.0
reinforced,10,140,mode_1,0.9739153093915989,0.15700213215027906,2.642971453377745,2.081320585670552,1,mode_1,0.66,True,0.0
reinforced,10,160,mode_1,0.9773944506054196,0.13934397966409587,2.7990304059987854,2.3242889905968034,1,mode_1,0.66,True,0.0
reinforced,10,180,mode_1,0.9793882800844271,0.12898116454767145,2.902004411601089,2.5,1,mode_1,0.66,True,0.0
reinforced,10,200,mode_1,0.9794909980847798,0.128442329982776,2.8419177188216476,2.5,1,mode_1,0.66,True,0.0
reinforced,10,220,mode_1,0.979656754997573,0.12757150404680315,2.792661955975352,2.5,1,mode_1,0.66,True,0.0
reinforced,10,240,mode_1,0.9796683338775997,0.12751152655374764,2.7523566772669166,2.5,1,mode_1,0.66,True,0.0
reinforced,11,0,mixed_0_1_2,0.30024638513131513,1.5801588312337698,0.0,0.0,5,mode_0;mode_1;mode_2;mode_3;mode_4,0.060000000000000005,False,1.0
reinforced,11,20,mixed_1,0.3995202291533385,1.502829912977142,0.637325718409692,0.21475945202569435,1,mode_1,0.060000000000000005,False,1.0
reinforced,11,40,mode_1,0.7493842751882475,0.909328420400824,1.1585988450061182,0.5403793946329188,1,mode_1,0.66,True,0.0
reinforced,11,60,mode_1,0.9356554206474053,0.32794506784646194,1.5849517516323348,1.0017192740047396,1,mode_1,0.66,True,0.0
reinforced,11,80,mode_1,0.9604147175573285,0.22149856649663602,1.9336687518266618,1.4258009617833387,1,mode_1,0.66,True,0.0
reinforced,11,100,mode_1,0.9698426112803097,0.17709534093966972,2.218886805543697,1.7819219775571356,1,mode_1,0.66,True,0.0
reinforced,11,120,mode_1,0.9748693781599446,0.15222282488428898,2.452168630406839,2.0774216345830854,1,mode_1,0.66,True,0.0
reinforced,11,140,mode_1,0.9777457426048513,0.1375381014693563,2.642971453377745,2.3214990670054734,1,mode_1,0.66,True,0.0
reinforced,11,160,mode_1,0.9796428654356879,0.1276467305008927,2.7764046683936705,2.5,1,mode_1,0.66,True,0.0
reinforced,11,180,mode_1,0.9797191369035172,0.12724542163481978,2.7390108294707427,2.5,1,mode_1,0.66,True,0.0
reinforced,11,200,mode_1,0.9797933644492781,0.1268544766698342,2.708364854537258,2.5,1,mode_1,0.66,True,0.0
reinforced,11,220,mode_1,0.9799021878987969,0.1262808831748713,2.6832608100783237,2.5,1,mode_1,0.66,True,0.0
reinforced,11,240,mode_1,0.9798682854215763,0.12645960046632893,2.662731455741876,2.5,1,mode_1,0.66,True,0.0
reinforced,12,0,mixed_0_2_3,0.22190672086014596,1.6056481941215968,0.0,0.0,5,mode_0;mode_1;mode_2;mode_3;mode_4,0.060000000000000005,False,1.0
reinforced,12,20,mixed_0_2_3,0.2406175564608293,1.6005964919570426,0.6373257184096919,0.1457867130742686,5,mixed_0_1;mode_0;mode_2;mode_3;mode_4,0.060000000000000005,False,1.0
reinforced,12,40,mixed_0_4,0.3142172216158549,1.554175347624426,1.1585988450061182,0.29466691542885776,2,mode_0;mode_4,0.060000000000000005,False,1.0
reinforced,12,60,mode_0,0.5397097342883287,1.2727167385345164,1.5849517516323346,0.5081944717393555,1,mode_0,0.66,True,0.0
reinforced,12,80,mode_0,0.85988052776945,0.582637466143308,1.933668751826661,0.8771114455891161,1,mode_0,0.66,True,0.0
reinforced,12,100,mode_0,0.9505605530410821,0.26520041768017255,2.218886805543696,1.3067042476371473,1,mode_0,0.66,True,0.0
reinforced,12,120,mode_0,0.9655872356970817,0.19743748741575515,2.4521686304068386,1.6805366309028993,1,mode_0,0.66,True,0.0
reinforced,12,140,mode_0,0.9725124421979257,0.16399284440904222,2.642971453377745,1.992532388938287,1,mode_0,0.66,True,0.0
reinforced,12,160,mode_0,0.9762403820786958,0.14526403365654744,2.7990304059987863,2.2508093616649387,1,mode_0,0.66,True,0.0
reinforced,12,180,mode_0,0.9787031741116285,0.13256578150135684,2.926672106021692,2.464033416421866,1,mode_0,0.66,True,0.0
reinforced,12,200,mode_0,0.979382554591427,0.1290133085431793,2.891626534261919,2.5,1,mode_0,0.66,True,0.0
reinforced,12,220,mode_0,0.9795584532100643,0.12809020516838854,2.8334315516131454,2.5,1,mode_0,0.66,True,0.0
reinforced,12,240,mode_0,0.9796656483122577,0.12752640341121327,2.785730082657504,2.5,1,mode_0,0.66,True,0.0
reinforced,13,0,mixed_0_2_4,0.243729089815352,1.5937028468959222,0.0,0.0,5,mode_0;mode_1;mode_2;mode_3;mode_4,0.12000000000000001,False,0.8
reinforced,13,20,mixed_0_2_4,0.274417138090013,1.566898857067509,0.6373257184096921,0.16241436158967965,5,mixed_0_1;mixed_0_3;mode_0;mode_2;mode_4,0.060000000000000005,False,0.6
reinforced,13,40,mixed_0_2_4,0.3919233957159705,1.4413991488640692,1.158598845006118,0.3430972380558317,1,mode_0,0.060000000000000005,False,1.0
reinforced,13,60,mode_0,0.6871622555098635,1.000201121872306,1.5849517516323344,0.6227476196178218,1,mode_0,0.66,True,0.0
reinforced,13,80,mode_0,0.9246896392899769,0.3698140522426699,1.9336687518266609,1.0466673496435377,1,mode_0,0.66,True,0.0
reinforced,13,100,mode_0,0.959361182592497,0.22621215874724981,2.2188868055436957,1.460248401289019,1,mode_0,0.66,True,0.0
reinforced,13,120,mode_0,0.9695277368162062,0.17860074877476703,2.4521686304068377,1.809712136276659,1,mode_0,0.66,True,0.0
reinforced,13,140,mode_0,0.9744832694133475,0.15415690041691324,2.6429714533777453,2.099908805233521,1,mode_0,0.66,True,0.0
reinforced,13,160,mode_0,0.9775927270276454,0.13832340001999852,2.7990304059987863,2.3397265276285766,1,mode_0,0.66,True,0.0
reinforced,13,180,mode_0,0.9792767519272939,0.12956656599426297,2.889271918307919,2.5,1,mode_0,0.66,True,0.0
reinforced,13,200,mode_0,0.9796312333374335,0.12770586092436548,2.8314715496995086,2.5,1,mode_0,0.66,True,0.0
reinforced,13,220,mode_0,0.979566348082347,0.1280483783224955,2.7841018080195163,2.5,1,mode_0,0.66,True,0.0
reinforced,13,240,mode_0,0.9797493229907199,0.1270856382440176,2.7453281328260175,2.5,1,mode_0,0.66,True,0.0
reinforced,14,0,mixed_0_1_2,0.22627712012165482,1.602728296755483,0.0,0.0,5,mode_0;mode_1;mode_2;mode_3;mode_4,0.060000000000000005,False,0.8
reinforced,14,20,mixed_0_1_3,0.23839544802170012,1.5942133836438663,0.637325718409692,0.14685881706258322,5,mixed_3_4;mode_0;mode_1;mode_2;mode_3,0.12000000000000001,False,0.6
reinforced,14,40,mixed_0_1_3,0.2996338456174094,1.536007072560297,1.158598845006118,0.2896332996800069,3,mode_0;mode_1;mode_3,0.060000000000000005,False,1.0
reinforced,14,60,mixed_0_1_3,0.4194649207001175,1.3811928798698756,1.5849517516323344,0.461738545606187,1,mode_3,0.060000000000000005,False,1.0
reinforced,14,80,mode_3,0.7060671777027756,0.9389814782495697,1.9336687518266613,0.7345820063375995,1,mode_3,0.66,True,0.0
reinforced,14,100,mode_3,0.9285334295636477,0.3538022421563263,2.218886805543696,1.1436629666525198,1,mode_3,0.66,True,0.0
reinforced,14,120,mode_3,0.9604939168758286,0.22100894443065322,2.4521686304068386,1.5410892952205215,1,mode_3,0.66,True,0.0
reinforced,14,140,mode_3,0.9699242760529933,0.17666272014999518,2.642971453377745,1.8762711944239299,1,mode_3,0.66,True,0.0
reinforced,14,160,mode_3,0.974666176471894,0.15323401131750441,2.7990304059987867,2.1545664400640945,1,mode_3,0.66,True,0.0
reinforced,14,180,mode_3,0.9777095508554643,0.1377197114207121,2.9266721060216954,2.384556998948389,1,mode_3,0.66,True,0.0
reinforced,14,200,mode_3,0.9792734544761158,0.1295831469688629,2.956945641998532,2.5,1,mode_3,0.66,True,0.0
reinforced,14,220,mode_3,0.9793023724093731,0.12943295231932894,2.8869526947271096,2.5,1,mode_3,0.66,True,0.0
reinforced,14,240,mode_3,0.9795819036160753,0.12796592099147472,2.8295833087306295,2.5,1,mode_3,0.66,True,0.0
reinforced,15,0,mixed_0_1_3,0.25891527849880674,1.59857095554682,0.0,0.0,5,mode_0;mode_1;mode_2;mode_3;mode_4,0.060000000000000005,False,1.0
reinforced,15,20,mixed_0_1_3,0.3078675955132248,1.5752197138546082,0.637325718409692,0.17527122732068445,4,mixed_0_1;mixed_1_3;mixed_1_4;mode_1,0.060000000000000005,False,1.0
reinforced,15,40,mode_1,0.542870030825054,1.3199617955104463,1.1585988450061182,0.4053603534182872,1,mode_1,0.66,True,0.0
reinforced,15,60,mode_1,0.881146393789312,0.528966451934139,1.5849517516323348,0.8061816511960997,1,mode_1,0.66,True,0.0
reinforced,15,80,mode_1,0.9513499042509913,0.2619568428589674,1.9336687518266615,1.2525571576366137,1,mode_1,0.66,True,0.0
reinforced,15,100,mode_1,0.9659590495626108,0.19570948138501865,2.218886805543696,1.636621968183752,1,mode_1,0.66,True,0.0
reinforced,15,120,mode_1,0.9727277176323615,0.16293565250465314,2.452168630406839,1.9568104110520892,1,mode_1,0.66,True,0.0
reinforced,15,140,mode_1,0.976424341599739,0.14432893145604675,2.642971453377744,2.2216964433336983,1,mode_1,0.66,True,0.0
reinforced,15,160,mode_1,0.9787387080958789,0.13238246007267954,2.7990304059987854,2.4402464853082133,1,mode_1,0.66,True,0.0
reinforced,15,180,mode_1,0.9796438910857808,0.12764110049274474,2.806616237885193,2.5,1,mode_1,0.66,True,0.0
reinforced,15,200,mode_1,0.9795870762746344,0.1279400490993141,2.763786827264148,2.5,1,mode_1,0.66,True,0.0
reinforced,15,220,mode_1,0.9798232521790238,0.12669701109374817,2.7287029386543034,2.5,1,mode_1,0.66,True,0.0
reinforced,15,240,mode_1,0.9798608286177831,0.12649898761391792,2.699954075500971,2.5,1,mode_1,0.66,True,0.0
reinforced,16,0,mixed_0_4,0.2674075135074589,1.591449105555936,0.0,0.0,5,mode_0;mode_1;mode_2;mode_3;mode_4,0.060000000000000005,False,0.6
reinforced,16,20,mixed_0_4,0.3296088223823304,1.5519755191311224,0.637325718409692,0.1850686378813463,2,mixed_0_4;mode_4,0.060000000000000005,False,1.0
reinforced,16,40,mode_4,0.583848617650651,1.2288652013922248,1.158598845006118,0.43591139823427255,1,mode_4,0.66,True,0.0
reinforced,16,60,mode_4,0.8957736461743186,0.4758614968182573,1.5849517516323344,0.8515898566371038,1,mode_4,0.66,True,0.0
reinforced,16,80,mode_4,0.9542191391519086,0.24931371928428564,1.9336687518266618,1.2935291615735738,1,mode_4,0.66,True,0.0
reinforced,16,100,mode_4,0.9669353056508697,0.19106561459803698,2.2188868055436965,1.6710023051918506,1,mode_4,0.66,True,0.0
reinforced,16,120,mode_4,0.9731890678300595,0.1606402903183168,2.452168630406839,1.9853821718778744,1,mode_4,0.66,True,0.0
reinforced,16,140,mode_4,0.9767423417506211,0.1427001115424036,2.642971453377746,2.2453767130364537,1,mode_4,0.66,True,0.0
reinforced,16,160,mode_4,0.9790785124991387,0.1306068619531917,2.799030405998785,2.459838604467617,1,mode_4,0.66,True,0.0
reinforced,16,180,mode_4,0.9797056147297925,0.12731555482307416,2.790475996666302,2.5,1,mode_4,0.66,True,0.0
reinforced,16,200,mode_4,0.9798335040581924,0.1266423700361046,2.7505381543674425,2.5,1,mode_4,0.66,True,0.0
reinforced,16,220,mode_4,0.9798616010175949,0.12649470835689863,2.717824196982749,2.5,1,mode_4,0.66,True,0.0
reinforced,16,240,mode_4,0.9799011273837986,0.12628656408598024,2.691013794467825,2.5,1,mode_4,0.66,True,0.0
reinforced,17,0,mixed_0_3_4,0.26504619596039053,1.5883652304487041,0.0,0.0,5,mode_0;mode_1;mode_2;mode_3;mode_4,0.060000000000000005,False,0.8
reinforced,17,20,mixed_0_3,0.31600786513389256,1.5540148422850981,0.6373257184096919,0.18017710352595923,3,mixed_3_4;mode_0;mode_3,0.060000000000000005,False,1.0
reinforced,17,40,mode_3,0.5307703996072821,1.2938437127139804,1.158598845006118,0.4114558278156372,1,mode_3,0.66,True,0.0
reinforced,17,60,mode_3,0.8686525778649508,0.5611805209242248,1.5849517516323344,0.8008805934011456,1,mode_3,0.66,True,0.0
reinforced,17,80,mode_3,0.9507006393965377,0.26466085629727176,1.9336687518266613,1.2456827484568265,1,mode_3,0.66,True,0.0
reinforced,17,100,mode_3,0.9659022952490697,0.1959545246773351,2.218886805543696,1.630766318598781,1,mode_3,0.66,True,0.0
reinforced,17,120,mode_3,0.972519492456897,0.1639599483006673,2.4521686304068395,1.9519229012233381,1,mode_3,0.66,True,0.0
reinforced,17,140,mode_3,0.9762821334558051,0.14505201515648874,2.6429714533777466,2.2176949343445767,1,mode_3,0.66,True,0.0
reinforced,17,160,mode_3,0.9788461588815683,0.13182031921451293,2.799030405998786,2.4369889609348276,1,mode_3,0.66,True,0.0
reinforced,17,180,mode_3,0.979540489339947,0.12818428297977735,2.809235008361215,2.5,1,mode_3,0.66,True,0.0
reinforced,17,200,mode_3,0.9796680796266239,0.12751346699475408,2.7659166363300933,2.5,1,mode_3,0.66,True,0.0
reinforced,17,220,mode_3,0.9798430680278066,0.12659234839451225,2.730427559523698,2.5,1,mode_3,0.66,True,0.0
reinforced,17,240,mode_3,0.9798518724055466,0.12654549304442197,2.7013722958566007,2.5,1,mode_3,0.66,True,0.0
reinforced,18,0,mixed_0_1_3,0.224740244513701,1.6018559913708978,0.0,0.0,5,mode_0;mode_1;mode_2;mode_3;mode_4,0.060000000000000005,False,0.8
reinforced,18,20,mixed_0_3_4,0.24136137725557097,1.5930242209929522,0.6373257184096919,0.14614935438101825,5,mixed_0_2_3;mode_0;mode_1;mode_3;mode_4,0.12000000000000001,False,0.6
reinforced,18,40,mixed_0_3_4,0.2906434077234197,1.5403071066603078,1.1585988450061182,0.28691962773309654,4,mixed_0_1_3;mixed_0_3_4;mode_0;mode_3,0.060000000000000005,False,1.0
reinforced,18,60,mode_0,0.4255789054307218,1.3534269459509018,1.5849517516323348,0.4615261954511264,1,mode_0,0.66,True,0.25
reinforced,18,80,mode_0,0.6767136864910419,0.9383388539746869,1.9336687518266615,0.7288716305529815,1,mode_0,0.66,True,0.0
reinforced,18,100,mode_0,0.9139406067233792,0.4021568304709831,2.2188868055436965,1.1197811164986955,1,mode_0,0.66,True,0.0
reinforced,18,120,mode_0,0.9591682425521013,0.22693350245152305,2.452168630406839,1.5188045092504479,1,mode_0,0.66,True,0.0
reinforced,18,140,mode_0,0.969477344791564,0.17880935693245018,2.642971453377745,1.857536488075865,1,mode_0,0.66,True,0.0
reinforced,18,160,mode_0,0.9745217844658597,0.15395068460728986,2.799030405998785,2.139020529966388,1,mode_0,0.66,True,0.0
reinforced,18,180,mode_0,0.977578140224856,0.13839406115609273,2.926672106021692,2.371754934396527,1,mode_0,0.66,True,0.0
reinforced,18,200,mode_0,0.9791678895769,0.13013486168445254,2.967493040843291,2.5,1,mode_0,0.66,True,0.0
reinforced,18,220,mode_0,0.9793076348239959,0.12940317733257797,2.895572707295586,2.5,1,mode_0,0.66,True,0.0
reinforced,18,240,mode_0,0.9794796985417744,0.12850264812456855,2.836667180713281,2.5,1,mode_0,0.66,True,0.0
reinforced,19,0,mixed_0_1_3,0.2548232439031133,1.5862009704237914,0.0,0.0,5,mode_0;mode_1;mode_2;mode_3;mode_4,0.060000000000000005,False,0.8
reinforced,19,20,mixed_0_1,0.28787652539261865,1.5445874895041383,0.637325718409692,0.17066848155322,4,mixed_0_1;mixed_0_1_3;mode_0;mode_1,0.36,False,0.6
reinforced,19,40,mixed_0_1,0.3841972276568423,1.3303169645327109,1.1585988450061184,0.35313029054939443,2,mode_0;mode_1,0.12000000000000001,False,0.6
reinforced,19,60,mixed_0_1,0.47647278396849946,1.0323312146152421,1.5849517516323348,0.5694773111308109,2,mode_0;mode_1,0.060000000000000005,False,1.0
reinforced,19,80,mode_1,0.5604650591824606,0.9042065248483054,1.9336687518266615,0.7957574508628933,1,mode_1,0.66,True,0.0
reinforced,19,100,mode_1,0.7556393058626572,0.7077202878305964,2.218886805543696,1.0674402875737292,1,mode_1,0.66,True,0.0
reinforced,19,120,mode_1,0.9394993522730546,0.3021782332240155,2.452168630406838,1.4289665233226747,1,mode_1,0.66,True,0.0
reinforced,19,140,mode_1,0.9666637958102885,0.19184148644696886,2.642971453377745,1.779982453461847,1,mode_1,0.66,True,0.0
reinforced,19,160,mode_1,0.9733232065590982,0.15981852553131423,2.7990304059987854,2.0744782581507644,1,mode_1,0.66,True,0.0
reinforced,19,180,mode_1,0.9768361391454554,0.14215979306252133,2.9266721060216905,2.3183454383889193,1,mode_1,0.66,True,0.0
reinforced,19,200,mode_1,0.9789804887439443,0.13108915484513836,3.0114955858708425,2.5,1,mode_1,0.66,True,0.0
reinforced,19,220,mode_1,0.9792381139776183,0.12974995148069735,2.9316110595403786,2.5,1,mode_1,0.66,True,0.0
reinforced,19,240,mode_1,0.9794857159658567,0.1284602876323782,2.866154743309385,2.5,1,mode_1,0.66,True,0.0
reinforced,20,0,mixed_0_1_2,0.25428277780724146,1.5953776910333637,0.0,0.0,5,mode_0;mode_1;mode_2;mode_3;mode_4,0.060000000000000005,False,0.6
reinforced,20,20,mixed_0_1_2,0.3003519674854943,1.5705660960181782,0.637325718409692,0.1731827676738723,4,mixed_0_1;mixed_0_2;mixed_0_4;mode_0,0.060000000000000005,False,1.0
reinforced,20,40,mode_0,0.49991501191267723,1.3672354659233326,1.158598845006118,0.38989862092989236,1,mode_0,0.66,True,0.0
reinforced,20,60,mode_0,0.8577553090792931,0.6028117101585201,1.5849517516323346,0.7672128144307283,1,mode_0,0.66,True,0.0
reinforced,20,80,mode_0,0.9490202842371718,0.2720007765307507,1.9336687518266622,1.2155033260729575,1,mode_0,0.66,True,0.0
reinforced,20,100,mode_0,0.9652077014919479,0.19924968609569366,2.2188868055436965,1.6054083084772648,1,mode_0,0.66,True,0.0
reinforced,20,120,mode_0,0.9721143919445934,0.16596808538074742,2.452168630406839,1.9307836014462305,1,mode_0,0.66,True,0.0
reinforced,20,140,mode_0,0.9762661698767972,0.1451349355206078,2.642971453377744,2.200244415062095,1,mode_0,0.66,True,0.0
reinforced,20,160,mode_0,0.9786497441683127,0.13284561421154056,2.799030405998784,2.4226083081709526,1,mode_0,0.66,True,0.0
reinforced,20,180,mode_0,0.9795306408606382,0.12823599885289058,2.8210457060522036,2.5,1,mode_0,0.66,True,0.0
reinforced,20,200,mode_0,0.9797561452501912,0.12705038910777722,2.7755771310590855,2.5,1,mode_0,0.66,True,0.0
reinforced,20,220,mode_0,0.9796790722135285,0.12745608504667014,2.738345788483928,2.5,1,mode_0,0.66,True,0.0
reinforced,20,240,mode_0,0.9797598195128696,0.12703096393128654,2.7078327240703817,2.5,1,mode_0,0.66,True,0.0
reinforced,21,0,mixed_1_2_3,0.23184303028628195,1.604258962476258,0.0,0.0,5,mode_0;mode_1;mode_2;mode_3;mode_4,0.060000000000000005,False,1.0
reinforced,21,20,mixed_1_3_4,0.2705894613417951,1.5874492642920943,0.637325718409692,0.15869140337410267,5,mixed_0_4;mixed_2_4;mode_1;mode_3;mode_4,0.060000000000000005,False,1.0
reinforced,21,40,mixed_1_4,0.3942827631677145,1.4872279371048527,1.1585988450061182,0.33739408448278296,1,mode_4,0.060000000000000005,False,1.0
reinforced,21,60,mode_4,0.7230446621009449,0.9463305560673461,1.5849517516323344,0.6326378506050796,1,mode_4,0.66,True,0.0
reinforced,21,80,mode_4,0.9320897305965274,0.34172652213211063,1.9336687518266618,1.0684197592174531,1,mode_4,0.66,True,0.0
reinforced,21,100,mode_4,0.9606875022022693,0.2202222065637355,2.218886805543696,1.4800091163159683,1,mode_4,0.66,True,0.0
reinforced,21,120,mode_4,0.969795295301098,0.1773163396705064,2.452168630406838,1.8262344995381605,1,mode_4,0.66,True,0.0
reinforced,21,140,mode_4,0.9744552813251741,0.15430462938707093,2.6429714533777444,2.1135490690127545,1,mode_4,0.66,True,0.0
reinforced,21,160,mode_4,0.9776844309497804,0.1378539391086983,2.799030405998784,2.3509842543831008,1,mode_4,0.66,True,0.0
reinforced,21,180,mode_4,0.9794226785833765,0.12880326897407943,2.8799918905292876,2.5,1,mode_4,0.66,True,0.0
reinforced,21,200,mode_4,0.979456542524309,0.128625447010939,2.82387779514948,2.5,1,mode_4,0.66,True,0.0
reinforced,21,220,mode_4,0.9796698664943034,0.12750393044161445,2.777914577678827,2.5,1,mode_4,0.66,True,0.0
reinforced,21,240,mode_4,0.9796570599859155,0.12757192268597495,2.740251788809723,2.5,1,mode_4,0.66,True,0.0
reinforced,22,0,mixed_1_3_4,0.2610462547708295,1.5951603330361326,0.0,0.0,5,mode_0;mode_1;mode_2;mode_3;mode_4,0.060000000000000005,False,1.0
reinforced,22,20,mixed_1_3_4,0.32784642008836934,1.5579918793690515,0.637325718409692,0.18342783513729044,1,mode_4,0.060000000000000005,False,1.0
reinforced,22,40,mode_4,0.5929491034506719,1.2288039546328116,1.158598845006118,0.43558333866319177,1,mode_4,0.66,True,0.0
reinforced,22,60,mode_4,0.9021495386805007,0.4552241257380597,1.5849517516323346,0.8568127643198273,1,mode_4,0.66,True,0.0
reinforced,22,80,mode_4,0.9546526684884367,0.24742597643350064,1.9336687518266615,1.2989305925099228,1,mode_4,0.66,True,0.0
reinforced,22,100,mode_4,0.9670869157700818,0.1903503458414317,2.218886805543696,1.6756312826693895,1,mode_4,0.66,True,0.0
reinforced,22,120,mode_4,0.973312300161909,0.16002801850214238,2.4521686304068386,1.9891590506586385,1,mode_4,0.66,True,0.0
reinforced,22,140,mode_4,0.976702222320346,0.1429070082571742,2.6429714533777444,2.248475757721656,1,mode_4,0.66,True,0.0
reinforced,22,160,mode_4,0.9790542733986548,0.13073361513159967,2.7990304059987836,2.4624336575547154,1,mode_4,0.66,True,0.0
reinforced,22,180,mode_4,0.9796877946001786,0.12741007925296974,2.7883441564059246,2.5,1,mode_4,0.66,True,0.0
reinforced,22,200,mode_4,0.9798020303026883,0.1268084769168928,2.7487717514088357,2.5,1,mode_4,0.66,True,0.0
reinforced,22,220,mode_4,0.9797107455408508,0.1272893280162646,2.7163658959760446,2.5,1,mode_4,0.66,True,0.0
reinforced,22,240,mode_4,0.9798846636064311,0.12637309286174628,2.6898052837289987,2.5,1,mode_4,0.66,True,0.0
reinforced,23,0,mixed_0_1_2,0.2613209807691273,1.5874347083215077,0.0,0.0,5,mode_0;mode_1;mode_2;mode_3;mode_4,0.12000000000000001,False,0.6
reinforced,23,20,mixed_0_1_2,0.31066839307927174,1.555500379685947,0.6373257184096921,0.17926637889201208,3,mixed_1_2;mode_0;mode_2,0.060000000000000005,False,1.0
reinforced,23,40,mode_2,0.525140789421051,1.3081206113786676,1.1585988450061182,0.407314331828707,1,mode_2,0.66,True,0.0
reinforced,23,60,mode_2,0.8654743296147334,0.573710061476339,1.5849517516323348,0.7923842387670613,1,mode_2,0.66,True,0.0
reinforced,23,80,mode_2,0.9508893939229301,0.26385697357126525,1.9336687518266613,1.2384354985326425,1,mode_2,0.66,True,0.0
reinforced,23,100,mode_2,0.9653465549279887,0.1985868199975429,2.2188868055436965,1.6246253111580466,1,mode_2,0.66,True,0.0
reinforced,23,120,mode_2,0.9725383652354663,0.1638675263897841,2.452168630406839,1.9467814251834175,1,mode_2,0.66,True,0.0
reinforced,23,140,mode_2,0.9764584941079334,0.14415315988927024,2.642971453377746,2.213489134132538,1,mode_2,0.66,True,0.0
reinforced,23,160,mode_2,0.9787090926882607,0.13253515508165012,2.7990304059987863,2.4335313170125437,1,mode_2,0.66,True,0.0
reinforced,23,180,mode_2,0.9795773590709798,0.12799022195801305,2.812054242724928,2.5,1,mode_2,0.66,True,0.0
reinforced,23,200,mode_2,0.9797454071632927,0.12710651361111086,2.7681792914928622,2.5,1,mode_2,0.66,True,0.0
reinforced,23,220,mode_2,0.9796872816614817,0.12741267031134815,2.7322662766569326,2.5,1,mode_2,0.66,True,0.0
reinforced,23,240,mode_2,0.9799020841495304,0.12628143081747045,2.7028460910728733,2.5,1,mode_2,0.66,True,0.0
reinforced,24,0,mixed_0_1_2,0.22945382549763285,1.603917161479838,0.0,0.0,5,mode_0;mode_1;mode_2;mode_3;mode_4,0.060000000000000005,False,0.8
reinforced,24,20,mixed_0_2,0.26066997485331966,1.5922720424876635,0.6373257184096919,0.15382327366609283,5,mixed_0_1;mixed_0_3;mixed_0_4;mode_0;mode_2,0.18,False,0.8
reinforced,24,40,mixed_0_2,0.3481281346106784,1.511944195166015,1.158598845006118,0.31637758599648164,2,mode_0;mode_2,0.060000000000000005,False,1.0
reinforced,24,60,mode_0,0.5908226045759343,1.1455923468613902,1.5849517516323346,0.5548837070129493,1,mode_0,0.66,True,0.0
reinforced,24,80,mode_0,0.8862991385124116,0.49656892905871663,1.9336687518266613,0.9423493817573053,1,mode_0,0.66,True,0.0
reinforced,24,100,mode_0,0.9545017220064029,0.24790426119463835,2.2188868055436957,1.3663144930783264,1,mode_0,0.66,True,0.0
reinforced,24,120,mode_0,0.9670775852492444,0.19036489194649614,2.4521686304068377,1.730775636457372,1,mode_0,0.66,True,0.0
reinforced,24,140,mode_0,0.9732936623432739,0.16010801555175194,2.6429714533777444,2.034282857972643,1,mode_0,0.66,True,0.0
reinforced,24,160,mode_0,0.9767144720681784,0.14283790546318745,2.7990304059987836,2.2854348053824762,1,mode_0,0.66,True,0.0
reinforced,24,180,mode_0,0.9789644711201989,0.13120135338623032,2.926672106021691,2.4926360350311354,1,mode_0,0.66,True,0.0
reinforced,24,200,mode_0,0.979351012873204,0.1291777121737024,2.8681800887456426,2.5,1,mode_0,0.66,True,0.0
reinforced,24,220,mode_0,0.9794512390772558,0.12865274282052275,2.8142001575361397,2.5,1,mode_0,0.66,True,0.0
reinforced,24,240,mode_0,0.9797070059085891,0.12730840176215216,2.7699933746972767,2.5,1,mode_0,0.66,True,0.0
reinforced,25,0,mixed_1_3_4,0.24800032492138904,1.5912667489722998,0.0,0.0,5,mode_0;mode_1;mode_2;mode_3;mode_4,0.12000000000000001,False,0.8
reinforced,25,20,mixed_1_3_4,0.2933337936037087,1.561210838665771,0.637325718409692,0.16932491735901073,5,mixed_0_3;mixed_2_3;mode_1;mode_3;mode_4,0.060000000000000005,False,1.0
reinforced,25,40,mode_3,0.4419805779859665,1.3904540819905522,1.1585988450061182,0.3692296009495458,1,mode_3,0.66,True,0.0
reinforced,25,60,mode_3,0.774752705481199,0.8060800614189931,1.5849517516323348,0.6941147065627813,1,mode_3,0.66,True,0.0
reinforced,25,80,mode_3,0.9403631823374325,0.3080056439820173,1.9336687518266618,1.1347832120507122,1,mode_3,0.66,True,0.0
reinforced,25,100,mode_3,0.962259515030612,0.21295664678473725,2.218886805543697,1.5365634821600207,1,mode_3,0.66,True,0.0
reinforced,25,120,mode_3,0.9708756691933164,0.17204146789966632,2.452168630406839,1.87332465545858,1,mode_3,0.66,True,0.0
reinforced,25,140,mode_3,0.9753587123643569,0.14974138714041021,2.6429714533777444,2.1526263240291796,1,mode_3,0.66,True,0.0
reinforced,25,160,mode_3,0.9780616768111743,0.13589879129640367,2.799030405998786,2.383245747461699,1,mode_3,0.66,True,0.0
reinforced,25,180,mode_3,0.9794953155885663,0.12842012368555897,2.8534189606278177,2.5,1,mode_3,0.66,True,0.0
reinforced,25,200,mode_3,0.9795941174439549,0.12790146027922583,2.802106935812274,2.5,1,mode_3,0.66,True,0.0
reinforced,25,220,mode_3,0.9796147638187152,0.12779380363357132,2.760071455385072,2.5,1,mode_3,0.66,True,0.0
reinforced,25,240,mode_3,0.97971135744156,0.12728553255313535,2.7256377046571947,2.5,1,mode_3,0.66,True,0.0
reinforced,26,0,mixed_2_4,0.27695461783915815,1.578005160095874,0.0,0.0,5,mode_0;mode_1;mode_2;mode_3;mode_4,0.12000000000000001,False,0.8
reinforced,26,20,mixed_2_4,0.362974656436365,1.5075182429023355,0.6373257184096919,0.1978604422687608,2,mixed_2_4;mode_4,0.060000000000000005,False,1.0
reinforced,26,40,mode_4,0.6211334298070706,1.117264079841663,1.158598845006118,0.4703507234140149,1,mode_4,0.66,True,0.0
reinforced,26,60,mode_4,0.9006756599618704,0.45385301884757023,1.584951751632335,0.8893784451482389,1,mode_4,0.66,True,0.0
reinforced,26,80,mode_4,0.9559335345481559,0.2416362309930154,1.9336687518266618,1.3261819441843983,1,mode_4,0.66,True,0.0
reinforced,26,100,mode_4,0.9675043439170794,0.18833431946974483,2.218886805543696,1.698419304627765,1,mode_4,0.66,True,0.0
reinforced,26,120,mode_4,0.9737120589263578,0.15802481845149371,2.4521686304068386,2.008134982551889,1,mode_4,0.66,True,0.0
reinforced,26,140,mode_4,0.976932712065408,0.1417213579724953,2.6429714533777444,2.2641552711522617,1,mode_4,0.66,True,0.0
reinforced,26,160,mode_4,0.9792184109298441,0.12987314588375576,2.799030405998785,2.4753244337101483,1,mode_4,0.66,True,0.0
reinforced,26,180,mode_4,0.9797128366721581,0.12727681420282846,2.7777781058534097,2.5,1,mode_4,0.66,True,0.0
reinforced,26,200,mode_4,0.9797812275683986,0.1269176834441519,2.740148621262799,2.5,1,mode_4,0.66,True,0.0
reinforced,26,220,mode_4,0.9797428823032195,0.12711977467451296,2.7093283461896744,2.5,1,mode_4,0.66,True,0.0
reinforced,26,240,mode_4,0.9800244825483904,0.12563513642781848,2.684090369720984,2.5,1,mode_4,0.66,True,0.0
reinforced,27,0,mixed_0_3,0.316719396256961,1.565640039581428,0.0,0.0,5,mode_0;mode_1;mode_2;mode_3;mode_4,0.12000000000000001,False,0.8
reinforced,27,20,mode_0,0.43800533306017037,1.4527388693647865,0.6373257184096919,0.23066977296143523,1,mode_0,0.66,True,0.0
reinforced,27,40,mode_0,0.7907843209611999,0.7961794750333512,1.158598845006118,0.5857310716594291,1,mode_0,0.66,True,0.0
reinforced,27,60,mode_0,0.9409702670211986,0.30603584271780915,1.5849517516323348,1.050355331830733,1,mode_0,0.66,True,0.0
reinforced,27,80,mode_0,0.9623453510334069,0.21260749891877673,1.9336687518266618,1.4674484964082517,1,mode_0,0.66,True,0.0
reinforced,27,100,mode_0,0.9707981169925626,0.1724378814135197,2.2188868055436965,1.8167916442702219,1,mode_0,0.66,True,0.0
reinforced,27,120,mode_0,0.9751658295559005,0.1507250792277431,2.4521686304068395,2.106364142923766,1,mode_0,0.66,True,0.0
reinforced,27,140,mode_0,0.9780361228507609,0.13603492683214427,2.642971453377748,2.345396811875093,1,mode_0,0.66,True,0.0
reinforced,27,160,mode_0,0.9798102267572811,0.12676520096544958,2.7567169729623235,2.5,1,mode_0,0.66,True,0.0
reinforced,27,180,mode_0,0.9798305616200242,0.1266581076157164,2.722866256975647,2.5,1,mode_0,0.66,True,0.0
reinforced,27,200,mode_0,0.9798144155825942,0.12674350400821882,2.695163461676184,2.5,1,mode_0,0.66,True,0.0
reinforced,27,220,mode_0,0.979807962497462,0.12677727537288203,2.6724558649605776,2.5,1,mode_0,0.66,True,0.0
reinforced,27,240,mode_0,0.9799473166252151,0.1260428503180536,2.653848314864417,2.5,1,mode_0,0.66,True,0.0
reinforced,28,0,mixed_1_3_4,0.25704860939013036,1.585791578578108,0.0,0.0,5,mode_0;mode_1;mode_2;mode_3;mode_4,0.060000000000000005,False,0.8
reinforced,28,20,mixed_1_3,0.29182878529496115,1.5473711641582903,0.6373257184096921,0.17058852591719265,5,mixed_0_1_3;mixed_1_2_3;mixed_1_3_4;mode_1;mode_3,0.060000000000000005,False,0.8
reinforced,28,40,mixed_1_3,0.41514111498908524,1.3501758004949043,1.158598845006118,0.36322044435073425,2,mode_1;mode_3,0.060000000000000005,False,1.0
reinforced,28,60,mode_3,0.6221005814712726,0.9792824891394377,1.5849517516323348,0.6295291781948001,1,mode_3,0.66,True,0.0
reinforced,28,80,mode_3,0.8798851819400662,0.49977130550492577,1.9336687518266618,1.0048091675831357,1,mode_3,0.66,True,0.0
reinforced,28,100,mode_3,0.9561619386683008,0.24017023544011334,2.218886805543696,1.417631345805932,1,mode_3,0.66,True,0.0
reinforced,28,120,mode_3,0.968431856855416,0.18381229872155602,2.4521686304068386,1.7736895989146804,1,mode_3,0.66,True,0.0
reinforced,28,140,mode_3,0.9739480942925088,0.15681850422543936,2.6429714533777444,2.0699453004869395,1,mode_3,0.66,True,0.0
reinforced,28,160,mode_3,0.9772712093127741,0.1399703975550264,2.7990304059987854,2.3149296770173526,1,mode_3,0.66,True,0.0
reinforced,28,180,mode_3,0.9792583117791128,0.12965831240455897,2.9097358019031017,2.5,1,mode_3,0.66,True,0.0
reinforced,28,200,mode_3,0.9795240098548298,0.12826526624346424,2.8482282890733996,2.5,1,mode_3,0.66,True,0.0
reinforced,28,220,mode_3,0.9795285897728876,0.12824405258568455,2.7978774555027677,2.5,1,mode_3,0.66,True,0.0
reinforced,28,240,mode_3,0.9795437972575849,0.1281647735889983,2.7566302979195263,2.5,1,mode_3,0.66,True,0.0
reinforced,29,0,mixed_1_3_4,0.24840929066259157,1.593424251461643,0.0,0.0,5,mode_0;mode_1;mode_2;mode_3;mode_4,0.060000000000000005,False,0.8
reinforced,29,20,mixed_1_3,0.2838874302940859,1.5645791317817859,0.637325718409692,0.1689734184580988,5,mixed_0_1_3;mixed_1_2_3;mixed_1_3_4;mode_1;mode_3,0.060000000000000005,False,0.8
reinforced,29,40,mixed_1_3,0.4139453212454526,1.3808806563634057,1.158598845006118,0.35900464326740933,2,mixed_1_3;mode_3,0.060000000000000005,False,1.0
reinforced,29,60,mode_3,0.6603886859288942,0.9530157618947015,1.5849517516323346,0.6374005975575924,1,mode_3,0.66,True,0.0
reinforced,29,80,mode_3,0.9040264841157268,0.43341706901222443,1.9336687518266613,1.033642365618798,1,mode_3,0.66,True,0.0
reinforced,29,100,mode_3,0.9584928471196971,0.22998258567032548,2.2188868055436957,1.4464928878838257,1,mode_3,0.66,True,0.0
reinforced,29,120,mode_3,0.9690192993527983,0.18101795687108185,2.452168630406838,1.7979536241013885,1,mode_3,0.66,True,0.0
reinforced,29,140,mode_3,0.9742215197246359,0.15545896274333743,2.6429714533777444,2.0900801135081353,1,mode_3,0.66,True,0.0
reinforced,29,160,mode_3,0.9774408029115325,0.13910133252056933,2.799030405998784,2.3315621703502685,1,mode_3,0.66,True,0.0
reinforced,29,180,mode_3,0.9793811897252793,0.1290167157723034,2.895994566151245,2.5,1,mode_3,0.66,True,0.0
reinforced,29,200,mode_3,0.9795797843088359,0.1279754504677651,2.8369765088009546,2.5,1,mode_3,0.66,True,0.0
reinforced,29,220,mode_3,0.979594560820659,0.1278986213760697,2.78863207351408,2.5,1,mode_3,0.66,True,0.0
reinforced,29,240,mode_3,0.9798110931132658,0.12676024611621636,2.7490187825236596,2.5,1,mode_3,0.66,True,0.0
reinforced,30,0,mixed_0_1_2,0.23789372365030972,1.594999189417988,0.0,0.0,5,mode_0;mode_1;mode_2;mode_3;mode_4,0.060000000000000005,False,0.8
reinforced,30,20,mixed_1_2_3,0.26708166906715425,1.5717298394299433,0.637325718409692,0.15888559358581195,5,mixed_0_1_3;mixed_1_3_4;mode_1;mode_2;mode_3,0.060000000000000005,False,1.0
reinforced,30,40,mixed_1_3,0.3453977334995763,1.4610525666950964,1.1585988450061182,0.32255320519540537,2,mode_1;mode_3,0.060000000000000005,False,1.0
reinforced,30,60,mode_1,0.5119540208164287,1.1538439299276553,1.5849517516323344,0.5360546843000621,1,mode_1,0.66,True,0.0
reinforced,30,80,mode_1,0.748507682188883,0.773801149484557,1.9336687518266613,0.8416019281907381,1,mode_1,0.66,True,0.0
reinforced,30,100,mode_1,0.9366223535243908,0.31910094086788127,2.2188868055436957,1.2432955320162422,1,mode_1,0.66,True,0.0
reinforced,30,120,mode_1,0.9633808736074806,0.20758028014760407,2.4521686304068386,1.6255453201347299,1,mode_1,0.66,True,0.0
reinforced,30,140,mode_1,0.9713983169938637,0.16943469105476391,2.642971453377745,1.9466069350149064,1,mode_1,0.66,True,0.0
reinforced,30,160,mode_1,0.9755815720387574,0.14859341792027408,2.799030405998785,2.212812353742729,1,mode_1,0.66,True,0.0
reinforced,30,180,mode_1,0.9782768141593943,0.13477460558026277,2.926672106021691,2.4326628078240513,1,mode_1,0.66,True,0.0
reinforced,30,200,mode_1,0.9792622131273147,0.12963662992151234,2.917385965988435,2.5,1,mode_1,0.66,True,0.0
reinforced,30,220,mode_1,0.9794793783454436,0.12850063626760594,2.854540345951704,2.5,1,mode_1,0.66,True,0.0
reinforced,30,240,mode_1,0.9795422158925464,0.1281726197430996,2.8030213087548823,2.5,1,mode_1,0.66,True,0.0
reinforced,31,0,mixed_0_2_4,0.24999204048920295,1.6003007908230251,0.0,0.0,5,mode_0;mode_1;mode_2;mode_3;mode_4,0.060000000000000005,False,0.8
reinforced,31,20,mixed_2_4,0.30528268393783314,1.5752839846975932,0.6373257184096919,0.173822649595308,3,mixed_0_4;mode_2;mode_4,0.060000000000000005,False,1.0
reinforced,31,40,mode_4,0.5202476932690421,1.348830314298247,1.1585988450061182,0.39810853120629897,1,mode_4,0.66,True,0.0
reinforced,31,60,mode_4,0.8709375222871768,0.5618196140266344,1.5849517516323348,0.789757531480517,1,mode_4,0.66,True,0.0
reinforced,31,80,mode_4,0.9500689011115973,0.26750622895582843,1.9336687518266615,1.237034130644344,1,mode_4,0.66,True,0.0
reinforced,31,100,mode_4,0.9657083035675007,0.19689156159625434,2.218886805543696,1.6234882678361773,1,mode_4,0.66,True,0.0
reinforced,31,120,mode_4,0.9722918392204477,0.1650927993331731,2.4521686304068386,1.9458441333247247,1,mode_4,0.66,True,0.0
reinforced,31,140,mode_4,0.9760883109947244,0.1460427132680951,2.6429714533777435,2.212633737128605,1,mode_4,0.66,True,0.0
reinforced,31,160,mode_4,0.9786304065837076,0.13294698933999488,2.7990304059987845,2.4327982096783303,1,mode_4,0.66,True,0.0
reinforced,31,180,mode_4,0.9795218338175793,0.12828292690274565,2.8126969569792357,2.5,1,mode_4,0.66,True,0.0
reinforced,31,200,mode_4,0.9797498589506966,0.12708356393976272,2.768730094078714,2.5,1,mode_4,0.66,True,0.0
reinforced,31,220,mode_4,0.9796797916713431,0.12745242047415362,2.732725856979805,2.5,1,mode_4,0.66,True,0.0
reinforced,31,240,mode_4,0.9798106671230062,0.1267633501570974,2.7032446062716993,2.5,1,mode_4,0.66,True,0.0
no_reinforcement,0,0,mixed_0_1_4,0.22931739151489158,1.6022277591618699,0.0,0.0,5,mode_0;mode_1;mode_2;mode_3;mode_4,0.12000000000000001,False,0.8
no_reinforcement,0,20,mixed_0_1_4,0.22935995574657522,1.601862171065958,0.0,0.0,5,mode_0;mode_1;mode_2;mode_3;mode_4,0.12000000000000001,False,1.0
no_reinforcement,0,40,mixed_0_1_4,0.23320263740428374,1.6003339686630593,0.0,0.0,5,mode_0;mode_1;mode_2;mode_3;mode_4,0.12000000000000001,False,1.0
no_reinforcement,0,60,mixed_0_1_4,0.23397332158729794,1.5998295860779512,0.0,0.0,5,mode_0;mode_1;mode_2;mode_3;mode_4,0.12000000000000001,False,0.8
no_reinforcement,0,80,mixed_0_1_4,0.2371307646366576,1.6006779877066137,0.0,0.0,5,mode_0;mode_1;mode_2;mode_3;mode_4,0.12000000000000001,False,1.0
no_reinforcement,0,100,mixed_0_1_4,0.2491219502165725,1.597484638060979,0.0,0.0,5,mode_0;mode_1;mode_2;mode_3;mode_4,0.12000000000000001,False,1.0
no_reinforcement,0,120,mixed_0_1_4,0.2500609699444774,1.5983642472798998,0.0,0.0,5,mode_0;mode_1;mode_2;mode_3;mode_4,0.12000000000000001,False,1.0
no_reinforcement,0,140,mixed_0_1_4,0.25095084771266124,1.5975561626873858,0.0,0.0,5,mode_0;mode_1;mode_2;mode_3;mode_4,0.12000000000000001,False,1.0
no_reinforcement,0,160,mixed_0_1_4,0.25795055215492585,1.5946827144998434,0.0,0.0,5,mode_0;mode_1;mode_2;mode_3;mode_4,0.060000000000000005,False,0.6
no_reinforcement,0,180,mixed_0_1_4,0.2615788836788827,1.5950657629277165,0.0,0.0,5,mode_0;mode_1;mode_2;mode_3;mode_4,0.060000000000000005,False,0.6
no_reinforcement,0,200,mixed_0_1_4,0.2638840159104586,1.5920175270998782,0.0,0.0,5,mode_0;mode_1;mode_2;mode_3;mode_4,0.060000000000000005,False,0.6
no_reinforcement,0,220,mixed_0_1_4,0.26556282658391234,1.5911290781903114,0.0,0.0,5,mode_0;mode_1;mode_2;mode_3;mode_4,0.060000000000000005,False,0.8
no_reinforcement,0,240,mixed_0_1_4,0.2746683009345736,1.5872277323690902,0.0,0.0,5,mode_0;mode_1;mode_2;mode_3;mode_4,0.060000000000000005,False,0.8
no_reinforcement,1,0,mixed_0_2_4,0.23819032407102983,1.591509345365008,0.0,0.0,5,mode_0;mode_1;mode_2;mode_3;mode_4,0.12000000000000001,False,0.8
no_reinforcement,1,20,mixed_0_2_4,0.24341094193813004,1.5873068644184891,0.0,0.0,5,mode_0;mode_1;mode_2;mode_3;mode_4,0.12000000000000001,False,0.6
no_reinforcement,1,40,mixed_0_2_4,0.2537920241688495,1.5850163271578421,0.0,0.0,5,mode_0;mode_1;mode_2;mode_3;mode_4,0.12000000000000001,False,0.6
no_reinforcement,1,60,mixed_0_2_4,0.26238899197385324,1.5799281126111486,0.0,0.0,5,mode_0;mode_1;mode_2;mode_3;mode_4,0.12000000000000001,False,0.8
no_reinforcement,1,80,mixed_0_2_4,0.25387682158062413,1.5810537658142074,0.0,0.0,5,mode_0;mode_1;mode_2;mode_3;mode_4,0.12000000000000001,False,0.6
no_reinforcement,1,100,mixed_0_2_4,0.2555000298854879,1.582792194766714,0.0,0.0,5,mode_0;mode_1;mode_2;mode_3;mode_4,0.12000000000000001,False,0.8
no_reinforcement,1,120,mixed_0_2_4,0.25482210491085705,1.5843137936884713,0.0,0.0,5,mode_0;mode_1;mode_2;mode_3;mode_4,0.12000000000000001,False,0.6
no_reinforcement,1,140,mixed_0_2_4,0.26418438957896534,1.5810205906404127,0.0,0.0,5,mode_0;mode_1;mode_2;mode_3;mode_4,0.12000000000000001,False,0.8
no_reinforcement,1,160,mixed_0_2_4,0.26582049485940834,1.5808135885950332,0.0,0.0,5,mode_0;mode_1;mode_2;mode_3;mode_4,0.12000000000000001,False,0.8
no_reinforcement,1,180,mixed_0_2_4,0.27657757844620234,1.577251678170702,0.0,0.0,5,mode_0;mode_1;mode_2;mode_3;mode_4,0.12000000000000001,False,0.8
no_reinforcement,1,200,mixed_0_2_4,0.2747984850927882,1.579321323733811,0.0,0.0,5,mode_0;mode_1;mode_2;mode_3;mode_4,0.12000000000000001,False,0.8
no_reinforcement,1,220,mixed_0_2_4,0.27891086079034616,1.576889526416664,0.0,0.0,5,mode_0;mode_1;mode_2;mode_3;mode_4,0.12000000000000001,False,0.8
no_reinforcement,1,240,mixed_0_2_4,0.2680633753387676,1.577886953060897,0.0,0.0,5,mode_0;mode_1;mode_2;mode_3;mode_4,0.12000000000000001,False,0.8
no_reinforcement,2,0,mixed_0_2_4,0.2958678360056122,1.5779860018486558,0.0,0.0,5,mode_0;mode_1;mode_2;mode_3;mode_4,0.060000000000000005,False,0.8
no_reinforcement,2,20,mixed_0_2,0.3225699823083516,1.5600379096205756,0.0,0.0,5,mode_0;mode_1;mode_2;mode_3;mode_4,0.12000000000000001,False,0.8
no_reinforcement,2,40,mixed_0_2,0.3477069068970834,1.5423728931988792,0.0,0.0,5,mode_0;mode_1;mode_2;mode_3;mode_4,0.060000000000000005,False,0.8
no_reinforcement,2,60,mixed_0_2,0.36493049435832353,1.528978815807895,0.0,0.0,5,mode_0;mode_1;mode_2;mode_3;mode_4,0.060000000000000005,False,0.8
no_reinforcement,2,80,mixed_0_2,0.38644885296811043,1.511879742567253,0.0,0.0,5,mode_0;mode_1;mode_2;mode_3;mode_4,0.060000000000000005,False,0.8
no_reinforcement,2,100,mixed_0_2,0.4077337070018606,1.4911267502726688,0.0,0.0,5,mode_0;mode_1;mode_2;mode_3;mode_4,0.060000000000000005,False,1.0
no_reinforcement,2,120,mode_2,0.4263986955238602,1.4741182112538571,0.0,0.0,5,mixed_1_2;mode_0;mode_2;mode_3;mode_4,0.18,False,1.0
no_reinforcement,2,140,mode_2,0.4351526546603776,1.4632918513444908,0.0,0.0,5,mixed_1_2;mode_0;mode_2;mode_3;mode_4,0.18,False,0.75
no_reinforcement,2,160,mode_2,0.44520548409479627,1.4527931160836618,0.0,0.0,5,mixed_1_2;mode_0;mode_2;mode_3;mode_4,0.18,False,0.75
no_reinforcement,2,180,mode_2,0.4571723667378321,1.4395370156839848,0.0,0.0,5,mixed_1_2;mixed_2_3;mode_0;mode_2;mode_4,0.24000000000000002,False,1.0
no_reinforcement,2,200,mode_2,0.4667085674872432,1.4285953107219536,0.0,0.0,5,mixed_1_2;mixed_2_3;mixed_2_4;mode_0;mode_2,0.24000000000000002,False,1.0
no_reinforcement,2,220,mode_2,0.47925679466597915,1.4128588434409985,0.0,0.0,5,mixed_1_2;mixed_2_3;mixed_2_4;mode_0;mode_2,0.24000000000000002,False,0.75
no_reinforcement,2,240,mode_2,0.48807052948815505,1.401110454998714,0.0,0.0,5,mixed_1_2;mixed_2_3;mixed_2_4;mode_0;mode_2,0.24000000000000002,False,0.75
no_reinforcement,3,0,mixed_0_1_3,0.24335670400008658,1.5922968630160637,0.0,0.0,5,mode_0;mode_1;mode_2;mode_3;mode_4,0.12000000000000001,False,0.6
no_reinforcement,3,20,mixed_0_1_3,0.24635864283054265,1.589812576724655,0.0,0.0,5,mode_0;mode_1;mode_2;mode_3;mode_4,0.12000000000000001,False,0.6
no_reinforcement,3,40,mixed_0_1_3,0.2561954405477152,1.5863206279531172,0.0,0.0,5,mode_0;mode_1;mode_2;mode_3;mode_4,0.12000000000000001,False,0.6
no_reinforcement,3,60,mixed_0_1_3,0.2618358032017248,1.58639246881308,0.0,0.0,5,mode_0;mode_1;mode_2;mode_3;mode_4,0.12000000000000001,False,0.6
no_reinforcement,3,80,mixed_0_1_3,0.2666148611153606,1.5822964353573314,0.0,0.0,5,mode_0;mode_1;mode_2;mode_3;mode_4,0.12000000000000001,False,0.6
no_reinforcement,3,100,mixed_0_1_3,0.2790581925605667,1.5780969209611713,0.0,0.0,5,mode_0;mode_1;mode_2;mode_3;mode_4,0.12000000000000001,False,0.8
no_reinforcement,3,120,mixed_0_1_3,0.28371010544573727,1.576016819382045,0.0,0.0,5,mode_0;mode_1;mode_2;mode_3;mode_4,0.12000000000000001,False,0.8
no_reinforcement,3,140,mixed_0_1_3,0.2936753452534795,1.5724127143888311,0.0,0.0,5,mode_0;mode_1;mode_2;mode_3;mode_4,0.12000000000000001,False,1.0
no_reinforcement,3,160,mixed_0_1_3,0.30574927262316304,1.568309242881879,0.0,0.0,5,mode_0;mode_1;mode_2;mode_3;mode_4,0.12000000000000001,False,1.0
no_reinforcement,3,180,mixed_0_1_3,0.31996309481806195,1.5592567143819793,0.0,0.0,5,mode_0;mode_1;mode_2;mode_3;mode_4,0.060000000000000005,False,0.6
no_reinforcement,3,200,mixed_0_1_3,0.3294863001781273,1.5524674158922283,0.0,0.0,5,mode_0;mode_1;mode_2;mode_3;mode_4,0.060000000000000005,False,0.8
no_reinforcement,3,220,mixed_0_1_3,0.3252935781774022,1.5558715405912968,0.0,0.0,5,mode_0;mode_1;mode_2;mode_3;mode_4,0.060000000000000005,False,0.8
no_reinforcement,3,240,mixed_0_1_3,0.32248160466834186,1.5591840854011063,0.0,0.0,5,mode_0;mode_1;mode_2;mode_3;mode_4,0.060000000000000005,False,0.8
no_reinforcement,4,0,mixed_0_2_3,0.2519595917013969,1.5880856590712087,0.0,0.0,5,mode_0;mode_1;mode_2;mode_3;mode_4,0.060000000000000005,False,0.8
no_reinforcement,4,20,mixed_0_3,0.25732362739805137,1.5837840411770117,0.0,0.0,5,mode_0;mode_1;mode_2;mode_3;mode_4,0.12000000000000001,False,0.6
no_reinforcement,4,40,mixed_0_3,0.26446902781326753,1.5809600635525136,0.0,0.0,5,mode_0;mode_1;mode_2;mode_3;mode_4,0.12000000000000001,False,0.6
no_reinforcement,4,60,mixed_0_3,0.26934847536716106,1.572679228425916,0.0,0.0,5,mode_0;mode_1;mode_2;mode_3;mode_4,0.12000000000000001,False,0.6
no_reinforcement,4,80,mixed_0_3,0.2717253626323651,1.5714527539164769,0.0,0.0,5,mode_0;mode_1;mode_2;mode_3;mode_4,0.12000000000000001,False,0.6
no_reinforcement,4,100,mixed_0_3,0.27652570656258296,1.5658852812994102,0.0,0.0,5,mode_0;mode_1;mode_2;mode_3;mode_4,0.12000000000000001,False,0.6
no_reinforcement,4,120,mixed_0_3,0.2849451151819129,1.5623312388092399,0.0,0.0,5,mode_0;mode_1;mode_2;mode_3;mode_4,0.12000000000000001,False,0.6
no_reinforcement,4,140,mixed_0_3,0.2982915068459915,1.5514585374872734,0.0,0.0,5,mode_0;mode_1;mode_2;mode_3;mode_4,0.12000000000000001,False,0.8
no_reinforcement,4,160,mixed_0_3,0.297184613644957,1.5511404971278895,0.0,0.0,5,mode_0;mode_1;mode_2;mode_3;mode_4,0.12000000000000001,False,0.8
no_reinforcement,4,180,mixed_0_3,0.2985545695556952,1.5447696997199578,0.0,0.0,5,mode_0;mode_1;mode_2;mode_3;mode_4,0.12000000000000001,False,0.6
no_reinforcement,4,200,mixed_0_3,0.29173629845362425,1.5473952259592167,0.0,0.0,5,mode_0;mode_1;mode_2;mode_3;mode_4,0.12000000000000001,False,0.6
no_reinforcement,4,220,mixed_0_3,0.29144695398918624,1.5433538557187705,0.0,0.0,5,mode_0;mode_1;mode_2;mode_3;mode_4,0.12000000000000001,False,0.6
no_reinforcement,4,240,mixed_0_3,0.29766820917369713,1.5405634372528603,0.0,0.0,5,mode_0;mode_1;mode_2;mode_3;mode_4,0.12000000000000001,False,0.6
no_reinforcement,5,0,mixed_0_4,0.28472998351811313,1.588116937654441,0.0,0.0,5,mode_0;mode_1;mode_2;mode_3;mode_4,0.060000000000000005,False,0.8
no_reinforcement,5,20,mixed_0_1_4,0.2936391442489904,1.5830412028832155,0.0,0.0,5,mode_0;mode_1;mode_2;mode_3;mode_4,0.060000000000000005,False,1.0
no_reinforcement,5,40,mixed_0_1_4,0.3015739885523753,1.5782186036777808,0.0,0.0,5,mode_0;mode_1;mode_2;mode_3;mode_4,0.060000000000000005,False,1.0
no_reinforcement,5,60,mixed_0_4,0.31592354014660873,1.570257875847467,0.0,0.0,5,mode_0;mode_1;mode_2;mode_3;mode_4,0.060000000000000005,False,0.8
no_reinforcement,5,80,mixed_4,0.33419500763192195,1.558563053977781,0.0,0.0,5,mode_0;mode_1;mode_2;mode_3;mode_4,0.060000000000000005,False,0.8
no_reinforcement,5,100,mixed_4,0.35489736177135245,1.5431409557921094,0.0,0.0,5,mode_0;mode_1;mode_2;mode_3;mode_4,0.060000000000000005,False,0.8
no_reinforcement,5,120,mixed_4,0.3720976898461408,1.5297285383884844,0.0,0.0,5,mode_0;mode_1;mode_2;mode_3;mode_4,0.060000000000000005,False,0.6
no_reinforcement,5,140,mixed_4,0.3928898971941894,1.5108742989963244,0.0,0.0,5,mode_0;mode_1;mode_2;mode_3;mode_4,0.12000000000000001,False,1.0
no_reinforcement,5,160,mixed_4,0.4098704124665126,1.494289377662537,0.0,0.0,5,mode_0;mode_1;mode_2;mode_3;mode_4,0.060000000000000005,False,1.0
no_reinforcement,5,180,mixed_4,0.41031729725673743,1.4934913934529472,0.0,0.0,5,mode_0;mode_1;mode_2;mode_3;mode_4,0.060000000000000005,False,1.0
no_reinforcement,5,200,mode_4,0.4255922813638394,1.4776951304299009,0.0,0.0,5,mode_0;mode_1;mode_2;mode_3;mode_4,0.12000000000000001,False,0.75
no_reinforcement,5,220,mode_4,0.44291890484900726,1.4586714448566975,0.0,0.0,5,mode_0;mode_1;mode_2;mode_3;mode_4,0.18,False,1.0
no_reinforcement,5,240,mode_4,0.4549542878494172,1.4442630096022657,0.0,0.0,5,mixed_2_4;mode_0;mode_1;mode_3;mode_4,0.18,False,1.0
no_reinforcement,6,0,mixed_2_4,0.3031555138618395,1.5770807790362062,0.0,0.0,5,mode_0;mode_1;mode_2;mode_3;mode_4,0.060000000000000005,False,0.8
no_reinforcement,6,20,mixed_2_4,0.3292621074860047,1.560942954260589,0.0,0.0,5,mode_0;mode_1;mode_2;mode_3;mode_4,0.060000000000000005,False,0.8
no_reinforcement,6,40,mixed_2,0.36129773906744966,1.537691314539293,0.0,0.0,5,mode_0;mode_1;mode_2;mode_3;mode_4,0.060000000000000005,False,0.6
no_reinforcement,6,60,mixed_2,0.3854261694378824,1.5167789234399902,0.0,0.0,5,mode_0;mode_1;mode_2;mode_3;mode_4,0.060000000000000005,False,1.0
no_reinforcement,6,80,mixed_2,0.4014175013365646,1.5017193576986738,0.0,0.0,5,mode_0;mode_1;mode_2;mode_3;mode_4,0.060000000000000005,False,1.0
no_reinforcement,6,100,mixed_2,0.41038288855124994,1.4925323670763184,0.0,0.0,5,mode_0;mode_1;mode_2;mode_3;mode_4,0.060000000000000005,False,1.0
no_reinforcement,6,120,mode_2,0.4212617829165286,1.4812572808227682,0.0,0.0,5,mixed_2_3;mode_0;mode_1;mode_2;mode_4,0.18,False,1.0
no_reinforcement,6,140,mode_2,0.4379263662324168,1.463003354940696,0.0,0.0,5,mixed_2_3;mode_0;mode_1;mode_2;mode_4,0.18,False,0.75
no_reinforcement,6,160,mode_2,0.45612213606487517,1.4423884636545807,0.0,0.0,5,mixed_2_3;mode_0;mode_1;mode_2;mode_4,0.24000000000000002,False,1.0
no_reinforcement,6,180,mode_2,0.4725251133618586,1.4222937240135998,0.0,0.0,5,mixed_0_2;mixed_2_3;mode_1;mode_2;mode_4,0.24000000000000002,False,1.0
no_reinforcement,6,200,mode_2,0.4819801989324319,1.4094683698131116,0.0,0.0,5,mixed_0_2;mixed_1_2;mixed_2_3;mode_2;mode_4,0.24000000000000002,False,0.75
no_reinforcement,6,220,mode_2,0.49181746476854865,1.3965498295688763,0.0,0.0,5,mixed_0_2;mixed_1_2;mixed_2_3;mixed_2_4;mode_2,0.24000000000000002,False,0.75
no_reinforcement,6,240,mode_2,0.49335078060342286,1.3944904406119414,0.0,0.0,5,mixed_0_2;mixed_1_2;mixed_2_3;mixed_2_4;mode_2,0.24000000000000002,False,0.75
no_reinforcement,7,0,mixed_2_3,0.3029196510120564,1.5784110748350895,0.0,0.0,5,mode_0;mode_1;mode_2;mode_3;mode_4,0.060000000000000005,False,0.8
no_reinforcement,7,20,mixed_2_3,0.3215931089211962,1.5657464915063666,0.0,0.0,5,mode_0;mode_1;mode_2;mode_3;mode_4,0.060000000000000005,False,0.8
no_reinforcement,7,40,mixed_2_3,0.3458475065240835,1.5493319017763152,0.0,0.0,5,mode_0;mode_1;mode_2;mode_3;mode_4,0.060000000000000005,False,0.8
no_reinforcement,7,60,mixed_3,0.364083881224049,1.5355763684969264,0.0,0.0,5,mode_0;mode_1;mode_2;mode_3;mode_4,0.060000000000000005,False,0.6
no_reinforcement,7,80,mixed_3,0.38361306219934826,1.518908979494539,0.0,0.0,5,mode_0;mode_1;mode_2;mode_3;mode_4,0.060000000000000005,False,0.6
no_reinforcement,7,100,mixed_3,0.38725142822331937,1.5155690207591634,0.0,0.0,5,mode_0;mode_1;mode_2;mode_3;mode_4,0.060000000000000005,False,0.6
no_reinforcement,7,120,mixed_3,0.4020684505853209,1.5017649284108114,0.0,0.0,5,mode_0;mode_1;mode_2;mode_3;mode_4,0.060000000000000005,False,1.0
no_reinforcement,7,140,mixed_3,0.41373553485945513,1.4895088502259863,0.0,0.0,5,mode_0;mode_1;mode_2;mode_3;mode_4,0.060000000000000005,False,1.0
no_reinforcement,7,160,mode_3,0.42186693024395017,1.4809720680828218,0.0,0.0,5,mode_0;mode_1;mode_2;mode_3;mode_4,0.18,False,1.0
no_reinforcement,7,180,mode_3,0.44322806411577,1.4576238490275875,0.0,0.0,5,mixed_0_3;mode_1;mode_2;mode_3;mode_4,0.18,False,1.0
no_reinforcement,7,200,mode_3,0.44126249577349974,1.4595507350723382,0.0,0.0,5,mixed_0_3;mode_1;mode_2;mode_3;mode_4,0.18,False,1.0
no_reinforcement,7,220,mode_3,0.4578032213629425,1.4407644072522943,0.0,0.0,5,mixed_0_3;mode_1;mode_2;mode_3;mode_4,0.18,False,0.75
no_reinforcement,7,240,mode_3,0.46136743436178507,1.4360175860072852,0.0,0.0,5,mixed_0_3;mode_1;mode_2;mode_3;mode_4,0.18,False,0.5
no_reinforcement,8,0,mixed_1_2_4,0.273713115197338,1.5832319587912513,0.0,0.0,5,mode_0;mode_1;mode_2;mode_3;mode_4,0.060000000000000005,False,0.8
no_reinforcement,8,20,mixed_2_4,0.2757668697212842,1.581231239274799,0.0,0.0,5,mode_0;mode_1;mode_2;mode_3;mode_4,0.12000000000000001,False,0.8
no_reinforcement,8,40,mixed_2_4,0.2737537205285129,1.583165150925701,0.0,0.0,5,mode_0;mode_1;mode_2;mode_3;mode_4,0.12000000000000001,False,0.8
no_reinforcement,8,60,mixed_2_4,0.2837359523842047,1.5743551155989801,0.0,0.0,5,mode_0;mode_1;mode_2;mode_3;mode_4,0.12000000000000001,False,0.8
no_reinforcement,8,80,mixed_2_4,0.2981078638335233,1.5641848702406922,0.0,0.0,5,mode_0;mode_1;mode_2;mode_3;mode_4,0.12000000000000001,False,0.8
no_reinforcement,8,100,mixed_2_4,0.3029147131730169,1.5571637155357605,0.0,0.0,5,mode_0;mode_1;mode_2;mode_3;mode_4,0.12000000000000001,False,0.8
no_reinforcement,8,120,mixed_2_4,0.30518453589263034,1.5557803275328008,0.0,0.0,5,mode_0;mode_1;mode_2;mode_3;mode_4,0.12000000000000001,False,0.8
no_reinforcement,8,140,mixed_2_4,0.3062622112848786,1.5539337193599048,0.0,0.0,5,mode_0;mode_1;mode_2;mode_3;mode_4,0.12000000000000001,False,0.8
no_reinforcement,8,160,mixed_2_4,0.3134477791775611,1.5454256068596484,0.0,0.0,5,mode_0;mode_1;mode_2;mode_3;mode_4,0.12000000000000001,False,0.8
no_reinforcement,8,180,mixed_2_4,0.31840802850733857,1.5439394300546736,0.0,0.0,5,mode_0;mode_1;mode_2;mode_3;mode_4,0.12000000000000001,False,0.8
no_reinforcement,8,200,mixed_2_4,0.31502309549708385,1.5436496792464347,0.0,0.0,5,mode_0;mode_1;mode_2;mode_3;mode_4,0.12000000000000001,False,0.8
no_reinforcement,8,220,mixed_2_4,0.3229993513690193,1.5391911084082919,0.0,0.0,5,mode_0;mode_1;mode_2;mode_3;mode_4,0.12000000000000001,False,0.8
no_reinforcement,8,240,mixed_2_4,0.3374259007916653,1.5347255180897634,0.0,0.0,5,mode_0;mode_1;mode_2;mode_3;mode_4,0.12000000000000001,False,0.8
no_reinforcement,9,0,mixed_0_3_4,0.26850180939729995,1.5901380480040443,0.0,0.0,5,mode_0;mode_1;mode_2;mode_3;mode_4,0.060000000000000005,False,0.8
no_reinforcement,9,20,mixed_0_3_4,0.2818963182180788,1.5833324884070614,0.0,0.0,5,mode_0;mode_1;mode_2;mode_3;mode_4,0.060000000000000005,False,0.8
no_reinforcement,9,40,mixed_0_3_4,0.2941878481391252,1.5786379413675369,0.0,0.0,5,mode_0;mode_1;mode_2;mode_3;mode_4,0.060000000000000005,False,0.8
no_reinforcement,9,60,mixed_0_3,0.322791688262886,1.5606781026678296,0.0,0.0,5,mode_0;mode_1;mode_2;mode_3;mode_4,0.060000000000000005,False,0.6
no_reinforcement,9,80,mixed_0_3,0.34512162550940306,1.547197729703197,0.0,0.0,5,mode_0;mode_1;mode_2;mode_3;mode_4,0.060000000000000005,False,0.8
no_reinforcement,9,100,mixed_0_3,0.3512467206859311,1.542006830228015,0.0,0.0,5,mode_0;mode_1;mode_2;mode_3;mode_4,0.060000000000000005,False,0.8
no_reinforcement,9,120,mixed_0_3,0.35763820879893266,1.5382033742975014,0.0,0.0,5,mode_0;mode_1;mode_2;mode_3;mode_4,0.060000000000000005,False,0.8
no_reinforcement,9,140,mixed_3,0.3711611576306895,1.527177011378756,0.0,0.0,5,mode_0;mode_1;mode_2;mode_3;mode_4,0.060000000000000005,False,0.8
no_reinforcement,9,160,mixed_3,0.3846914531292044,1.5157809653106646,0.0,0.0,5,mode_0;mode_1;mode_2;mode_3;mode_4,0.060000000000000005,False,0.6
no_reinforcement,9,180,mixed_3,0.39335923808154466,1.507068378640167,0.0,0.0,5,mode_0;mode_1;mode_2;mode_3;mode_4,0.060000000000000005,False,0.6
no_reinforcement,9,200,mixed_3,0.4078257127547812,1.4925567891496914,0.0,0.0,5,mode_0;mode_1;mode_2;mode_3;mode_4,0.060000000000000005,False,0.6
no_reinforcement,9,220,mixed_3,0.4156374084654714,1.485416426961734,0.0,0.0,5,mode_0;mode_1;mode_2;mode_3;mode_4,0.060000000000000005,False,1.0
no_reinforcement,9,240,mode_3,0.4272264045970818,1.4736070967041528,0.0,0.0,5,mixed_1_3;mode_0;mode_2;mode_3;mode_4,0.12000000000000001,False,0.75
no_reinforcement,10,0,mixed_0_1_3,0.23970940486569672,1.5988293498910453,0.0,0.0,5,mode_0;mode_1;mode_2;mode_3;mode_4,0.060000000000000005,False,0.8
no_reinforcement,10,20,mixed_0_1_3,0.2513219192773461,1.592801597115646,0.0,0.0,5,mode_0;mode_1;mode_2;mode_3;mode_4,0.060000000000000005,False,0.8
no_reinforcement,10,40,mixed_0_1_3,0.25420676812455917,1.5901684119076798,0.0,0.0,5,mode_0;mode_1;mode_2;mode_3;mode_4,0.060000000000000005,False,0.8
no_reinforcement,10,60,mixed_0_1_3,0.25320138308392137,1.588812359617276,0.0,0.0,5,mode_0;mode_1;mode_2;mode_3;mode_4,0.060000000000000005,False,0.8
no_reinforcement,10,80,mixed_0_1_3,0.25406039947000425,1.5877073430210418,0.0,0.0,5,mode_0;mode_1;mode_2;mode_3;mode_4,0.060000000000000005,False,0.8
no_reinforcement,10,100,mixed_0_1_3,0.2596661419146798,1.5864343986506684,0.0,0.0,5,mode_0;mode_1;mode_2;mode_3;mode_4,0.060000000000000005,False,0.8
no_reinforcement,10,120,mixed_0_1_3,0.27074927211677186,1.5793276905293354,0.0,0.0,5,mode_0;mode_1;mode_2;mode_3;mode_4,0.060000000000000005,False,0.8
no_reinforcement,10,140,mixed_0_1_3,0.26826372722294867,1.5768590216786156,0.0,0.0,5,mode_0;mode_1;mode_2;mode_3;mode_4,0.060000000000000005,False,0.8
no_reinforcement,10,160,mixed_0_1_3,0.2631203094450356,1.5764546313729595,0.0,0.0,5,mode_0;mode_1;mode_2;mode_3;mode_4,0.060000000000000005,False,0.8
no_reinforcement,10,180,mixed_0_1,0.2626557251567569,1.5784210741504523,0.0,0.0,5,mode_0;mode_1;mode_2;mode_3;mode_4,0.12000000000000001,False,0.6
no_reinforcement,10,200,mixed_0_1,0.26410951916339004,1.5772618015172268,0.0,0.0,5,mode_0;mode_1;mode_2;mode_3;mode_4,0.12000000000000001,False,0.6
no_reinforcement,10,220,mixed_0_1,0.277501994006705,1.5703822334137718,0.0,0.0,5,mode_0;mode_1;mode_2;mode_3;mode_4,0.12000000000000001,False,0.6
no_reinforcement,10,240,mixed_0_1,0.2770523732487155,1.571235267739632,0.0,0.0,5,mode_0;mode_1;mode_2;mode_3;mode_4,0.12000000000000001,False,0.6
no_reinforcement,11,0,mixed_0_1_2,0.30024638513131513,1.5801588312337698,0.0,0.0,5,mode_0;mode_1;mode_2;mode_3;mode_4,0.060000000000000005,False,1.0
no_reinforcement,11,20,mixed_1_2,0.3144914878075086,1.571259916485757,0.0,0.0,5,mode_0;mode_1;mode_2;mode_3;mode_4,0.060000000000000005,False,0.8
no_reinforcement,11,40,mixed_1,0.3351612680935863,1.55859123658231,0.0,0.0,5,mode_0;mode_1;mode_2;mode_3;mode_4,0.060000000000000005,False,0.8
no_reinforcement,11,60,mixed_1,0.3668021667461378,1.5341359557579985,0.0,0.0,5,mode_0;mode_1;mode_2;mode_3;mode_4,0.12000000000000001,False,1.0
no_reinforcement,11,80,mixed_1,0.37837153739708235,1.5243034900584123,0.0,0.0,5,mode_0;mode_1;mode_2;mode_3;mode_4,0.060000000000000005,False,0.6
no_reinforcement,11,100,mixed_1,0.39197557480779427,1.5118888532295374,0.0,0.0,5,mode_0;mode_1;mode_2;mode_3;mode_4,0.060000000000000005,False,1.0
no_reinforcement,11,120,mixed_1,0.41312408987012744,1.4909710294292466,0.0,0.0,5,mode_0;mode_1;mode_2;mode_3;mode_4,0.060000000000000005,False,1.0
no_reinforcement,11,140,mode_1,0.4335210417718773,1.469047967253913,0.0,0.0,5,mixed_1_4;mode_0;mode_1;mode_2;mode_3,0.18,False,0.75
no_reinforcement,11,160,mode_1,0.4471029507845838,1.4536377548872528,0.0,0.0,5,mixed_1_4;mode_0;mode_1;mode_2;mode_3,0.18,False,0.75
no_reinforcement,11,180,mode_1,0.45545866807419544,1.4435454906109666,0.0,0.0,5,mixed_1_4;mode_0;mode_1;mode_2;mode_3,0.24000000000000002,False,1.0
no_reinforcement,11,200,mode_1,0.4680975585403908,1.4278339155799642,0.0,0.0,5,mixed_1_3;mixed_1_4;mode_0;mode_1;mode_2,0.24000000000000002,False,1.0
no_reinforcement,11,220,mode_1,0.47943652574522866,1.4131729792660663,0.0,0.0,5,mixed_0_1;mixed_1_3;mixed_1_4;mode_1;mode_2,0.24000000000000002,False,0.75
no_reinforcement,11,240,mode_1,0.47459492117983243,1.41947581993678,0.0,0.0,5,mixed_1_3;mixed_1_4;mode_0;mode_1;mode_2,0.24000000000000002,False,1.0
no_reinforcement,12,0,mixed_0_2_3,0.22190672086014596,1.6056481941215968,0.0,0.0,5,mode_0;mode_1;mode_2;mode_3;mode_4,0.060000000000000005,False,1.0
no_reinforcement,12,20,mixed_0_2_3,0.22713475883229686,1.6057540434893363,0.0,0.0,5,mode_0;mode_1;mode_2;mode_3;mode_4,0.060000000000000005,False,1.0
no_reinforcement,12,40,mixed_0_2_3,0.235778593851166,1.6042344015251726,0.0,0.0,5,mode_0;mode_1;mode_2;mode_3;mode_4,0.060000000000000005,False,1.0
no_reinforcement,12,60,mixed_0_2_3,0.24890069045932828,1.6008402338339458,0.0,0.0,5,mode_0;mode_1;mode_2;mode_3;mode_4,0.060000000000000005,False,1.0
no_reinforcement,12,80,mixed_0_2_3,0.24635073761322565,1.6009515701007069,0.0,0.0,5,mode_0;mode_1;mode_2;mode_3;mode_4,0.060000000000000005,False,1.0
no_reinforcement,12,100,mixed_0_3_4,0.25531001828148747,1.5969767889952666,0.0,0.0,5,mode_0;mode_1;mode_2;mode_3;mode_4,0.060000000000000005,False,0.8
no_reinforcement,12,120,mixed_0_3_4,0.2508207261916057,1.5968869489362059,0.0,0.0,5,mode_0;mode_1;mode_2;mode_3;mode_4,0.060000000000000005,False,0.8
no_reinforcement,12,140,mixed_0_3_4,0.2524045160692779,1.5968683315175953,0.0,0.0,5,mode_0;mode_1;mode_2;mode_3;mode_4,0.060000000000000005,False,0.8
no_reinforcement,12,160,mixed_0_2_3,0.23720623117872905,1.6000968266648468,0.0,0.0,5,mode_0;mode_1;mode_2;mode_3;mode_4,0.060000000000000005,False,1.0
no_reinforcement,12,180,mixed_0_3_4,0.23815331397252418,1.5983582309674809,0.0,0.0,5,mode_0;mode_1;mode_2;mode_3;mode_4,0.060000000000000005,False,0.8
no_reinforcement,12,200,mixed_0_3_4,0.2374652645894286,1.59771649166545,0.0,0.0,5,mode_0;mode_1;mode_2;mode_3;mode_4,0.060000000000000005,False,0.8
no_reinforcement,12,220,mixed_0_3_4,0.2374202310453978,1.5985402914157139,0.0,0.0,5,mode_0;mode_1;mode_2;mode_3;mode_4,0.060000000000000005,False,0.8
no_reinforcement,12,240,mixed_0_3_4,0.24674870689851652,1.5982969725216503,0.0,0.0,5,mode_0;mode_1;mode_2;mode_3;mode_4,0.060000000000000005,False,0.8
no_reinforcement,13,0,mixed_0_2_4,0.243729089815352,1.5937028468959222,0.0,0.0,5,mode_0;mode_1;mode_2;mode_3;mode_4,0.12000000000000001,False,0.8
no_reinforcement,13,20,mixed_0_2_4,0.24904216816559632,1.588759639846702,0.0,0.0,5,mode_0;mode_1;mode_2;mode_3;mode_4,0.12000000000000001,False,0.8
no_reinforcement,13,40,mixed_0_2_4,0.25769275991139373,1.585755045325471,0.0,0.0,5,mode_0;mode_1;mode_2;mode_3;mode_4,0.12000000000000001,False,0.8
no_reinforcement,13,60,mixed_0_2_4,0.2628518663699411,1.5820869399772504,0.0,0.0,5,mode_0;mode_1;mode_2;mode_3;mode_4,0.12000000000000001,False,0.8
no_reinforcement,13,80,mixed_0_2_4,0.2680440969284468,1.5774280793278361,0.0,0.0,5,mode_0;mode_1;mode_2;mode_3;mode_4,0.12000000000000001,False,0.8
no_reinforcement,13,100,mixed_0_2_4,0.2617618876581767,1.5803025873532608,0.0,0.0,5,mode_0;mode_1;mode_2;mode_3;mode_4,0.12000000000000001,False,0.8
no_reinforcement,13,120,mixed_0_2_4,0.279324570529237,1.5730098311324725,0.0,0.0,5,mode_0;mode_1;mode_2;mode_3;mode_4,0.12000000000000001,False,0.8
no_reinforcement,13,140,mixed_0_2_4,0.2893594553782916,1.5662017847806595,0.0,0.0,5,mode_0;mode_1;mode_2;mode_3;mode_4,0.060000000000000005,False,0.8
no_reinforcement,13,160,mixed_0_2_4,0.29827144774199643,1.5581006509833766,0.0,0.0,5,mode_0;mode_1;mode_2;mode_3;mode_4,0.060000000000000005,False,0.8
no_reinforcement,13,180,mixed_0_2_4,0.2988346635951879,1.5607735217272083,0.0,0.0,5,mode_0;mode_1;mode_2;mode_3;mode_4,0.060000000000000005,False,0.8
no_reinforcement,13,200,mixed_0_2_4,0.30720565681853473,1.5525677400139604,0.0,0.0,5,mode_0;mode_1;mode_2;mode_3;mode_4,0.060000000000000005,False,0.8
no_reinforcement,13,220,mixed_0_4,0.32327047205591064,1.5493211803608533,0.0,0.0,5,mode_0;mode_1;mode_2;mode_3;mode_4,0.12000000000000001,False,0.8
no_reinforcement,13,240,mixed_0_4,0.33142797324622514,1.5453008384053817,0.0,0.0,5,mode_0;mode_1;mode_2;mode_3;mode_4,0.12000000000000001,False,0.6
no_reinforcement,14,0,mixed_0_1_2,0.22627712012165482,1.602728296755483,0.0,0.0,5,mode_0;mode_1;mode_2;mode_3;mode_4,0.060000000000000005,False,0.8
no_reinforcement,14,20,mixed_0_1_2,0.2239661054137883,1.6021424709343524,0.0,0.0,5,mode_0;mode_1;mode_2;mode_3;mode_4,0.060000000000000005,False,0.8
no_reinforcement,14,40,mixed_0_1_2,0.23307599940360282,1.5963873137496536,0.0,0.0,5,mode_0;mode_1;mode_2;mode_3;mode_4,0.060000000000000005,False,0.8
no_reinforcement,14,60,mixed_0_1_2,0.2393591009456857,1.5968244700731753,0.0,0.0,5,mode_0;mode_1;mode_2;mode_3;mode_4,0.060000000000000005,False,0.8
no_reinforcement,14,80,mixed_0_1_3,0.24869269482785586,1.5946488612983851,0.0,0.0,5,mode_0;mode_1;mode_2;mode_3;mode_4,0.12000000000000001,False,0.8
no_reinforcement,14,100,mixed_0_1_3,0.2508080971025607,1.5951485626513318,0.0,0.0,5,mode_0;mode_1;mode_2;mode_3;mode_4,0.12000000000000001,False,0.8
no_reinforcement,14,120,mixed_0_1_3,0.26051071241387935,1.5926760222966712,0.0,0.0,5,mode_0;mode_1;mode_2;mode_3;mode_4,0.12000000000000001,False,0.8
no_reinforcement,14,140,mixed_0_1_3,0.2743524515547195,1.5860192646639035,0.0,0.0,5,mode_0;mode_1;mode_2;mode_3;mode_4,0.12000000000000001,False,0.8
no_reinforcement,14,160,mixed_0_1_3,0.28081494707451304,1.584152420893468,0.0,0.0,5,mode_0;mode_1;mode_2;mode_3;mode_4,0.12000000000000001,False,1.0
no_reinforcement,14,180,mixed_0_1_3,0.2824628871164389,1.5840955583213148,0.0,0.0,5,mode_0;mode_1;mode_2;mode_3;mode_4,0.060000000000000005,False,0.6
no_reinforcement,14,200,mixed_0_1_3,0.29066247273858825,1.580906844877795,0.0,0.0,5,mode_0;mode_1;mode_2;mode_3;mode_4,0.060000000000000005,False,0.6
no_reinforcement,14,220,mixed_0_1_3,0.28962891695270204,1.5831644774415556,0.0,0.0,5,mode_0;mode_1;mode_2;mode_3;mode_4,0.060000000000000005,False,0.8
no_reinforcement,14,240,mixed_0_1_3,0.29753454322296585,1.578153055384961,0.0,0.0,5,mode_0;mode_1;mode_2;mode_3;mode_4,0.060000000000000005,False,0.8
no_reinforcement,15,0,mixed_0_1_3,0.25891527849880674,1.59857095554682,0.0,0.0,5,mode_0;mode_1;mode_2;mode_3;mode_4,0.060000000000000005,False,1.0
no_reinforcement,15,20,mixed_0_1_3,0.2655825280889913,1.5959790168242152,0.0,0.0,5,mode_0;mode_1;mode_2;mode_3;mode_4,0.060000000000000005,False,1.0
no_reinforcement,15,40,mixed_0_1_3,0.2838179216597148,1.5883939741937119,0.0,0.0,5,mode_0;mode_1;mode_2;mode_3;mode_4,0.060000000000000005,False,1.0
no_reinforcement,15,60,mixed_0_1,0.29289020078072303,1.584164932522191,0.0,0.0,5,mode_0;mode_1;mode_2;mode_3;mode_4,0.060000000000000005,False,0.8
no_reinforcement,15,80,mixed_0_1,0.3007976804184577,1.5793839630620947,0.0,0.0,5,mode_0;mode_1;mode_2;mode_3;mode_4,0.060000000000000005,False,0.8
no_reinforcement,15,100,mixed_0_1,0.3163017300690629,1.5706360050708508,0.0,0.0,5,mode_0;mode_1;mode_2;mode_3;mode_4,0.060000000000000005,False,0.8
no_reinforcement,15,120,mixed_1,0.3413240876087737,1.5532381221186085,0.0,0.0,5,mode_0;mode_1;mode_2;mode_3;mode_4,0.060000000000000005,False,0.8
no_reinforcement,15,140,mixed_1,0.3422992243270135,1.5522807542449344,0.0,0.0,5,mode_0;mode_1;mode_2;mode_3;mode_4,0.060000000000000005,False,0.8
no_reinforcement,15,160,mixed_1,0.3430927814374647,1.552518383665253,0.0,0.0,5,mode_0;mode_1;mode_2;mode_3;mode_4,0.060000000000000005,False,0.8
no_reinforcement,15,180,mixed_1,0.34285678559952926,1.552977361969962,0.0,0.0,5,mode_0;mode_1;mode_2;mode_3;mode_4,0.060000000000000005,False,1.0
no_reinforcement,15,200,mixed_1,0.3477445911790148,1.549335964947982,0.0,0.0,5,mode_0;mode_1;mode_2;mode_3;mode_4,0.060000000000000005,False,0.8
no_reinforcement,15,220,mixed_1,0.3561799280573162,1.542417743905393,0.0,0.0,5,mode_0;mode_1;mode_2;mode_3;mode_4,0.060000000000000005,False,0.8
no_reinforcement,15,240,mixed_1,0.36692556032566404,1.5337463171597059,0.0,0.0,5,mode_0;mode_1;mode_2;mode_3;mode_4,0.060000000000000005,False,0.6
no_reinforcement,16,0,mixed_0_4,0.2674075135074589,1.591449105555936,0.0,0.0,5,mode_0;mode_1;mode_2;mode_3;mode_4,0.060000000000000005,False,0.6
no_reinforcement,16,20,mixed_0_4,0.2786823836854041,1.5862335137250025,0.0,0.0,5,mode_0;mode_1;mode_2;mode_3;mode_4,0.060000000000000005,False,0.6
no_reinforcement,16,40,mixed_0_4,0.2931589491645793,1.579062204612638,0.0,0.0,5,mode_0;mode_1;mode_2;mode_3;mode_4,0.060000000000000005,False,0.6
no_reinforcement,16,60,mixed_0_4,0.3075845099911938,1.5721030186222849,0.0,0.0,5,mode_0;mode_1;mode_2;mode_3;mode_4,0.060000000000000005,False,0.6
no_reinforcement,16,80,mixed_0_4,0.3260136728121439,1.558983940137431,0.0,0.0,5,mode_0;mode_1;mode_2;mode_3;mode_4,0.12000000000000001,False,0.8
no_reinforcement,16,100,mixed_0_4,0.32950541177676534,1.5567414129495127,0.0,0.0,5,mode_0;mode_1;mode_2;mode_3;mode_4,0.12000000000000001,False,0.8
no_reinforcement,16,120,mixed_0_4,0.3531245458225439,1.5391554765043565,0.0,0.0,5,mode_0;mode_1;mode_2;mode_3;mode_4,0.060000000000000005,False,0.8
no_reinforcement,16,140,mixed_0_4,0.36321977271344813,1.5290235184937262,0.0,0.0,5,mode_0;mode_1;mode_2;mode_3;mode_4,0.060000000000000005,False,0.6
no_reinforcement,16,160,mixed_0_4,0.37877866222822615,1.5154354537819432,0.0,0.0,5,mode_0;mode_1;mode_2;mode_3;mode_4,0.060000000000000005,False,0.8
no_reinforcement,16,180,mixed_0_4,0.39389295291039395,1.5005413572740758,0.0,0.0,5,mode_0;mode_1;mode_2;mode_3;mode_4,0.060000000000000005,False,0.8
no_reinforcement,16,200,mixed_0_4,0.40598632320735467,1.4891074751146844,0.0,0.0,5,mode_0;mode_1;mode_2;mode_3;mode_4,0.060000000000000005,False,0.8
no_reinforcement,16,220,mixed_0_4,0.4170650558657764,1.4795160706116217,0.0,0.0,5,mode_0;mode_1;mode_2;mode_3;mode_4,0.060000000000000005,False,0.8
no_reinforcement,16,240,mode_4,0.4333805246632753,1.4645385669697735,0.0,0.0,5,mode_0;mode_1;mode_2;mode_3;mode_4,0.18,False,1.0
no_reinforcement,17,0,mixed_0_3_4,0.26504619596039053,1.5883652304487041,0.0,0.0,5,mode_0;mode_1;mode_2;mode_3;mode_4,0.060000000000000005,False,0.8
no_reinforcement,17,20,mixed_0_3_4,0.2713472923437658,1.586053396473823,0.0,0.0,5,mode_0;mode_1;mode_2;mode_3;mode_4,0.060000000000000005,False,0.8
no_reinforcement,17,40,mixed_0_3_4,0.2816439545293303,1.5795643087146964,0.0,0.0,5,mode_0;mode_1;mode_2;mode_3;mode_4,0.060000000000000005,False,0.8
no_reinforcement,17,60,mixed_0_3,0.30358032844936805,1.5687705769847087,0.0,0.0,5,mode_0;mode_1;mode_2;mode_3;mode_4,0.12000000000000001,False,0.8
no_reinforcement,17,80,mixed_0_3,0.3143130456373454,1.5607416827726963,0.0,0.0,5,mode_0;mode_1;mode_2;mode_3;mode_4,0.12000000000000001,False,0.8
no_reinforcement,17,100,mixed_0_3,0.32811912990179287,1.5484792057974,0.0,0.0,5,mode_0;mode_1;mode_2;mode_3;mode_4,0.12000000000000001,False,0.8
no_reinforcement,17,120,mixed_0_3,0.34680248742619424,1.5349149544983482,0.0,0.0,5,mode_0;mode_1;mode_2;mode_3;mode_4,0.12000000000000001,False,0.8
no_reinforcement,17,140,mixed_0_3,0.3550108292257533,1.5297813426079978,0.0,0.0,5,mode_0;mode_1;mode_2;mode_3;mode_4,0.12000000000000001,False,0.8
no_reinforcement,17,160,mixed_0_3,0.36935972821131335,1.5214002425669177,0.0,0.0,5,mode_0;mode_1;mode_2;mode_3;mode_4,0.060000000000000005,False,0.8
no_reinforcement,17,180,mixed_0_3,0.3834928178198282,1.5114933745608772,0.0,0.0,5,mode_0;mode_1;mode_2;mode_3;mode_4,0.060000000000000005,False,0.8
no_reinforcement,17,200,mixed_0_3,0.3919667715055337,1.5040843544288005,0.0,0.0,5,mode_0;mode_1;mode_2;mode_3;mode_4,0.060000000000000005,False,0.8
no_reinforcement,17,220,mixed_0_3,0.4033609566096423,1.4945502398138772,0.0,0.0,5,mode_0;mode_1;mode_2;mode_3;mode_4,0.060000000000000005,False,0.8
no_reinforcement,17,240,mixed_0_3,0.4069984961322755,1.4909741706554265,0.0,0.0,5,mode_0;mode_1;mode_2;mode_3;mode_4,0.060000000000000005,False,0.8
no_reinforcement,18,0,mixed_0_1_3,0.224740244513701,1.6018559913708978,0.0,0.0,5,mode_0;mode_1;mode_2;mode_3;mode_4,0.060000000000000005,False,0.8
no_reinforcement,18,20,mixed_0_1_3,0.2284078504858263,1.6018990316320971,0.0,0.0,5,mode_0;mode_1;mode_2;mode_3;mode_4,0.060000000000000005,False,0.8
no_reinforcement,18,40,mixed_0_1_3,0.22790654156850565,1.60100494327898,0.0,0.0,5,mode_0;mode_1;mode_2;mode_3;mode_4,0.060000000000000005,False,0.8
no_reinforcement,18,60,mixed_0_1_3,0.23756956663364412,1.599598491739295,0.0,0.0,5,mode_0;mode_1;mode_2;mode_3;mode_4,0.060000000000000005,False,0.8
no_reinforcement,18,80,mixed_0_1_3,0.2407842891263529,1.5978439153781192,0.0,0.0,5,mode_0;mode_1;mode_2;mode_3;mode_4,0.060000000000000005,False,0.8
no_reinforcement,18,100,mixed_0_1_3,0.23481068728724236,1.5978322341663675,0.0,0.0,5,mode_0;mode_1;mode_2;mode_3;mode_4,0.060000000000000005,False,0.8
no_reinforcement,18,120,mixed_0_1_3,0.2336176285885285,1.5993705533197027,0.0,0.0,5,mode_0;mode_1;mode_2;mode_3;mode_4,0.060000000000000005,False,0.8
no_reinforcement,18,140,mixed_0_1_3,0.2346847098680573,1.5991814774502338,0.0,0.0,5,mode_0;mode_1;mode_2;mode_3;mode_4,0.060000000000000005,False,0.8
no_reinforcement,18,160,mixed_0_1_3,0.23387676811923475,1.5988651922094257,0.0,0.0,5,mode_0;mode_1;mode_2;mode_3;mode_4,0.060000000000000005,False,0.8
no_reinforcement,18,180,mixed_0_1_3,0.24156451531091447,1.5972039006118819,0.0,0.0,5,mode_0;mode_1;mode_2;mode_3;mode_4,0.060000000000000005,False,0.8
no_reinforcement,18,200,mixed_0_3_4,0.23901672170848767,1.5980123471942826,0.0,0.0,5,mode_0;mode_1;mode_2;mode_3;mode_4,0.060000000000000005,False,0.8
no_reinforcement,18,220,mixed_0_3_4,0.2409988781744227,1.5978969716807097,0.0,0.0,5,mode_0;mode_1;mode_2;mode_3;mode_4,0.060000000000000005,False,0.8
no_reinforcement,18,240,mixed_0_3_4,0.24028737620781704,1.596439986006598,0.0,0.0,5,mode_0;mode_1;mode_2;mode_3;mode_4,0.060000000000000005,False,0.8
no_reinforcement,19,0,mixed_0_1_3,0.2548232439031133,1.5862009704237914,0.0,0.0,5,mode_0;mode_1;mode_2;mode_3;mode_4,0.060000000000000005,False,0.8
no_reinforcement,19,20,mixed_0_1_3,0.2597990547123714,1.5810068720383872,0.0,0.0,5,mode_0;mode_1;mode_2;mode_3;mode_4,0.060000000000000005,False,0.8
no_reinforcement,19,40,mixed_0_1,0.267525573900887,1.5744431460435155,0.0,0.0,5,mode_0;mode_1;mode_2;mode_3;mode_4,0.12000000000000001,False,0.8
no_reinforcement,19,60,mixed_0_1,0.2761045454876497,1.5722889511915294,0.0,0.0,5,mode_0;mode_1;mode_2;mode_3;mode_4,0.12000000000000001,False,0.8
no_reinforcement,19,80,mixed_0_1,0.2902486234335874,1.562131537190085,0.0,0.0,5,mode_0;mode_1;mode_2;mode_3;mode_4,0.12000000000000001,False,0.8
no_reinforcement,19,100,mixed_0_1,0.2996851277339327,1.5578569030892977,0.0,0.0,5,mode_0;mode_1;mode_2;mode_3;mode_4,0.12000000000000001,False,0.8
no_reinforcement,19,120,mixed_0_1,0.30333687561134853,1.5519409308029914,0.0,0.0,5,mode_0;mode_1;mode_2;mode_3;mode_4,0.12000000000000001,False,0.8
no_reinforcement,19,140,mixed_0_1,0.32244731042155433,1.5420998371120156,0.0,0.0,5,mode_0;mode_1;mode_2;mode_3;mode_4,0.12000000000000001,False,0.8
no_reinforcement,19,160,mixed_0_1,0.34046112478741775,1.5316639298389503,0.0,0.0,5,mode_0;mode_1;mode_2;mode_3;mode_4,0.12000000000000001,False,0.8
no_reinforcement,19,180,mixed_0_1,0.3560980076632163,1.52112528529665,0.0,0.0,5,mode_0;mode_1;mode_2;mode_3;mode_4,0.12000000000000001,False,0.6
no_reinforcement,19,200,mixed_0_1,0.36543123514669984,1.5143146960542726,0.0,0.0,5,mode_0;mode_1;mode_2;mode_3;mode_4,0.18,False,0.8
no_reinforcement,19,220,mixed_0_1,0.37712739581416754,1.5070019357493605,0.0,0.0,5,mode_0;mode_1;mode_2;mode_3;mode_4,0.18,False,0.8
no_reinforcement,19,240,mixed_0_1,0.3925431239375985,1.495968620458966,0.0,0.0,5,mode_0;mode_1;mode_2;mode_3;mode_4,0.060000000000000005,False,0.8
no_reinforcement,20,0,mixed_0_1_2,0.25428277780724146,1.5953776910333637,0.0,0.0,5,mode_0;mode_1;mode_2;mode_3;mode_4,0.060000000000000005,False,0.6
no_reinforcement,20,20,mixed_0_1_2,0.2616739533563658,1.592383712056693,0.0,0.0,5,mode_0;mode_1;mode_2;mode_3;mode_4,0.060000000000000005,False,0.6
no_reinforcement,20,40,mixed_0_1_2,0.27023713497108404,1.5889538759903497,0.0,0.0,5,mode_0;mode_1;mode_2;mode_3;mode_4,0.060000000000000005,False,1.0
no_reinforcement,20,60,mixed_0_1_4,0.28386990775622456,1.583219641943964,0.0,0.0,5,mode_0;mode_1;mode_2;mode_3;mode_4,0.060000000000000005,False,1.0
no_reinforcement,20,80,mixed_0_1_4,0.2994101641693224,1.5769073626966392,0.0,0.0,5,mode_0;mode_1;mode_2;mode_3;mode_4,0.060000000000000005,False,1.0
no_reinforcement,20,100,mixed_0_1_4,0.3206568209987889,1.5642587518564308,0.0,0.0,5,mode_0;mode_1;mode_2;mode_3;mode_4,0.060000000000000005,False,1.0
no_reinforcement,20,120,mixed_0_1,0.3335883212567947,1.5549060190997182,0.0,0.0,5,mode_0;mode_1;mode_2;mode_3;mode_4,0.060000000000000005,False,0.8
no_reinforcement,20,140,mixed_0_1,0.35658635753169454,1.5378664880147195,0.0,0.0,5,mode_0;mode_1;mode_2;mode_3;mode_4,0.060000000000000005,False,0.8
no_reinforcement,20,160,mixed_0_1,0.37627233710797525,1.5224937334412685,0.0,0.0,5,mode_0;mode_1;mode_2;mode_3;mode_4,0.060000000000000005,False,0.8
no_reinforcement,20,180,mixed_0,0.3917491962727928,1.5080714773650417,0.0,0.0,5,mode_0;mode_1;mode_2;mode_3;mode_4,0.060000000000000005,False,0.6
no_reinforcement,20,200,mixed_0,0.40838185575128483,1.4937629900387994,0.0,0.0,5,mode_0;mode_1;mode_2;mode_3;mode_4,0.060000000000000005,False,1.0
no_reinforcement,20,220,mixed_0,0.41558197073310965,1.4867123538632365,0.0,0.0,5,mode_0;mode_1;mode_2;mode_3;mode_4,0.060000000000000005,False,1.0
no_reinforcement,20,240,mode_0,0.42978573013042853,1.4718145488854464,0.0,0.0,5,mixed_0_3;mode_0;mode_1;mode_2;mode_4,0.12000000000000001,False,0.75
no_reinforcement,21,0,mixed_1_2_3,0.23184303028628195,1.604258962476258,0.0,0.0,5,mode_0;mode_1;mode_2;mode_3;mode_4,0.060000000000000005,False,1.0
no_reinforcement,21,20,mixed_1_3_4,0.24687748353624056,1.5991960387135271,0.0,0.0,5,mode_0;mode_1;mode_2;mode_3;mode_4,0.060000000000000005,False,0.8
no_reinforcement,21,40,mixed_1_3_4,0.24823911841190816,1.600460358296512,0.0,0.0,5,mode_0;mode_1;mode_2;mode_3;mode_4,0.060000000000000005,False,0.8
no_reinforcement,21,60,mixed_1_3_4,0.2502980588753513,1.5992528029078232,0.0,0.0,5,mode_0;mode_1;mode_2;mode_3;mode_4,0.060000000000000005,False,0.8
no_reinforcement,21,80,mixed_1_3_4,0.2655499660302559,1.5951308333423149,0.0,0.0,5,mode_0;mode_1;mode_2;mode_3;mode_4,0.060000000000000005,False,1.0
no_reinforcement,21,100,mixed_1_3_4,0.28765559876837893,1.5861738482029553,0.0,0.0,5,mode_0;mode_1;mode_2;mode_3;mode_4,0.060000000000000005,False,1.0
no_reinforcement,21,120,mixed_1_4,0.3034040268208978,1.5773623916148405,0.0,0.0,5,mode_0;mode_1;mode_2;mode_3;mode_4,0.060000000000000005,False,0.8
no_reinforcement,21,140,mixed_1_4,0.30507424087705554,1.576731185813461,0.0,0.0,5,mode_0;mode_1;mode_2;mode_3;mode_4,0.060000000000000005,False,0.8
no_reinforcement,21,160,mixed_1_4,0.31875425344095637,1.5681807279155915,0.0,0.0,5,mode_0;mode_1;mode_2;mode_3;mode_4,0.060000000000000005,False,0.8
no_reinforcement,21,180,mixed_1_4,0.3278229023000491,1.562347970416523,0.0,0.0,5,mode_0;mode_1;mode_2;mode_3;mode_4,0.060000000000000005,False,0.8
no_reinforcement,21,200,mixed_4,0.33792178908585585,1.5562537781347303,0.0,0.0,5,mode_0;mode_1;mode_2;mode_3;mode_4,0.060000000000000005,False,0.8
no_reinforcement,21,220,mixed_4,0.34979379889602774,1.5469634908586225,0.0,0.0,5,mode_0;mode_1;mode_2;mode_3;mode_4,0.060000000000000005,False,0.6
no_reinforcement,21,240,mixed_4,0.3647417801922247,1.5359804751225556,0.0,0.0,5,mode_0;mode_1;mode_2;mode_3;mode_4,0.060000000000000005,False,0.6
no_reinforcement,22,0,mixed_1_3_4,0.2610462547708295,1.5951603330361326,0.0,0.0,5,mode_0;mode_1;mode_2;mode_3;mode_4,0.060000000000000005,False,1.0
no_reinforcement,22,20,mixed_1_3_4,0.27901483234044716,1.5880418356467314,0.0,0.0,5,mode_0;mode_1;mode_2;mode_3;mode_4,0.060000000000000005,False,1.0
no_reinforcement,22,40,mixed_1_3_4,0.29815261390043113,1.5784249328609854,0.0,0.0,5,mode_0;mode_1;mode_2;mode_3;mode_4,0.060000000000000005,False,1.0
no_reinforcement,22,60,mixed_1_3_4,0.3190032139641396,1.5670213349839226,0.0,0.0,5,mode_0;mode_1;mode_2;mode_3;mode_4,0.060000000000000005,False,1.0
no_reinforcement,22,80,mixed_3_4,0.3390839276494415,1.5530317475879485,0.0,0.0,5,mode_0;mode_1;mode_2;mode_3;mode_4,0.060000000000000005,False,0.8
no_reinforcement,22,100,mixed_3_4,0.35035179069939204,1.5441222482079224,0.0,0.0,5,mode_0;mode_1;mode_2;mode_3;mode_4,0.060000000000000005,False,0.8
no_reinforcement,22,120,mixed_3_4,0.3630204977819303,1.5346155866962905,0.0,0.0,5,mode_0;mode_1;mode_2;mode_3;mode_4,0.060000000000000005,False,0.8
no_reinforcement,22,140,mixed_4,0.3675527386223206,1.5321711945460803,0.0,0.0,5,mode_0;mode_1;mode_2;mode_3;mode_4,0.060000000000000005,False,0.6
no_reinforcement,22,160,mixed_4,0.3976777762016941,1.5043854307884308,0.0,0.0,5,mode_0;mode_1;mode_2;mode_3;mode_4,0.060000000000000005,False,1.0
no_reinforcement,22,180,mixed_4,0.4155808645782325,1.4866451136886933,0.0,0.0,5,mode_0;mode_1;mode_2;mode_3;mode_4,0.060000000000000005,False,1.0
no_reinforcement,22,200,mode_4,0.4357971449082018,1.4652183540227803,0.0,0.0,5,mode_0;mode_1;mode_2;mode_3;mode_4,0.18,False,1.0
no_reinforcement,22,220,mode_4,0.4479927848196781,1.4515579008850747,0.0,0.0,5,mixed_0_4;mode_1;mode_2;mode_3;mode_4,0.18,False,0.75
no_reinforcement,22,240,mode_4,0.46718652894020885,1.4283351533105049,0.0,0.0,5,mixed_0_4;mixed_2_4;mode_1;mode_3;mode_4,0.18,False,0.5
no_reinforcement,23,0,mixed_0_1_2,0.2613209807691273,1.5874347083215077,0.0,0.0,5,mode_0;mode_1;mode_2;mode_3;mode_4,0.12000000000000001,False,0.6
no_reinforcement,23,20,mixed_0_1_2,0.26738703097358035,1.5864474297386018,0.0,0.0,5,mode_0;mode_1;mode_2;mode_3;mode_4,0.12000000000000001,False,0.6
no_reinforcement,23,40,mixed_0_1_2,0.2822314069528344,1.5799639812289854,0.0,0.0,5,mode_0;mode_1;mode_2;mode_3;mode_4,0.12000000000000001,False,1.0
no_reinforcement,23,60,mixed_0_1_2,0.29360040202341803,1.574069308979987,0.0,0.0,5,mode_0;mode_1;mode_2;mode_3;mode_4,0.060000000000000005,False,0.6
no_reinforcement,23,80,mixed_0_1_2,0.3162308418794046,1.5619414277399073,0.0,0.0,5,mode_0;mode_1;mode_2;mode_3;mode_4,0.060000000000000005,False,1.0
no_reinforcement,23,100,mixed_0_1_2,0.32140909347834995,1.5603341302029294,0.0,0.0,5,mode_0;mode_1;mode_2;mode_3;mode_4,0.060000000000000005,False,1.0
no_reinforcement,23,120,mixed_0_1_2,0.3407241157994398,1.548430083653666,0.0,0.0,5,mode_0;mode_1;mode_2;mode_3;mode_4,0.060000000000000005,False,1.0
no_reinforcement,23,140,mixed_0_2,0.3648465660586247,1.5310084454592134,0.0,0.0,5,mode_0;mode_1;mode_2;mode_3;mode_4,0.060000000000000005,False,0.8
no_reinforcement,23,160,mixed_2,0.3805456995930048,1.5170419969017965,0.0,0.0,5,mode_0;mode_1;mode_2;mode_3;mode_4,0.060000000000000005,False,1.0
no_reinforcement,23,180,mixed_2,0.4037318223290433,1.49510349461085,0.0,0.0,5,mode_0;mode_1;mode_2;mode_3;mode_4,0.060000000000000005,False,1.0
no_reinforcement,23,200,mode_2,0.4288991996928417,1.4691502840669117,0.0,0.0,5,mixed_2_3;mixed_2_4;mode_0;mode_1;mode_2,0.12000000000000001,False,0.5
no_reinforcement,23,220,mode_2,0.44052410050205204,1.4584275120444026,0.0,0.0,5,mixed_2_3;mixed_2_4;mode_0;mode_1;mode_2,0.18,False,0.5
no_reinforcement,23,240,mode_2,0.45453838161175886,1.4420326968350299,0.0,0.0,5,mixed_2_3;mixed_2_4;mode_0;mode_1;mode_2,0.18,False,0.5
no_reinforcement,24,0,mixed_0_1_2,0.22945382549763285,1.603917161479838,0.0,0.0,5,mode_0;mode_1;mode_2;mode_3;mode_4,0.060000000000000005,False,0.8
no_reinforcement,24,20,mixed_0_1_2,0.24077709850205814,1.6016948243982876,0.0,0.0,5,mode_0;mode_1;mode_2;mode_3;mode_4,0.060000000000000005,False,0.8
no_reinforcement,24,40,mixed_0_2_3,0.23682854717916604,1.6001007334172974,0.0,0.0,5,mode_0;mode_1;mode_2;mode_3;mode_4,0.060000000000000005,False,0.8
no_reinforcement,24,60,mixed_0_2,0.2375769617866485,1.5987292051198514,0.0,0.0,5,mode_0;mode_1;mode_2;mode_3;mode_4,0.060000000000000005,False,0.6
no_reinforcement,24,80,mixed_0_2,0.24790252284103914,1.5954075868516537,0.0,0.0,5,mode_0;mode_1;mode_2;mode_3;mode_4,0.060000000000000005,False,0.6
no_reinforcement,24,100,mixed_0_2,0.25368602154980063,1.5935190452087098,0.0,0.0,5,mode_0;mode_1;mode_2;mode_3;mode_4,0.060000000000000005,False,0.6
no_reinforcement,24,120,mixed_0_2,0.25374016905270425,1.5925052027459699,0.0,0.0,5,mode_0;mode_1;mode_2;mode_3;mode_4,0.060000000000000005,False,0.6
no_reinforcement,24,140,mixed_0_2,0.25193944733006607,1.5885006445420924,0.0,0.0,5,mode_0;mode_1;mode_2;mode_3;mode_4,0.060000000000000005,False,0.6
no_reinforcement,24,160,mixed_0_2,0.252578898197723,1.5872289219146378,0.0,0.0,5,mode_0;mode_1;mode_2;mode_3;mode_4,0.060000000000000005,False,0.6
no_reinforcement,24,180,mixed_0_2,0.2578401199570476,1.588323653481829,0.0,0.0,5,mode_0;mode_1;mode_2;mode_3;mode_4,0.060000000000000005,False,0.6
no_reinforcement,24,200,mixed_0_2,0.25672860171144296,1.587836290331367,0.0,0.0,5,mode_0;mode_1;mode_2;mode_3;mode_4,0.060000000000000005,False,0.6
no_reinforcement,24,220,mixed_0_2,0.2632068865189412,1.585582462289823,0.0,0.0,5,mode_0;mode_1;mode_2;mode_3;mode_4,0.060000000000000005,False,0.6
no_reinforcement,24,240,mixed_0_2,0.2669201343618729,1.5818464274354236,0.0,0.0,5,mode_0;mode_1;mode_2;mode_3;mode_4,0.060000000000000005,False,0.6
no_reinforcement,25,0,mixed_1_3_4,0.24800032492138904,1.5912667489722998,0.0,0.0,5,mode_0;mode_1;mode_2;mode_3;mode_4,0.12000000000000001,False,0.8
no_reinforcement,25,20,mixed_1_3_4,0.2618525326091928,1.587020711076962,0.0,0.0,5,mode_0;mode_1;mode_2;mode_3;mode_4,0.12000000000000001,False,0.8
no_reinforcement,25,40,mixed_1_3_4,0.2671664790385898,1.5819113218136363,0.0,0.0,5,mode_0;mode_1;mode_2;mode_3;mode_4,0.12000000000000001,False,0.8
no_reinforcement,25,60,mixed_1_3_4,0.2801142417887954,1.574181245555658,0.0,0.0,5,mode_0;mode_1;mode_2;mode_3;mode_4,0.12000000000000001,False,0.8
no_reinforcement,25,80,mixed_1_3_4,0.29839828855559836,1.5661048294323758,0.0,0.0,5,mode_0;mode_1;mode_2;mode_3;mode_4,0.12000000000000001,False,0.8
no_reinforcement,25,100,mixed_1_3_4,0.30170806826724966,1.562976170643921,0.0,0.0,5,mode_0;mode_1;mode_2;mode_3;mode_4,0.12000000000000001,False,0.8
no_reinforcement,25,120,mixed_1_3_4,0.3046765259714963,1.5613227862735664,0.0,0.0,5,mode_0;mode_1;mode_2;mode_3;mode_4,0.12000000000000001,False,1.0
no_reinforcement,25,140,mixed_1_3_4,0.3147352723678434,1.5555204130347153,0.0,0.0,5,mode_0;mode_1;mode_2;mode_3;mode_4,0.12000000000000001,False,1.0
no_reinforcement,25,160,mixed_1_3_4,0.317713205380273,1.5546444865383837,0.0,0.0,5,mode_0;mode_1;mode_2;mode_3;mode_4,0.12000000000000001,False,1.0
no_reinforcement,25,180,mixed_1_3_4,0.32828125671364417,1.5479007353417407,0.0,0.0,5,mode_0;mode_1;mode_2;mode_3;mode_4,0.12000000000000001,False,1.0
no_reinforcement,25,200,mixed_1_3_4,0.33639107970452164,1.5451826184761754,0.0,0.0,5,mode_0;mode_1;mode_2;mode_3;mode_4,0.060000000000000005,False,1.0
no_reinforcement,25,220,mixed_1_3_4,0.3464026006500877,1.5386593191998783,0.0,0.0,5,mode_0;mode_1;mode_2;mode_3;mode_4,0.060000000000000005,False,1.0
no_reinforcement,25,240,mixed_1_3_4,0.3578022775595251,1.5306383301334303,0.0,0.0,5,mode_0;mode_1;mode_2;mode_3;mode_4,0.060000000000000005,False,1.0
no_reinforcement,26,0,mixed_2_4,0.27695461783915815,1.578005160095874,0.0,0.0,5,mode_0;mode_1;mode_2;mode_3;mode_4,0.12000000000000001,False,0.8
no_reinforcement,26,20,mixed_2_4,0.30385825700761704,1.5646429850592434,0.0,0.0,5,mode_0;mode_1;mode_2;mode_3;mode_4,0.12000000000000001,False,0.8
no_reinforcement,26,40,mixed_2_4,0.314539273033938,1.5522666465496662,0.0,0.0,5,mode_0;mode_1;mode_2;mode_3;mode_4,0.12000000000000001,False,0.8
no_reinforcement,26,60,mixed_2_4,0.31456786816325666,1.549005937119108,0.0,0.0,5,mode_0;mode_1;mode_2;mode_3;mode_4,0.12000000000000001,False,0.8
no_reinforcement,26,80,mixed_2_4,0.32782395979575607,1.542293724607061,0.0,0.0,5,mode_0;mode_1;mode_2;mode_3;mode_4,0.12000000000000001,False,0.8
no_reinforcement,26,100,mixed_2_4,0.32808761660908486,1.54011787315113,0.0,0.0,5,mode_0;mode_1;mode_2;mode_3;mode_4,0.12000000000000001,False,0.8
no_reinforcement,26,120,mixed_2_4,0.3462422543742489,1.524678749410075,0.0,0.0,5,mode_0;mode_1;mode_2;mode_3;mode_4,0.12000000000000001,False,0.8
no_reinforcement,26,140,mixed_2_4,0.34047997189957085,1.5243111213411553,0.0,0.0,5,mode_0;mode_1;mode_2;mode_3;mode_4,0.12000000000000001,False,0.8
no_reinforcement,26,160,mixed_2_4,0.3492388990450672,1.5183814779116442,0.0,0.0,5,mode_0;mode_1;mode_2;mode_3;mode_4,0.12000000000000001,False,0.8
no_reinforcement,26,180,mixed_2_4,0.35789387633992237,1.5119080480051714,0.0,0.0,5,mode_0;mode_1;mode_2;mode_3;mode_4,0.12000000000000001,False,0.8
no_reinforcement,26,200,mixed_2_4,0.36217346369580605,1.5121571929107407,0.0,0.0,5,mode_0;mode_1;mode_2;mode_3;mode_4,0.12000000000000001,False,0.8
no_reinforcement,26,220,mixed_2_4,0.36297620571576183,1.5097460178992126,0.0,0.0,5,mode_0;mode_1;mode_2;mode_3;mode_4,0.12000000000000001,False,0.8
no_reinforcement,26,240,mixed_2_4,0.3639014648801247,1.506594599977842,0.0,0.0,5,mode_0;mode_1;mode_2;mode_3;mode_4,0.12000000000000001,False,0.6
no_reinforcement,27,0,mixed_0_3,0.316719396256961,1.565640039581428,0.0,0.0,5,mode_0;mode_1;mode_2;mode_3;mode_4,0.12000000000000001,False,0.8
no_reinforcement,27,20,mixed_0_3,0.33896565902614606,1.5494500296666316,0.0,0.0,5,mode_0;mode_1;mode_2;mode_3;mode_4,0.12000000000000001,False,0.8
no_reinforcement,27,40,mixed_0_3,0.3562035501924272,1.535978502719219,0.0,0.0,5,mode_0;mode_1;mode_2;mode_3;mode_4,0.060000000000000005,False,0.8
no_reinforcement,27,60,mixed_0_3,0.3809724243338653,1.5165150814892325,0.0,0.0,5,mode_0;mode_1;mode_2;mode_3;mode_4,0.060000000000000005,False,0.8
no_reinforcement,27,80,mixed_0_3,0.39983996542799655,1.4984287070432085,0.0,0.0,5,mode_0;mode_1;mode_2;mode_3;mode_4,0.060000000000000005,False,1.0
no_reinforcement,27,100,mode_0,0.42306922956547743,1.4756469149539755,0.0,0.0,5,mixed_0_1;mixed_0_4;mode_0;mode_2;mode_3,0.18,False,1.0
no_reinforcement,27,120,mode_0,0.44543443990100323,1.4516014079858452,0.0,0.0,5,mixed_0_1;mixed_0_4;mode_0;mode_2;mode_3,0.18,False,0.5
no_reinforcement,27,140,mode_0,0.4580601348004253,1.4374728020098009,0.0,0.0,5,mixed_0_1;mixed_0_4;mode_0;mode_2;mode_3,0.24000000000000002,False,1.0
no_reinforcement,27,160,mode_0,0.4676873467839784,1.4261618729574854,0.0,0.0,5,mixed_0_1;mixed_0_2;mixed_0_4;mode_0;mode_3,0.24000000000000002,False,1.0
no_reinforcement,27,180,mode_0,0.47667727776560714,1.4145198648453647,0.0,0.0,5,mixed_0_1;mixed_0_2;mixed_0_4;mode_0;mode_3,0.24000000000000002,False,0.5
no_reinforcement,27,200,mode_0,0.4746730607027237,1.4172969514558182,0.0,0.0,5,mixed_0_1;mixed_0_2;mixed_0_4;mode_0;mode_3,0.24000000000000002,False,0.5
no_reinforcement,27,220,mode_0,0.4791985420466292,1.4118613127702744,0.0,0.0,5,mixed_0_1;mixed_0_2;mixed_0_4;mode_0;mode_3,0.24000000000000002,False,0.5
no_reinforcement,27,240,mode_0,0.4874180855314698,1.4014447307770248,0.0,0.0,5,mixed_0_1;mixed_0_2;mixed_0_4;mode_0;mode_3,0.24000000000000002,False,0.5
no_reinforcement,28,0,mixed_1_3_4,0.25704860939013036,1.585791578578108,0.0,0.0,5,mode_0;mode_1;mode_2;mode_3;mode_4,0.060000000000000005,False,0.8
no_reinforcement,28,20,mixed_1_3_4,0.25992213217449,1.5811871849409465,0.0,0.0,5,mode_0;mode_1;mode_2;mode_3;mode_4,0.060000000000000005,False,0.8
no_reinforcement,28,40,mixed_1_3_4,0.2682395014170495,1.5795174506161382,0.0,0.0,5,mode_0;mode_1;mode_2;mode_3;mode_4,0.060000000000000005,False,0.8
no_reinforcement,28,60,mixed_1_3_4,0.27196409825066914,1.5797421492358614,0.0,0.0,5,mode_0;mode_1;mode_2;mode_3;mode_4,0.060000000000000005,False,0.8
no_reinforcement,28,80,mixed_1_3_4,0.2747203157275088,1.579984392467296,0.0,0.0,5,mode_0;mode_1;mode_2;mode_3;mode_4,0.060000000000000005,False,0.8
no_reinforcement,28,100,mixed_1_3_4,0.27928223152408177,1.5779409490835135,0.0,0.0,5,mode_0;mode_1;mode_2;mode_3;mode_4,0.060000000000000005,False,0.8
no_reinforcement,28,120,mixed_1_3,0.28712587691041513,1.5733179448924461,0.0,0.0,5,mode_0;mode_1;mode_2;mode_3;mode_4,0.12000000000000001,False,0.6
no_reinforcement,28,140,mixed_1_3,0.2967756014559131,1.570829801627057,0.0,0.0,5,mode_0;mode_1;mode_2;mode_3;mode_4,0.12000000000000001,False,0.8
no_reinforcement,28,160,mixed_1_3,0.3061409552496585,1.565002827421877,0.0,0.0,5,mode_0;mode_1;mode_2;mode_3;mode_4,0.12000000000000001,False,0.8
no_reinforcement,28,180,mixed_1_3_4,0.3055564942200396,1.566962995087599,0.0,0.0,5,mode_0;mode_1;mode_2;mode_3;mode_4,0.060000000000000005,False,0.8
no_reinforcement,28,200,mixed_1_3_4,0.3214458899709104,1.557464722611704,0.0,0.0,5,mode_0;mode_1;mode_2;mode_3;mode_4,0.060000000000000005,False,0.8
no_reinforcement,28,220,mixed_1_3,0.3245347834509191,1.5579539666866957,0.0,0.0,5,mode_0;mode_1;mode_2;mode_3;mode_4,0.12000000000000001,False,0.8
no_reinforcement,28,240,mixed_1_3,0.3276256225834308,1.5548404089175043,0.0,0.0,5,mode_0;mode_1;mode_2;mode_3;mode_4,0.12000000000000001,False,0.8
no_reinforcement,29,0,mixed_1_3_4,0.24840929066259157,1.593424251461643,0.0,0.0,5,mode_0;mode_1;mode_2;mode_3;mode_4,0.060000000000000005,False,0.8
no_reinforcement,29,20,mixed_1_3_4,0.2512567849583152,1.5902089024041457,0.0,0.0,5,mode_0;mode_1;mode_2;mode_3;mode_4,0.060000000000000005,False,0.8
no_reinforcement,29,40,mixed_1_3_4,0.25792582444851286,1.582789200249074,0.0,0.0,5,mode_0;mode_1;mode_2;mode_3;mode_4,0.060000000000000005,False,0.8
no_reinforcement,29,60,mixed_1_3,0.26890736473529014,1.575288633993702,0.0,0.0,5,mode_0;mode_1;mode_2;mode_3;mode_4,0.12000000000000001,False,0.6
no_reinforcement,29,80,mixed_1_3,0.2678275984955693,1.5722453097373408,0.0,0.0,5,mode_0;mode_1;mode_2;mode_3;mode_4,0.12000000000000001,False,0.6
no_reinforcement,29,100,mixed_1_3,0.2810846319244159,1.5644696746731381,0.0,0.0,5,mode_0;mode_1;mode_2;mode_3;mode_4,0.12000000000000001,False,0.8
no_reinforcement,29,120,mixed_1_3,0.27875083897532926,1.558622625837076,0.0,0.0,5,mode_0;mode_1;mode_2;mode_3;mode_4,0.12000000000000001,False,0.6
no_reinforcement,29,140,mixed_1_3,0.2827648968831514,1.5556139449817303,0.0,0.0,5,mode_0;mode_1;mode_2;mode_3;mode_4,0.12000000000000001,False,0.6
no_reinforcement,29,160,mixed_1_3,0.29355751183411716,1.5499209351728687,0.0,0.0,5,mode_0;mode_1;mode_2;mode_3;mode_4,0.12000000000000001,False,0.6
no_reinforcement,29,180,mixed_1_3,0.3024406075479096,1.543820766477649,0.0,0.0,5,mode_0;mode_1;mode_2;mode_3;mode_4,0.12000000000000001,False,0.8
no_reinforcement,29,200,mixed_1_3,0.30016434185977386,1.5430155066851037,0.0,0.0,5,mode_0;mode_1;mode_2;mode_3;mode_4,0.12000000000000001,False,0.6
no_reinforcement,29,220,mixed_1_3,0.30147413902599113,1.5409890085369815,0.0,0.0,5,mode_0;mode_1;mode_2;mode_3;mode_4,0.12000000000000001,False,0.6
no_reinforcement,29,240,mixed_1_3,0.29742412148813113,1.538516857541883,0.0,0.0,5,mode_0;mode_1;mode_2;mode_3;mode_4,0.12000000000000001,False,0.6
no_reinforcement,30,0,mixed_0_1_2,0.23789372365030972,1.594999189417988,0.0,0.0,5,mode_0;mode_1;mode_2;mode_3;mode_4,0.060000000000000005,False,0.8
no_reinforcement,30,20,mixed_0_1_2,0.24469666788644737,1.5904766381516193,0.0,0.0,5,mode_0;mode_1;mode_2;mode_3;mode_4,0.060000000000000005,False,0.8
no_reinforcement,30,40,mixed_0_1_2,0.2464490344230476,1.586913744341782,0.0,0.0,5,mode_0;mode_1;mode_2;mode_3;mode_4,0.060000000000000005,False,0.8
no_reinforcement,30,60,mixed_1_2_3,0.25034598951737563,1.5846704557658033,0.0,0.0,5,mode_0;mode_1;mode_2;mode_3;mode_4,0.060000000000000005,False,0.6
no_reinforcement,30,80,mixed_0_1_2,0.25687513575737186,1.5818603196235952,0.0,0.0,5,mode_0;mode_1;mode_2;mode_3;mode_4,0.060000000000000005,False,0.8
no_reinforcement,30,100,mixed_1_2_3,0.25760533916947337,1.5810366592899103,0.0,0.0,5,mode_0;mode_1;mode_2;mode_3;mode_4,0.060000000000000005,False,0.6
no_reinforcement,30,120,mixed_1_2_3,0.2585213232065245,1.5820957415028654,0.0,0.0,5,mode_0;mode_1;mode_2;mode_3;mode_4,0.060000000000000005,False,0.6
no_reinforcement,30,140,mixed_1_2_3,0.26377224948568595,1.5827727135750582,0.0,0.0,5,mode_0;mode_1;mode_2;mode_3;mode_4,0.060000000000000005,False,0.6
no_reinforcement,30,160,mixed_1_2_3,0.26728334601905657,1.5826845275345385,0.0,0.0,5,mode_0;mode_1;mode_2;mode_3;mode_4,0.12000000000000001,False,0.6
no_reinforcement,30,180,mixed_0_1_2,0.2702689576450217,1.5818891285772108,0.0,0.0,5,mode_0;mode_1;mode_2;mode_3;mode_4,0.060000000000000005,False,0.8
no_reinforcement,30,200,mixed_1_2_3,0.2832873940471242,1.577339682079224,0.0,0.0,5,mode_0;mode_1;mode_2;mode_3;mode_4,0.060000000000000005,False,0.6
no_reinforcement,30,220,mixed_1_2_3,0.2986967433949451,1.570470146961208,0.0,0.0,5,mode_0;mode_1;mode_2;mode_3;mode_4,0.060000000000000005,False,0.8
no_reinforcement,30,240,mixed_1_2_3,0.2959412939031874,1.5704416879961796,0.0,0.0,5,mode_0;mode_1;mode_2;mode_3;mode_4,0.060000000000000005,False,0.8
no_reinforcement,31,0,mixed_0_2_4,0.24999204048920295,1.6003007908230251,0.0,0.0,5,mode_0;mode_1;mode_2;mode_3;mode_4,0.060000000000000005,False,0.8
no_reinforcement,31,20,mixed_2_4,0.26490859653260257,1.5959176449834078,0.0,0.0,5,mode_0;mode_1;mode_2;mode_3;mode_4,0.060000000000000005,False,0.8
no_reinforcement,31,40,mixed_2_4,0.2736891222750882,1.5925710352061102,0.0,0.0,5,mode_0;mode_1;mode_2;mode_3;mode_4,0.060000000000000005,False,0.8
no_reinforcement,31,60,mixed_0_2_4,0.289017005137962,1.585552863326694,0.0,0.0,5,mode_0;mode_1;mode_2;mode_3;mode_4,0.060000000000000005,False,1.0
no_reinforcement,31,80,mixed_2_4,0.29873036498164685,1.580656168222205,0.0,0.0,5,mode_0;mode_1;mode_2;mode_3;mode_4,0.060000000000000005,False,0.8
no_reinforcement,31,100,mixed_2_4,0.3131201850877422,1.570991059951621,0.0,0.0,5,mode_0;mode_1;mode_2;mode_3;mode_4,0.060000000000000005,False,0.8
no_reinforcement,31,120,mixed_2_4,0.3277384922972175,1.5613660907101896,0.0,0.0,5,mode_0;mode_1;mode_2;mode_3;mode_4,0.060000000000000005,False,0.8
no_reinforcement,31,140,mixed_2_4,0.33126183327865594,1.5582686229986158,0.0,0.0,5,mode_0;mode_1;mode_2;mode_3;mode_4,0.060000000000000005,False,0.8
no_reinforcement,31,160,mixed_2_4,0.3428278423310268,1.5512652259243878,0.0,0.0,5,mode_0;mode_1;mode_2;mode_3;mode_4,0.060000000000000005,False,0.8
no_reinforcement,31,180,mixed_2_4,0.35412508110978613,1.5431518333633378,0.0,0.0,5,mode_0;mode_1;mode_2;mode_3;mode_4,0.060000000000000005,False,0.8
no_reinforcement,31,200,mixed_4,0.37576548689957034,1.525655034935722,0.0,0.0,5,mode_0;mode_1;mode_2;mode_3;mode_4,0.12000000000000001,False,1.0
no_reinforcement,31,220,mixed_4,0.390296549274565,1.5132124679048302,0.0,0.0,5,mode_0;mode_1;mode_2;mode_3;mode_4,0.12000000000000001,False,1.0
no_reinforcement,31,240,mixed_4,0.4025788077526771,1.5015211534615118,0.0,0.0,5,mode_0;mode_1;mode_2;mode_3;mode_4,0.060000000000000005,False,1.0
