regime,replicate,age_step,incumbent_pattern,incumbent_share,mode_entropy,total_reinforcement,incumbent_reinforcement,accessible_mode_count,accessible_modes,epsilon_star,epsilon_star_censored,switch_fraction_at_epsilon_star
reinforced,0,0,mode_1,0.43681258148181906,1.4244362360897966,0.0,0.0,3,mixed_0_1;mode_1;mode_4,0.24000000000000002,False,0.5
reinforced,0,20,mode_1,0.6432552443919689,1.1165996032580177,0.6373257184096919,0.33078209085830157,1,mode_1,0.66,True,0.0
reinforced,0,40,mode_1,0.9126568684628608,0.4162099358077285,1.1585988450061182,0.7889065565709268,1,mode_1,0.66,True,0.0
reinforced,0,60,mode_1,0.9561149655591547,0.2408947204780001,1.5849517516323346,1.245966531402032,1,mode_1,0.66,True,0.0
reinforced,0,80,mode_1,0.9682902988752861,0.18458060788803235,1.9336687518266618,1.6330794824322843,1,mode_1,0.66,True,0.0
reinforced,0,100,mode_1,0.9737758927056739,0.1577094876327281,2.2188868055436965,1.9548797669438234,1,mode_1,0.66,True,0.0
reinforced,0,120,mode_1,0.977151774660141,0.14059806722860851,2.4521686304068395,2.220748243208623,1,mode_1,0.66,True,0.0
reinforced,0,140,mode_1,0.9792937722310582,0.12947824834827754,2.642971453377746,2.4399125238316546,1,mode_1,0.66,True,0.0
reinforced,0,160,mode_1,0.9800437335220946,0.1255331885660608,2.67888232315561,2.5,1,mode_1,0.66,True,0.0
reinforced,0,180,mode_1,0.9801547890475896,0.12494604011170868,2.6590219062341323,2.5,1,mode_1,0.66,True,0.0
reinforced,0,200,mode_1,0.980071040736148,0.12538811926740243,2.642753133342512,2.5,1,mode_1,0.66,True,0.0
reinforced,0,220,mode_1,0.9801431854326523,0.12500787215014017,2.6294335552314796,2.5,1,mode_1,0.66,True,0.0
reinforced,0,240,mode_1,0.9801366848639869,0.12504180994818426,2.6184996934952363,2.5,1,mode_1,0.66,True,0.0
reinforced,1,0,mixed_0_2_4,0.4086616137794056,1.3944900638476656,0.0,0.0,3,mode_0;mode_2;mode_4,0.060000000000000005,False,1.0
reinforced,1,20,mode_2,0.5767090849747029,1.1785511381863456,0.6373257184096921,0.303865659147615,1,mode_2,0.66,True,0.0
reinforced,1,40,mode_2,0.8858481012033563,0.5040769742627595,1.1585988450061182,0.7315890729380231,1,mode_2,0.66,True,0.0
reinforced,1,60,mode_2,0.9539385975196475,0.2503764861022972,1.5849517516323346,1.1936127875616853,1,mode_2,0.66,True,0.0
reinforced,1,80,mode_2,0.9670041541711607,0.1906917782194653,1.9336687518266613,1.5892241102528653,1,mode_2,0.66,True,0.0
reinforced,1,100,mode_2,0.9732590044412488,0.16027608731477094,2.2188868055436957,1.9185097735979557,1,mode_2,0.66,True,0.0
reinforced,1,120,mode_2,0.976820547630235,0.14229011527451552,2.452168630406838,2.1907770715710586,1,mode_2,0.66,True,0.0
reinforced,1,140,mode_2,0.9792095623100225,0.12991421707094453,2.6429714533777453,2.415303253913104,1,mode_2,0.66,True,0.0
reinforced,1,160,mode_2,0.979959554745715,0.12597350048290978,2.6990294525167178,2.5,1,mode_2,0.66,True,0.0
reinforced,1,180,mode_2,0.9801914531671863,0.12474946267907915,2.675431562446076,2.5,1,mode_2,0.66,True,0.0
reinforced,1,200,mode_2,0.9801350816138998,0.1250479910474539,2.656134196205106,2.5,1,mode_2,0.66,True,0.0
reinforced,1,220,mode_2,0.980271605363988,0.12432629727921449,2.6403158433968517,2.5,1,mode_2,0.66,True,0.0
reinforced,1,240,mode_2,0.9803377085057422,0.12397553236295838,2.627399301195194,2.5,1,mode_2,0.66,True,0.0
reinforced,2,0,mode_2,0.6786051129913856,1.060463150690002,0.0,0.0,1,mode_2,0.66,True,0.0
reinforced,2,20,mode_2,0.8645653827987367,0.581288005256307,0.6373257184096919,0.4890754037794301,1,mode_2,0.66,True,0.0
reinforced,2,40,mode_2,0.948253621326308,0.27530183682037546,1.1585988450061175,0.9882552823291589,1,mode_2,0.66,True,0.0
reinforced,2,60,mode_2,0.9647705292533875,0.20130095328123104,1.5849517516323341,1.4193811361900295,1,mode_2,0.66,True,0.0
reinforced,2,80,mode_2,0.9721512598164381,0.16578195528563322,1.9336687518266613,1.7787671796585547,1,mode_2,0.66,True,0.0
reinforced,2,100,mode_2,0.9763792302608426,0.14455609149300236,2.218886805543696,2.0760756418035395,1,mode_2,0.66,True,0.0
reinforced,2,120,mode_2,0.9789969838257551,0.13103171519220547,2.45216863040684,2.3212388694849544,1,mode_2,0.66,True,0.0
reinforced,2,140,mode_2,0.9805801827180272,0.1226922460558044,2.6199236439284492,2.5,1,mode_2,0.66,True,0.0
reinforced,2,160,mode_2,0.9805801478883118,0.1226926018153072,2.610467176990097,2.5,1,mode_2,0.66,True,0.0
reinforced,2,180,mode_2,0.9806589182571969,0.12227524618346076,2.602716232494173,2.5,1,mode_2,0.66,True,0.0
reinforced,2,200,mode_2,0.9805765603281502,0.12271223831573447,2.5963642087928425,2.5,1,mode_2,0.66,True,0.0
reinforced,2,220,mode_2,0.9806525503933234,0.12230867669832099,2.59115393436052,2.5,1,mode_2,0.66,True,0.0
reinforced,2,240,mode_2,0.9807074571624362,0.12201649657225734,2.58688764264615,2.5,1,mode_2,0.66,True,0.0
reinforced,3,0,mixed_0_1,0.37995070900539557,1.4274909683676134,0.0,0.0,4,mixed_0_1_4;mode_0;mode_1;mode_3,0.060000000000000005,False,0.6
reinforced,3,20,mode_0,0.5129439876907574,1.2551201810710368,0.637325718409692,0.27527042104397137,1,mode_0,0.66,True,0.0
reinforced,3,40,mode_0,0.8278037722444165,0.6604022180747635,1.158598845006118,0.660335864197194,1,mode_0,0.66,True,0.0
reinforced,3,60,mode_0,0.9474307786009759,0.27824243105294294,1.584951751632334,1.121443939253039,1,mode_0,0.66,True,0.0
reinforced,3,80,mode_0,0.9650192026327801,0.2000633163789516,1.9336687518266602,1.5281796880191885,1,mode_0,0.66,True,0.0
reinforced,3,100,mode_0,0.9723739491182845,0.16465714152609165,2.2188868055436948,1.8676892718917775,1,mode_0,0.66,True,0.0
reinforced,3,120,mode_0,0.9761728929125669,0.1455975302693937,2.4521686304068377,2.1486835101019612,1,mode_0,0.66,True,0.0
reinforced,3,140,mode_0,0.9787332391702026,0.1324021027086852,2.642971453377743,2.380508803115474,1,mode_0,0.66,True,0.0
reinforced,3,160,mode_0,0.9799670162928223,0.12593315994066326,2.727658969340581,2.5,1,mode_0,0.66,True,0.0
reinforced,3,180,mode_0,0.9801346184666968,0.1250475875967617,2.698922598302056,2.5,1,mode_0,0.66,True,0.0
reinforced,3,200,mode_0,0.9800556398716518,0.1254661204246106,2.6753914045529923,2.5,1,mode_0,0.66,True,0.0
reinforced,3,220,mode_0,0.9800413498178877,0.12554254386962405,2.6561565271470946,2.5,1,mode_0,0.66,True,0.0
reinforced,3,240,mode_0,0.980055372201205,0.1254685729094276,2.640401347965777,2.5,1,mode_0,0.66,True,0.0
reinforced,4,0,mixed_0_3,0.4189251172788623,1.2934382141678338,0.0,0.0,3,mixed_0_3;mode_0;mode_3,0.060000000000000005,False,0.8
reinforced,4,20,mode_0,0.49475659085081175,1.1165339962331948,0.637325718409692,0.28477273451051666,1,mode_0,0.66,True,0.25
reinforced,4,40,mode_0,0.6792421218594851,0.8520738509700537,1.1585988450061178,0.6039403573675748,1,mode_0,0.66,True,0.0
reinforced,4,60,mode_0,0.9110099771096979,0.403182168631688,1.5849517516323344,1.0137225553108646,1,mode_0,0.66,True,0.0
reinforced,4,80,mode_0,0.9612623613771114,0.21708839510649022,1.9336687518266609,1.432742686078587,1,mode_0,0.66,True,0.0
reinforced,4,100,mode_0,0.9705486809477746,0.17351762521132774,2.2188868055436965,1.7880832184613167,1,mode_0,0.66,True,0.0
reinforced,4,120,mode_0,0.9753607104792582,0.14968976309761206,2.452168630406839,2.0828378320146417,1,mode_0,0.66,True,0.0
reinforced,4,140,mode_0,0.9782915521604377,0.13468272139990495,2.642971453377747,2.3262435021187717,1,mode_0,0.66,True,0.0
reinforced,4,160,mode_0,0.9799542207866175,0.12599226306011418,2.772290521039552,2.5,1,mode_0,0.66,True,0.0
reinforced,4,180,mode_0,0.9801735073478233,0.12483637451419821,2.735435406691846,2.5,1,mode_0,0.66,True,0.0
reinforced,4,200,mode_0,0.9801132051127083,0.12515940967639824,2.7052608650944805,2.5,1,mode_0,0.66,True,0.0
reinforced,4,220,mode_0,0.9801529265221588,0.12494889912737965,2.6805271698897046,2.5,1,mode_0,0.66,True,0.0
reinforced,4,240,mode_0,0.9802462583427308,0.12445803976785177,2.660249154354341,2.5,1,mode_0,0.66,True,0.0
reinforced,5,0,mode_4,0.6573107706878195,1.1156991813400534,0.0,0.0,1,mode_4,0.66,True,0.0
reinforced,5,20,mode_4,0.8484446180274278,0.6348389818730066,0.637325718409692,0.47253163269913406,1,mode_4,0.66,True,0.0
reinforced,5,40,mode_4,0.9453820431170464,0.28759407953359317,1.158598845006118,0.9701309854924295,1,mode_4,0.66,True,0.0
reinforced,5,60,mode_4,0.9643013091530115,0.20351196947848965,1.584951751632335,1.403451657881025,1,mode_4,0.66,True,0.0
reinforced,5,80,mode_4,0.971816043464747,0.1674409725908731,1.9336687518266624,1.7652459238629474,1,mode_4,0.66,True,0.0
reinforced,5,100,mode_4,0.9759402710701336,0.14679697607199313,2.218886805543696,2.0647133856438398,1,mode_4,0.66,True,0.0
reinforced,5,120,mode_4,0.9785076401004736,0.13358606318586191,2.4521686304068386,2.311722701283656,1,mode_4,0.66,True,0.0
reinforced,5,140,mode_4,0.9803530481765201,0.12389793519010647,2.6278564534997724,2.5,1,mode_4,0.66,True,0.0
reinforced,5,160,mode_4,0.9803858796691665,0.12372403112854816,2.6170590708323034,2.5,1,mode_4,0.66,True,0.0
reinforced,5,180,mode_4,0.9804083623011209,0.12360498425602584,2.6082531140954566,2.5,1,mode_4,0.66,True,0.0
reinforced,5,200,mode_4,0.9804327265787297,0.12347593184625003,2.6010037015494407,2.5,1,mode_4,0.66,True,0.0
reinforced,5,220,mode_4,0.980519709664185,0.12301479380258325,2.595058782154394,2.5,1,mode_4,0.66,True,0.0
reinforced,5,240,mode_4,0.9804150797404593,0.12356950283632741,2.59019008770547,2.5,1,mode_4,0.66,True,0.0
reinforced,6,0,mode_2,0.7018110921636135,1.0206900836334285,0.0,0.0,1,mode_2,0.66,True,0.0
reinforced,6,20,mode_2,0.8732927290102926,0.5552974124497898,0.637325718409692,0.49975364667183586,1,mode_2,0.66,True,0.0
reinforced,6,40,mode_2,0.9492424806364026,0.27108754052440986,1.158598845006118,0.9991204697075114,1,mode_2,0.66,True,0.0
reinforced,6,60,mode_2,0.9655061825424676,0.19784698690599734,1.5849517516323341,1.4286182193283166,1,mode_2,0.66,True,0.0
reinforced,6,80,mode_2,0.9724619101179266,0.16425069620695498,1.9336687518266609,1.7864327915670166,1,mode_2,0.66,True,0.0
reinforced,6,100,mode_2,0.9764447858427153,0.14422358850930395,2.2188868055436948,2.082377273849627,1,mode_2,0.66,True,0.0
reinforced,6,120,mode_2,0.9789967608057747,0.1310339628128555,2.452168630406838,2.326418553594709,1,mode_2,0.66,True,0.0
reinforced,6,140,mode_2,0.9805070350138013,0.12308127698425152,2.6156361765392306,2.5,1,mode_2,0.66,True,0.0
reinforced,6,160,mode_2,0.9806460910411753,0.12234378978915351,2.606937166809572,2.5,1,mode_2,0.66,True,0.0
reinforced,6,180,mode_2,0.9805411643908114,0.1229006491478287,2.5998013344384465,2.5,1,mode_2,0.66,True,0.0
reinforced,6,200,mode_2,0.9805732003634059,0.12273016019177097,2.593968182669854,2.5,1,mode_2,0.66,True,0.0
reinforced,6,220,mode_2,0.9806820517349344,0.12215249208371268,2.5891871772228665,2.5,1,mode_2,0.66,True,0.0
reinforced,6,240,mode_2,0.9805661977068897,0.12276734742293043,2.58527868136519,2.5,1,mode_2,0.66,True,0.0
reinforced,7,0,mode_3,0.6680084123653327,1.0907586285600404,0.0,0.0,1,mode_3,0.66,True,0.0
reinforced,7,20,mode_3,0.8573001366763519,0.6062099672309816,0.6373257184096921,0.48059382542323426,1,mode_3,0.66,True,0.0
reinforced,7,40,mode_3,0.9468705049064579,0.28125569781318205,1.1585988450061186,0.9792776632725769,1,mode_3,0.66,True,0.0
reinforced,7,60,mode_3,0.9646359698223392,0.20194110574179272,1.5849517516323346,1.4114833223910852,1,mode_3,0.66,True,0.0
reinforced,7,80,mode_3,0.972091440225767,0.16608230124349474,1.9336687518266615,1.7720435329468787,1,mode_3,0.66,True,0.0
reinforced,7,100,mode_3,0.9760191949009023,0.146394291628954,2.218886805543697,2.0703527563831114,1,mode_3,0.66,True,0.0
reinforced,7,120,mode_3,0.9788249259787533,0.13193203094980385,2.452168630406839,2.3164220354765774,1,mode_3,0.66,True,0.0
reinforced,7,140,mode_3,0.9804196802165245,0.12354435544905866,2.6239494481562833,2.5,1,mode_3,0.66,True,0.0
reinforced,7,160,mode_3,0.9805014429142733,0.12311087719094439,2.6138323836995077,2.5,1,mode_3,0.66,True,0.0
reinforced,7,180,mode_3,0.9805798528574915,0.12269500935840368,2.605511824018292,2.5,1,mode_3,0.66,True,0.0
reinforced,7,200,mode_3,0.9804349906145672,0.12346347543689372,2.5987405908350865,2.5,1,mode_3,0.66,True,0.0
reinforced,7,220,mode_3,0.9806688535597581,0.12222295864315005,2.5931610936505716,2.5,1,mode_3,0.66,True,0.0
reinforced,7,240,mode_3,0.9804655586917106,0.1233013813150723,2.5886026933806763,2.5,1,mode_3,0.66,True,0.0
reinforced,8,0,mode_2,0.4621404182733925,1.263573260896882,0.0,0.0,2,mode_2;mode_4,0.66,True,0.25
reinforced,8,20,mode_2,0.5846902679281318,1.0573846478713937,0.637325718409692,0.32464052332892923,1,mode_2,0.66,True,0.0
reinforced,8,40,mode_2,0.8532507562590321,0.5745350420319244,1.1585988450061182,0.7311011354616983,1,mode_2,0.66,True,0.0
reinforced,8,60,mode_2,0.9527604324163821,0.255077029371621,1.5849517516323348,1.1869209817124957,1,mode_2,0.66,True,0.0
reinforced,8,80,mode_2,0.9674030893597999,0.1887383042858559,1.9336687518266613,1.5837871613732537,1,mode_2,0.66,True,0.0
reinforced,8,100,mode_2,0.9733605185558809,0.1597491531096955,2.2188868055436965,1.9141115213259627,1,mode_2,0.66,True,0.0
reinforced,8,120,mode_2,0.9768149193975632,0.14230955501100928,2.4521686304068364,2.187231282259521,1,mode_2,0.66,True,0.0
reinforced,8,140,mode_2,0.9792475070028449,0.12971209397507175,2.6429714533777435,2.4124084185931767,1,mode_2,0.66,True,0.0
reinforced,8,160,mode_2,0.9801093062498664,0.12518023294440345,2.7013336257754945,2.5,1,mode_2,0.66,True,0.0
reinforced,8,180,mode_2,0.9802593490950111,0.12438928151226508,2.6772772457495484,2.5,1,mode_2,0.66,True,0.0
reinforced,8,200,mode_2,0.9802688076155498,0.12433810063093995,2.657590060856022,2.5,1,mode_2,0.66,True,0.0
reinforced,8,220,mode_2,0.9803058665963236,0.12414291316666613,2.641436470019717,2.5,1,mode_2,0.66,True,0.0
reinforced,8,240,mode_2,0.9804019431968323,0.12363585868205548,2.6281941690924624,2.5,1,mode_2,0.66,True,0.0
reinforced,9,0,mode_3,0.5607722445131889,1.25819131111012,0.0,0.0,2,mixed_0_3;mode_3,0.66,True,0.25
reinforced,9,20,mode_3,0.7855698716187287,0.8019376368767395,0.6373257184096919,0.4183026972457179,1,mode_3,0.66,True,0.0
reinforced,9,40,mode_3,0.9377456459399182,0.31919940526069734,1.158598845006118,0.9095682872348435,1,mode_3,0.66,True,0.0
reinforced,9,60,mode_3,0.9622817310909361,0.21288169073167507,1.5849517516323337,1.3517319961511411,1,mode_3,0.66,True,0.0
reinforced,9,80,mode_3,0.9703622474049022,0.17455782440848727,1.9336687518266609,1.7220344347473686,1,mode_3,0.66,True,0.0
reinforced,9,100,mode_3,0.9752930043801391,0.15007743842104082,2.2188868055436957,2.0287482045881142,1,mode_3,0.66,True,0.0
reinforced,9,120,mode_3,0.9780428885969606,0.13599750882763936,2.4521686304068386,2.2819227981004757,1,mode_3,0.66,True,0.0
reinforced,9,140,mode_3,0.9801583907346743,0.12492569084582009,2.6429714533777457,2.4904745152838577,1,mode_3,0.66,True,0.0
reinforced,9,160,mode_3,0.9803466953541461,0.1239299116700625,2.6373096325476704,2.5,1,mode_3,0.66,True,0.0
reinforced,9,180,mode_3,0.9802791355184622,0.12428783958914735,2.624870867798407,2.5,1,mode_3,0.66,True,0.0
reinforced,9,200,mode_3,0.9803370003087565,0.12398136875646767,2.6146700295496013,2.5,1,mode_3,0.66,True,0.0
reinforced,9,220,mode_3,0.9803699529404147,0.12380746141464384,2.606329513374388,2.5,1,mode_3,0.66,True,0.0
reinforced,9,240,mode_3,0.980327307792167,0.12403270621480772,2.5994847927435147,2.5,1,mode_3,0.66,True,0.0
reinforced,10,0,mixed_0_1,0.41616670769745817,1.3566452802127964,0.0,0.0,4,mixed_0_1_3;mixed_0_1_4;mode_0;mode_1,0.060000000000000005,False,0.8
reinforced,10,20,mode_1,0.5395850579544796,1.1433003568689397,0.6373257184096919,0.29679506946830236,1,mode_1,0.66,True,0.0
reinforced,10,40,mode_1,0.8093337553541077,0.6764125024271184,1.1585988450061184,0.6749982885567042,1,mode_1,0.66,True,0.0
reinforced,10,60,mode_1,0.946075183831474,0.28336793352703654,1.5849517516323348,1.1279110289617664,1,mode_1,0.66,True,0.0
reinforced,10,80,mode_1,0.9650274104293094,0.19997420285731926,1.9336687518266615,1.5334424830180524,1,mode_1,0.66,True,0.0
reinforced,10,100,mode_1,0.9721611905386508,0.16569210365215511,2.2188868055436965,1.8720638917368415,1,mode_1,0.66,True,0.0
reinforced,10,120,mode_1,0.9763197509983715,0.14484056976512955,2.452168630406838,2.152357288078209,1,mode_1,0.66,True,0.0
reinforced,10,140,mode_1,0.9786294649416647,0.13294028948894399,2.6429714533777453,2.383540938828735,1,mode_1,0.66,True,0.0
reinforced,10,160,mode_1,0.9800931786223578,0.12526527458552283,2.7251880494193856,2.5,1,mode_1,0.66,True,0.0
reinforced,10,180,mode_1,0.9801445495674552,0.12499645727660189,2.6969021133147724,2.5,1,mode_1,0.66,True,0.0
reinforced,10,200,mode_1,0.9801403866104973,0.12501832142395355,2.6737253439825888,2.5,1,mode_1,0.66,True,0.0
reinforced,10,220,mode_1,0.9802332308732379,0.12452747529418995,2.654708285295533,2.5,1,mode_1,0.66,True,0.0
reinforced,10,240,mode_1,0.9801956536300994,0.12472765660276552,2.639171197834612,2.5,1,mode_1,0.66,True,0.0
reinforced,11,0,mode_1,0.6978238833705134,1.0297183904190035,0.0,0.0,1,mode_1,0.66,True,0.0
reinforced,11,20,mode_1,0.8711750875708459,0.562237997744138,0.637325718409692,0.4952405685651905,1,mode_1,0.66,True,0.0
reinforced,11,40,mode_1,0.9491074911874574,0.2716806039698103,1.158598845006118,0.9945264647743453,1,mode_1,0.66,True,0.0
reinforced,11,60,mode_1,0.9655771345498938,0.19751399443799283,1.5849517516323346,1.4248126645690757,1,mode_1,0.66,True,0.0
reinforced,11,80,mode_1,0.9723045232113884,0.16503006894411446,1.9336687518266613,1.7832575166647162,1,mode_1,0.66,True,0.0
reinforced,11,100,mode_1,0.9763919136589442,0.14449386786671453,2.2188868055436948,2.0797611751466385,1,mode_1,0.66,True,0.0
reinforced,11,120,mode_1,0.97901750292497,0.13092534099943517,2.4521686304068373,2.3242870464878718,1,mode_1,0.66,True,0.0
reinforced,11,140,mode_1,0.9805660462953499,0.12276888779419294,2.6173849611010027,2.5,1,mode_1,0.66,True,0.0
reinforced,11,160,mode_1,0.9806078237592126,0.12254708964547407,2.6083783049399516,2.5,1,mode_1,0.66,True,0.0
reinforced,11,180,mode_1,0.9805901725237137,0.1226408548671115,2.6010070211074185,2.5,1,mode_1,0.66,True,0.0
reinforced,11,200,mode_1,0.9806116849495349,0.12252635831921914,2.594955620883399,2.5,1,mode_1,0.66,True,0.0
reinforced,11,220,mode_1,0.9806741839615819,0.1221941553397844,2.5899974596234863,2.5,1,mode_1,0.66,True,0.0
reinforced,11,240,mode_1,0.980612031803443,0.12252439346938748,2.5859675349601865,2.5,1,mode_1,0.66,True,0.0
reinforced,12,0,mixed_0_4,0.39666142213628897,1.4339365413452572,0.0,0.0,5,mixed_0_1_4;mixed_0_2_4;mixed_0_3;mode_0;mode_4,0.060000000000000005,False,0.8
reinforced,12,20,mode_0,0.5529169931960636,1.2118978064822834,0.6373257184096921,0.2919691161600816,1,mode_0,0.66,True,0.0
reinforced,12,40,mode_0,0.8584176478645216,0.5809500341882032,1.158598845006118,0.7015831903196101,1,mode_0,0.66,True,0.0
reinforced,12,60,mode_0,0.9506641896215321,0.26469054986542123,1.5849517516323346,1.16298865795804,1,mode_0,0.66,True,0.0
reinforced,12,80,mode_0,0.965836946749643,0.19623508809602092,1.9336687518266618,1.5631054757618768,1,mode_0,0.66,True,0.0
reinforced,12,100,mode_0,0.9726533200630683,0.1632874777371282,2.2188868055436965,1.8966503218883815,1,mode_0,0.66,True,0.0
reinforced,12,120,mode_0,0.9763691992900884,0.14460275077542953,2.452168630406839,2.1725426984979035,1,mode_0,0.66,True,0.0
reinforced,12,140,mode_0,0.978890860018129,0.1315837839605127,2.6429714533777453,2.400122334403288,1,mode_0,0.66,True,0.0
reinforced,12,160,mode_0,0.9799230047017676,0.12616841283174374,2.711651953522053,2.5,1,mode_0,0.66,True,0.0
reinforced,12,180,mode_0,0.9799911920369186,0.12580933066187716,2.6858879485038663,2.5,1,mode_0,0.66,True,0.0
reinforced,12,200,mode_0,0.980061948527298,0.12543637959004908,2.6647676673869394,2.5,1,mode_0,0.66,True,0.0
reinforced,12,220,mode_0,0.9801462314990509,0.12499180232572826,2.647479734645958,2.5,1,mode_0,0.66,True,0.0
reinforced,12,240,mode_0,0.980180189501011,0.12481203406058132,2.6332895405664662,2.5,1,mode_0,0.66,True,0.0
reinforced,13,0,mode_0,0.5608447024567789,1.245858750744558,0.0,0.0,1,mode_0,0.66,False,0.5
reinforced,13,20,mode_0,0.7825075807089471,0.8044511755436171,0.637325718409692,0.41752674358877967,1,mode_0,0.66,True,0.0
reinforced,13,40,mode_0,0.9379545732742205,0.3181997323693907,1.1585988450061182,0.9085497689310409,1,mode_0,0.66,True,0.0
reinforced,13,60,mode_0,0.9618621683867871,0.21480549131215132,1.5849517516323344,1.350887748655617,1,mode_0,0.66,True,0.0
reinforced,13,80,mode_0,0.9706720525872702,0.1730383647475382,1.9336687518266602,1.721345970751356,1,mode_0,0.66,True,0.0
reinforced,13,100,mode_0,0.9754027239725219,0.1495177376993038,2.218886805543696,2.028238753407788,1,mode_0,0.66,True,0.0
reinforced,13,120,mode_0,0.978325282474675,0.13452979058777484,2.4521686304068395,2.2816344162651645,1,mode_0,0.66,True,0.0
reinforced,13,140,mode_0,0.9801149265503332,0.1251536355990704,2.642971453377745,2.4903143994465724,1,mode_0,0.66,True,0.0
reinforced,13,160,mode_0,0.9804022024502884,0.12363408310611297,2.6373824753127186,2.5,1,mode_0,0.66,True,0.0
reinforced,13,180,mode_0,0.9802828114721535,0.12426692358690619,2.624889187398164,2.5,1,mode_0,0.66,True,0.0
reinforced,13,200,mode_0,0.9805091973332761,0.12306749242992426,2.614639312922042,2.5,1,mode_0,0.66,True,0.0
reinforced,13,220,mode_0,0.9803664618188358,0.1238252258283711,2.6062234458825415,2.5,1,mode_0,0.66,True,0.0
reinforced,13,240,mode_0,0.980476005517634,0.12324394993928393,2.599356303079443,2.5,1,mode_0,0.66,True,0.0
reinforced,14,0,mixed_0_1_3,0.41116488295373,1.4438831386607465,0.0,0.0,4,mixed_1_2;mode_0;mode_1;mode_3,0.060000000000000005,False,1.0
reinforced,14,20,mode_1,0.6104290236025053,1.1700096713183188,0.6373257184096919,0.3117339519870929,1,mode_1,0.66,True,0.0
reinforced,14,40,mode_1,0.9014305596535458,0.45598825050573455,1.1585988450061182,0.7589977153181909,1,mode_1,0.66,True,0.0
reinforced,14,60,mode_1,0.9553286315704773,0.24437899602416793,1.5849517516323348,1.2194164122725601,1,mode_1,0.66,True,0.0
reinforced,14,80,mode_1,0.9673281983380643,0.18918617307143637,1.9336687518266615,1.61096608343552,1,mode_1,0.66,True,0.0
reinforced,14,100,mode_1,0.9735118421313336,0.15902689485112054,2.218886805543696,1.9364488391685217,1,mode_1,0.66,True,0.0
reinforced,14,120,mode_1,0.9770343266311681,0.14120023983153351,2.4521686304068386,2.205566283879805,1,mode_1,0.66,True,0.0
reinforced,14,140,mode_1,0.979230019192491,0.12981154881869236,2.6429714533777457,2.427449828743581,1,mode_1,0.66,True,0.0
reinforced,14,160,mode_1,0.980092710677628,0.12527401914117797,2.689107773361949,2.5,1,mode_1,0.66,True,0.0
reinforced,14,180,mode_1,0.9800085258931686,0.12571849742377988,2.6673888354308803,2.5,1,mode_1,0.66,True,0.0
reinforced,14,200,mode_1,0.9801019622739651,0.1252250612942566,2.6495843126792358,2.5,1,mode_1,0.66,True,0.0
reinforced,14,220,mode_1,0.9801514552484434,0.12496419177189336,2.6350311646004276,2.5,1,mode_1,0.66,True,0.0
reinforced,14,240,mode_1,0.9801164531827613,0.12514860812543116,2.62308176249715,2.5,1,mode_1,0.66,True,0.0
reinforced,15,0,mode_1,0.586214898088597,1.2472608955243867,0.0,0.0,1,mode_1,0.66,True,0.25
reinforced,15,20,mode_1,0.807270522808356,0.7559058760022214,0.6373257184096921,0.4337142829836811,1,mode_1,0.66,True,0.0
reinforced,15,40,mode_1,0.9406018380287738,0.30763360778225424,1.1585988450061182,0.9279973003089829,1,mode_1,0.66,True,0.0
reinforced,15,60,mode_1,0.9621763129030597,0.2133955829456249,1.5849517516323346,1.3671660839985595,1,mode_1,0.66,True,0.0
reinforced,15,80,mode_1,0.9706985312221654,0.1729248881235934,1.9336687518266615,1.7346908662890668,1,mode_1,0.66,True,0.0
reinforced,15,100,mode_1,0.9753273066938307,0.14990856770803923,2.218886805543697,2.0392306128810143,1,mode_1,0.66,True,0.0
reinforced,15,120,mode_1,0.978252548718056,0.13491222871669106,2.4521686304068395,2.290592809638115,1,mode_1,0.66,True,0.0
reinforced,15,140,mode_1,0.9800949897948705,0.12526314266497166,2.6429714533777457,2.497554363455436,1,mode_1,0.66,True,0.0
reinforced,15,160,mode_1,0.9802118967530526,0.12464534740330424,2.631577477764101,2.5,1,mode_1,0.66,True,0.0
reinforced,15,180,mode_1,0.9803248123823209,0.12404733869850756,2.620245425263721,2.5,1,mode_1,0.66,True,0.0
reinforced,15,200,mode_1,0.980199725781474,0.12470949150787941,2.6109434192089402,2.5,1,mode_1,0.66,True,0.0
reinforced,15,220,mode_1,0.9803714057644699,0.12380086678860446,2.6033228653916023,2.5,1,mode_1,0.66,True,0.0
reinforced,15,240,mode_1,0.9803633826865713,0.12384334043899242,2.5970706240250383,2.5,1,mode_1,0.66,True,0.0
reinforced,16,0,mode_4,0.6043171063273652,1.1875105354281768,0.0,0.0,1,mode_4,0.66,True,0.25
reinforced,16,20,mode_4,0.8181305741891282,0.7159528549184688,0.6373257184096918,0.4446429832674482,1,mode_4,0.66,True,0.0
reinforced,16,40,mode_4,0.9422103025457228,0.30080807730794884,1.158598845006118,0.9400031395615009,1,mode_4,0.66,True,0.0
reinforced,16,60,mode_4,0.9629672474011312,0.20971948914175098,1.5849517516323344,1.3778419753463904,1,mode_4,0.66,True,0.0
reinforced,16,80,mode_4,0.9713150047094884,0.1698988842833864,1.9336687518266613,1.7438666663857003,1,mode_4,0.66,True,0.0
reinforced,16,100,mode_4,0.9756438832332276,0.14829950833005712,2.218886805543696,2.0469214989245152,1,mode_4,0.66,True,0.0
reinforced,16,120,mode_4,0.9784198122344202,0.13404138491482936,2.4521686304068386,2.2970480750388633,1,mode_4,0.66,True,0.0
reinforced,16,140,mode_4,0.9802576756261523,0.12440144552186388,2.639978721073194,2.5,1,mode_4,0.66,True,0.0
reinforced,16,160,mode_4,0.9804446664064909,0.12341195417015963,2.6270006003640214,2.5,1,mode_4,0.66,True,0.0
reinforced,16,180,mode_4,0.9804767449195131,0.12324091744277306,2.6163653012431602,2.5,1,mode_4,0.66,True,0.0
reinforced,16,200,mode_4,0.9805353807017666,0.12293013483297617,2.607661318900991,2.5,1,mode_4,0.66,True,0.0
reinforced,16,220,mode_4,0.9805127569600967,0.12305068426818949,2.6005321632690865,2.5,1,mode_4,0.66,True,0.0
reinforced,16,240,mode_4,0.9805074886008734,0.12307915641160633,2.5946795489460976,2.5,1,mode_4,0.66,True,0.0
reinforced,17,0,mode_3,0.6213782346339485,1.164944058823029,0.0,0.0,1,mode_3,0.66,True,0.0
reinforced,17,20,mode_3,0.8282018433596982,0.6901127141690617,0.637325718409692,0.4531701935770488,1,mode_3,0.66,True,0.0
reinforced,17,40,mode_3,0.9434083390509483,0.29580805161866675,1.1585988450061182,0.9495558095998454,1,mode_3,0.66,True,0.0
reinforced,17,60,mode_3,0.9633892224613542,0.20775660778945249,1.5849517516323348,1.3861761199292943,1,mode_3,0.66,True,0.0
reinforced,17,80,mode_3,0.9713744704859313,0.16960772895287662,1.9336687518266618,1.7508280174381727,1,mode_3,0.66,True,0.0
reinforced,17,100,mode_3,0.9758413809427346,0.14729629080078716,2.2188868055436965,2.0527689167416177,1,mode_3,0.66,True,0.0
reinforced,17,120,mode_3,0.9784961023381109,0.13364383149505096,2.4521686304068386,2.30189246791502,1,mode_3,0.66,True,0.0
reinforced,17,140,mode_3,0.9802695538598639,0.12433869088676097,2.6359681805840514,2.5,1,mode_3,0.66,True,0.0
reinforced,17,160,mode_3,0.98049901783214,0.1231234036447226,2.623702552537824,2.5,1,mode_3,0.66,True,0.0
reinforced,17,180,mode_3,0.9803895766490627,0.12370365504382601,2.613649814613027,2.5,1,mode_3,0.66,True,0.0
reinforced,17,200,mode_3,0.9804396723401416,0.12343810849198233,2.605432619727994,2.5,1,mode_3,0.66,True,0.0
reinforced,17,220,mode_3,0.9805485846443113,0.12286073613997861,2.5986966812414787,2.5,1,mode_3,0.66,True,0.0
reinforced,17,240,mode_3,0.9805077833974895,0.12307642666651705,2.593193004312553,2.5,1,mode_3,0.66,True,0.0
reinforced,18,0,mixed_0_3,0.37852069186509213,1.4690480840009534,0.0,0.0,5,mixed_0_2_3;mixed_1_3;mixed_3_4;mode_0;mode_3,0.060000000000000005,False,0.8
reinforced,18,20,mode_3,0.5145593837140572,1.2814054074477672,0.637325718409692,0.2746175126281849,1,mode_3,0.66,True,0.0
reinforced,18,40,mode_3,0.8356275127997752,0.6458096997992492,1.158598845006118,0.664701373775915,1,mode_3,0.66,True,0.0
reinforced,18,60,mode_3,0.9473048280367282,0.27906508328235297,1.5849517516323348,1.1264530624925984,1,mode_3,0.66,True,0.0
reinforced,18,80,mode_3,0.9651615979887423,0.1994217795116167,1.933668751826662,1.5322222196949036,1,mode_3,0.66,True,0.0
reinforced,18,100,mode_3,0.9719791899187572,0.16662371300524967,2.218886805543696,1.8708884525480853,1,mode_3,0.66,True,0.0
reinforced,18,120,mode_3,0.9760755050581346,0.14610245253826007,2.452168630406839,2.151201551532947,1,mode_3,0.66,True,0.0
reinforced,18,140,mode_3,0.9786140889818848,0.1330280895931359,2.6429714533777466,2.382493254943965,1,mode_3,0.66,True,0.0
reinforced,18,160,mode_3,0.9799306724041574,0.12612838068669538,2.726099241141903,2.5,1,mode_3,0.66,True,0.0
reinforced,18,180,mode_3,0.9799604782802717,0.12597169830579047,2.6977394083431983,2.5,1,mode_3,0.66,True,0.0
reinforced,18,200,mode_3,0.9799565933168614,0.12599276687111358,2.6744995941413277,2.5,1,mode_3,0.66,True,0.0
reinforced,18,220,mode_3,0.9800223487530852,0.1256455255164407,2.655481330129935,2.5,1,mode_3,0.66,True,0.0
reinforced,18,240,mode_3,0.9799813729181949,0.12586248108753448,2.639867650420132,2.5,1,mode_3,0.66,True,0.0
reinforced,19,0,mode_1,0.6200544593240173,1.1473223679709743,0.0,0.0,1,mode_1,0.66,True,0.0
reinforced,19,20,mode_1,0.83143635829298,0.675596058714055,0.637325718409692,0.4564841730765658,1,mode_1,0.66,True,0.0
reinforced,19,40,mode_1,0.9445469044379391,0.29093301165344604,1.1585988450061182,0.95335268380582,1,mode_1,0.66,True,0.0
reinforced,19,60,mode_1,0.9636623228006339,0.20646713837503528,1.5849517516323344,1.3895664477244518,1,mode_1,0.66,True,0.0
reinforced,19,80,mode_1,0.9717843953254681,0.16758415558573522,1.9336687518266618,1.7538374010494229,1,mode_1,0.66,True,0.0
reinforced,19,100,mode_1,0.9760800351831963,0.1460794347884299,2.2188868055436965,2.0553558608011975,1,mode_1,0.66,True,0.0
reinforced,19,120,mode_1,0.9785468766535931,0.1333776909580632,2.452168630406839,2.304070301207276,1,mode_1,0.66,True,0.0
reinforced,19,140,mode_1,0.9804022453829224,0.12363527754531262,2.634074120460468,2.5,1,mode_1,0.66,True,0.0
reinforced,19,160,mode_1,0.9805765949232387,0.12271010546314502,2.622074288260008,2.5,1,mode_1,0.66,True,0.0
reinforced,19,180,mode_1,0.9805505467974471,0.12284958269355692,2.6122478211113163,2.5,1,mode_1,0.66,True,0.0
reinforced,19,200,mode_1,0.9804809993547331,0.12321796803432508,2.6042147534317,2.5,1,mode_1,0.66,True,0.0
reinforced,19,220,mode_1,0.9805101484227612,0.1230630069716486,2.5976334204813485,2.5,1,mode_1,0.66,True,0.0
reinforced,19,240,mode_1,0.9806064515072083,0.12255281614605261,2.592236758114525,2.5,1,mode_1,0.66,True,0.0
reinforced,20,0,mode_0,0.6256237244278423,1.1715451867943596,0.0,0.0,1,mode_0,0.66,True,0.0
reinforced,20,20,mode_0,0.8328941017068198,0.6806215390420737,0.6373257184096919,0.457503676927544,1,mode_0,0.66,True,0.0
reinforced,20,40,mode_0,0.943705946576096,0.2946290849327572,1.1585988450061182,0.9540887365792273,1,mode_0,0.66,True,0.0
reinforced,20,60,mode_0,0.9636560644896166,0.2065155285921451,1.5849517516323346,1.3897835897216875,1,mode_0,0.66,True,0.0
reinforced,20,80,mode_0,0.9714719325311895,0.1691294193322199,1.9336687518266609,1.753804762747284,1,mode_0,0.66,True,0.0
reinforced,20,100,mode_0,0.9758772684768682,0.14711613647046823,2.218886805543695,2.055218220286914,1,mode_0,0.66,True,0.0
reinforced,20,120,mode_0,0.978480289134775,0.13372700658653233,2.4521686304068373,2.303854690099216,1,mode_0,0.66,True,0.0
reinforced,20,140,mode_0,0.9804193460135294,0.12354516386915984,2.634349024361169,2.5,1,mode_0,0.66,True,0.0
reinforced,20,160,mode_0,0.9804399045609973,0.12343703002427259,2.6223868068073775,2.5,1,mode_0,0.66,True,0.0
reinforced,20,180,mode_0,0.9803637599282641,0.1238402567629055,2.6125942999110494,2.5,1,mode_0,0.66,True,0.0
reinforced,20,200,mode_0,0.9805066820667888,0.12308325148781574,2.6045795339348436,2.5,1,mode_0,0.66,True,0.0
reinforced,20,220,mode_0,0.9803716700135563,0.12379867021188207,2.598027218911317,2.5,1,mode_0,0.66,True,0.0
reinforced,20,240,mode_0,0.980397620717209,0.12366099482723664,2.5926450260496443,2.5,1,mode_0,0.66,True,0.0
reinforced,21,0,mode_4,0.6351670349916207,1.159770925635914,0.0,0.0,1,mode_4,0.66,True,0.0
reinforced,21,20,mode_4,0.8434869634870411,0.6502912361776657,0.6373257184096919,0.4660791597137849,1,mode_4,0.66,True,0.0
reinforced,21,40,mode_4,0.9442465775172879,0.2924023919865257,1.158598845006118,0.9633107719281698,1,mode_4,0.66,True,0.0
reinforced,21,60,mode_4,0.9630810470970657,0.20920386804374036,1.5849517516323344,1.3975277368987744,1,mode_4,0.66,True,0.0
reinforced,21,80,mode_4,0.9716171841092803,0.16842154631355172,1.933668751826661,1.7602278466646268,1,mode_4,0.66,True,0.0
reinforced,21,100,mode_4,0.9759848215293095,0.14657023907429084,2.218886805543697,2.0605460019903785,1,mode_4,0.66,True,0.0
reinforced,21,120,mode_4,0.9785174249702971,0.13353527723606762,2.45216863040684,2.308264507899285,1,mode_4,0.66,True,0.0
reinforced,21,140,mode_4,0.9801307037319518,0.1250744531698028,2.6307701548418176,2.5,1,mode_4,0.66,True,0.0
reinforced,21,160,mode_4,0.9803633898536674,0.12384350660104237,2.619478207381432,2.5,1,mode_4,0.66,True,0.0
reinforced,21,180,mode_4,0.9803894079182041,0.12370546620110567,2.6102383203612014,2.5,1,mode_4,0.66,True,0.0
reinforced,21,200,mode_4,0.980320415996091,0.12407105489178621,2.6026672017063173,2.5,1,mode_4,0.66,True,0.0
reinforced,21,220,mode_4,0.9804423041091005,0.1234251252777848,2.59646733828971,2.5,1,mode_4,0.66,True,0.0
reinforced,21,240,mode_4,0.9803619341100268,0.1238510873158599,2.5913773555810065,2.5,1,mode_4,0.66,True,0.0
reinforced,22,0,mode_4,0.666644382647614,1.0953668576770454,0.0,0.0,1,mode_4,0.66,True,0.0
reinforced,22,20,mode_4,0.8602635789401281,0.5974592682160388,0.637325718409692,0.4825120010829226,1,mode_4,0.66,True,0.0
reinforced,22,40,mode_4,0.947657175815747,0.27789746561461476,1.1585988450061182,0.9814932986979237,1,mode_4,0.66,True,0.0
reinforced,22,60,mode_4,0.9648108508182295,0.20111849322071085,1.584951751632335,1.4134894868201862,1,mode_4,0.66,True,0.0
reinforced,22,80,mode_4,0.9722056540167955,0.16551836651278962,1.933668751826662,1.773747793434174,1,mode_4,0.66,True,0.0
reinforced,22,100,mode_4,0.9761557636437467,0.14569876482870134,2.2188868055436965,2.0718096294892585,1,mode_4,0.66,True,0.0
reinforced,22,120,mode_4,0.978828347163889,0.13191385083590096,2.4521686304068386,2.3176318365221737,1,mode_4,0.66,True,0.0
reinforced,22,140,mode_4,0.980423249813266,0.12352613071248152,2.6229693367155074,2.5,1,mode_4,0.66,True,0.0
reinforced,22,160,mode_4,0.9805146725496988,0.12304095066215026,2.6129744297736655,2.5,1,mode_4,0.66,True,0.0
reinforced,22,180,mode_4,0.980571731915054,0.1227383264255397,2.604814163444936,2.5,1,mode_4,0.66,True,0.0
reinforced,22,200,mode_4,0.9806171822734874,0.12249675590819423,2.598121211718003,2.5,1,mode_4,0.66,True,0.0
reinforced,22,220,mode_4,0.9804754119893726,0.12324923151548145,2.5926472594521495,2.5,1,mode_4,0.66,True,0.0
reinforced,22,240,mode_4,0.9805971977992202,0.12260287886225037,2.588147917520581,2.5,1,mode_4,0.66,True,0.0
reinforced,23,0,mode_2,0.6728845497143364,1.0737631683968343,0.0,0.0,1,mode_2,0.66,True,0.0
reinforced,23,20,mode_2,0.8593307939337598,0.5985887931874796,0.6373257184096919,0.4837774176402759,1,mode_2,0.66,True,0.0
reinforced,23,40,mode_2,0.9474899505920948,0.27856962627064175,1.1585988450061182,0.9827805676668093,1,mode_2,0.66,True,0.0
reinforced,23,60,mode_2,0.9650050625091059,0.2001921450237547,1.5849517516323353,1.414655861742214,1,mode_2,0.66,True,0.0
reinforced,23,80,mode_2,0.9724825584048669,0.1641433132345116,1.9336687518266624,1.7748602462336638,1,mode_2,0.66,True,0.0
reinforced,23,100,mode_2,0.9761592090457103,0.14567927233702824,2.2188868055436974,2.0727951350294123,1,mode_2,0.66,True,0.0
reinforced,23,120,mode_2,0.9789483283014289,0.13128504857916645,2.4521686304068404,2.3185269364390244,1,mode_2,0.66,True,0.0
reinforced,23,140,mode_2,0.9806744047868455,0.12219266420526594,2.6221315346676657,2.5,1,mode_2,0.66,True,0.0
reinforced,23,160,mode_2,0.9805754554536626,0.12271709190451197,2.6122697714626044,2.5,1,mode_2,0.66,True,0.0
reinforced,23,180,mode_2,0.9805894325702128,0.12264284973907993,2.6041770166086944,2.5,1,mode_2,0.66,True,0.0
reinforced,23,200,mode_2,0.9806721069687951,0.12220417279985782,2.597540770657635,2.5,1,mode_2,0.66,True,0.0
reinforced,23,220,mode_2,0.9805585560447327,0.12280723064028647,2.592128992820123,2.5,1,mode_2,0.66,True,0.0
reinforced,23,240,mode_2,0.9807119942985713,0.12199267444724035,2.5876932991141923,2.5,1,mode_2,0.66,True,0.0
reinforced,24,0,mixed_0_2,0.39631514506610555,1.3723284282905872,0.0,0.0,4,mixed_0_2;mixed_0_2_4;mode_0;mode_2,0.060000000000000005,False,0.8
reinforced,24,20,mode_2,0.4800789408191098,1.1838019923587848,0.637325718409692,0.27357340751853454,1,mode_2,0.66,True,0.0
reinforced,24,40,mode_2,0.7052927995117245,0.8414914105116527,1.1585988450061186,0.6013253403019977,1,mode_2,0.66,True,0.0
reinforced,24,60,mode_2,0.9251519962813024,0.3602542412804898,1.5849517516323353,1.027573578725962,1,mode_2,0.66,True,0.0
reinforced,24,80,mode_2,0.9614453397457162,0.21644926683742433,1.9336687518266622,1.446322523073358,1,mode_2,0.66,True,0.0
reinforced,24,100,mode_2,0.9706503444659444,0.173072409235139,2.218886805543697,1.7992629778352454,1,mode_2,0.66,True,0.0
reinforced,24,120,mode_2,0.9751677359862014,0.15068479460308162,2.4521686304068395,2.091985746396687,1,mode_2,0.66,True,0.0
reinforced,24,140,mode_2,0.9781749444126105,0.13529803953049732,2.6429714533777457,2.3337088751972805,1,mode_2,0.66,True,0.0
reinforced,24,160,mode_2,0.9799670010586544,0.12593039426277705,2.7662115758102983,2.5,1,mode_2,0.66,True,0.0
reinforced,24,180,mode_2,0.9799339017399515,0.1261079800882877,2.7305571523076964,2.5,1,mode_2,0.66,True,0.0
reinforced,24,200,mode_2,0.9800854550834364,0.1253091620413097,2.70132203148959,2.5,1,mode_2,0.66,True,0.0
reinforced,24,220,mode_2,0.9800695298118645,0.12539474409283652,2.6773837162408527,2.5,1,mode_2,0.66,True,0.0
reinforced,24,240,mode_2,0.9801073407073435,0.12519444531492846,2.6577563816378915,2.5,1,mode_2,0.66,True,0.0
reinforced,25,0,mode_3,0.5109314315620858,1.2863030224029037,0.0,0.0,2,mode_3;mode_4,0.48000000000000004,False,0.5
reinforced,25,20,mode_3,0.7298848963956652,0.9082746846655936,0.637325718409692,0.38395773950520495,1,mode_3,0.66,True,0.0
reinforced,25,40,mode_3,0.9292327930879783,0.3522535986506948,1.158598845006118,0.8633004198104807,1,mode_3,0.66,True,0.0
reinforced,25,60,mode_3,0.9603733243359317,0.22160582049328859,1.5849517516323346,1.3118024234957915,1,mode_3,0.66,True,0.0
reinforced,25,80,mode_3,0.9701532768302117,0.17556079031035546,1.933668751826661,1.688767826754275,1,mode_3,0.66,True,0.0
reinforced,25,100,mode_3,0.974819858520675,0.15245897761586016,2.218886805543695,2.0012917895415745,1,mode_3,0.66,True,0.0
reinforced,25,120,mode_3,0.9779616179169797,0.13641236743528665,2.4521686304068386,2.259304384851679,1,mode_3,0.66,True,0.0
reinforced,25,140,mode_3,0.9799392394240958,0.1260787783857751,2.642971453377745,2.4718932545246775,1,mode_3,0.66,True,0.0
reinforced,25,160,mode_3,0.9802973339681631,0.12418809397910552,2.652511971029869,2.5,1,mode_3,0.66,True,0.0
reinforced,25,180,mode_3,0.9803700165217766,0.12380382463114056,2.637265825357518,2.5,1,mode_3,0.66,True,0.0
reinforced,25,200,mode_3,0.9803840786307787,0.12372956114177384,2.6247849654852295,2.5,1,mode_3,0.66,True,0.0
reinforced,25,220,mode_3,0.9803422258748998,0.12395235835657889,2.6145590899466895,2.5,1,mode_3,0.66,True,0.0
reinforced,25,240,mode_3,0.980380598853444,0.12374885556555962,2.606181832850012,2.5,1,mode_3,0.66,True,0.0
reinforced,26,0,mixed_2_4,0.43354470380342874,1.245484088556023,0.0,0.0,2,mode_2;mode_4,0.12000000000000001,False,1.0
reinforced,26,20,mode_4,0.5382218131652459,1.0637011966305034,0.6373257184096919,0.30369155790065966,1,mode_4,0.66,True,0.0
reinforced,26,40,mode_4,0.7562956012093005,0.7489105568544312,1.1585988450061178,0.6582643978751953,1,mode_4,0.66,True,0.0
reinforced,26,60,mode_4,0.9390336090555886,0.3091104504875976,1.5849517516323344,1.0961832726698326,1,mode_4,0.66,True,0.0
reinforced,26,80,mode_4,0.9647443791597891,0.20115258938712144,1.933668751826661,1.5062594188780893,1,mode_4,0.66,True,0.0
reinforced,26,100,mode_4,0.9719512786318913,0.16667926398757493,2.2188868055436957,1.8495681965481714,1,mode_4,0.66,True,0.0
reinforced,26,120,mode_4,0.9763640574172591,0.1445948727253698,2.452168630406838,2.1338947535318127,1,mode_4,0.66,True,0.0
reinforced,26,140,mode_4,0.978759204954281,0.13225321382723443,2.6429714533777444,2.3684064602747648,1,mode_4,0.66,True,0.0
reinforced,26,160,mode_4,0.9802011729879515,0.12468947073855884,2.7374956650251687,2.5,1,mode_4,0.66,True,0.0
reinforced,26,180,mode_4,0.9802915506450995,0.12421224076925352,2.706864144388661,2.5,1,mode_4,0.66,True,0.0
reinforced,26,200,mode_4,0.980336125231198,0.12397991639429636,2.6817847996150466,2.5,1,mode_4,0.66,True,0.0
reinforced,26,220,mode_4,0.9802801506206611,0.1242773630807201,2.6612447843100027,2.5,1,mode_4,0.66,True,0.0
reinforced,26,240,mode_4,0.9805343623670008,0.12293091688562216,2.64442667783312,2.5,1,mode_4,0.66,True,0.0
reinforced,27,0,mode_0,0.6846440673209448,1.0432068562464796,0.0,0.0,1,mode_0,0.66,True,0.0
reinforced,27,20,mode_0,0.8656815565322966,0.5766281478035566,0.637325718409692,0.4886730419561182,1,mode_0,0.66,True,0.0
reinforced,27,40,mode_0,0.9480940854175716,0.2759675962313731,1.1585988450061182,0.9880271272732821,1,mode_0,0.66,True,0.0
reinforced,27,60,mode_0,0.9653462892041881,0.19858593018383522,1.5849517516323348,1.4192782549140373,1,mode_0,0.66,True,0.0
reinforced,27,80,mode_0,0.9724146193403748,0.164478449055421,1.9336687518266613,1.7787259083818507,1,mode_0,0.66,True,0.0
reinforced,27,100,mode_0,0.9764798609505431,0.14404250120611567,2.2188868055436957,2.076091137378151,1,mode_0,0.66,True,0.0
reinforced,27,120,mode_0,0.9788795222838611,0.13164489891767814,2.4521686304068377,2.3213056083347525,1,mode_0,0.66,True,0.0
reinforced,27,140,mode_0,0.9805774358090978,0.12270716834600234,2.619831158782484,2.5,1,mode_0,0.66,True,0.0
reinforced,27,160,mode_0,0.9807170153628535,0.12196493288301018,2.6103669201999966,2.5,1,mode_0,0.66,True,0.0
reinforced,27,180,mode_0,0.980682468516983,0.12214844353434566,2.602605929201625,2.5,1,mode_0,0.66,True,0.0
reinforced,27,200,mode_0,0.9806257667266629,0.12245042262887922,2.5962720188094317,2.5,1,mode_0,0.66,True,0.0
reinforced,27,220,mode_0,0.9805842000299988,0.122670393111768,2.591069227939551,2.5,1,mode_0,0.66,True,0.0
reinforced,27,240,mode_0,0.9806876559215949,0.12212151956499522,2.5868004848113864,2.5,1,mode_0,0.66,True,0.0
reinforced,28,0,mode_3,0.446145613410515,1.3404363740244722,0.0,0.0,3,mixed_1_3_4;mode_1;mode_3,0.36,False,0.5
reinforced,28,20,mode_3,0.5955089749215353,1.0997834335676469,0.637325718409692,0.3202581994425109,1,mode_3,0.66,True,0.0
reinforced,28,40,mode_3,0.8778524638510794,0.5190838415327115,1.158598845006118,0.7442281904831723,1,mode_3,0.66,True,0.0
reinforced,28,60,mode_3,0.9536791864666843,0.25145986000469694,1.5849517516323344,1.2026479466161297,1,mode_3,0.66,True,0.0
reinforced,28,80,mode_3,0.9669600231618756,0.19090035102245273,1.9336687518266618,1.5967978429480025,1,mode_3,0.66,True,0.0
reinforced,28,100,mode_3,0.9733605571799422,0.159766877449986,2.218886805543696,1.9247501817465484,1,mode_3,0.66,True,0.0
reinforced,28,120,mode_3,0.9770167325147922,0.1412822143285501,2.4521686304068386,2.1959294311906943,1,mode_3,0.66,True,0.0
reinforced,28,140,mode_3,0.979223185789405,0.1298433542132315,2.642971453377744,2.419522865104998,1,mode_3,0.66,True,0.0
reinforced,28,160,mode_3,0.9801615715744857,0.12490694581658146,2.695573742922462,2.5,1,mode_3,0.66,True,0.0
reinforced,28,180,mode_3,0.9801126004339382,0.12516668452061605,2.6726543782067163,2.5,1,mode_3,0.66,True,0.0
reinforced,28,200,mode_3,0.9802266213747552,0.12456350592723375,2.65384090922682,2.5,1,mode_3,0.66,True,0.0
reinforced,28,220,mode_3,0.9801593201823909,0.12492072357758414,2.638464862900924,2.5,1,mode_3,0.66,True,0.0
reinforced,28,240,mode_3,0.9801116389754541,0.1251725398641389,2.6258686424027187,2.5,1,mode_3,0.66,True,0.0
reinforced,29,0,mode_3,0.5142307695977129,1.234728692113831,0.0,0.0,2,mode_1;mode_3,0.66,True,0.25
reinforced,29,20,mode_3,0.6967427303821994,0.9346308264630709,0.637325718409692,0.37717939914320037,1,mode_3,0.66,True,0.0
reinforced,29,40,mode_3,0.9224333870489272,0.3758643939077413,1.158598845006118,0.843968247120839,1,mode_3,0.66,True,0.0
reinforced,29,60,mode_3,0.9599110318515836,0.22365886112173924,1.5849517516323346,1.2946560453215927,1,mode_3,0.66,True,0.0
reinforced,29,80,mode_3,0.96945145961265,0.17894772685902433,1.933668751826662,1.6743465163337752,1,mode_3,0.66,True,0.0
reinforced,29,100,mode_3,0.9748629959494827,0.15224044912158632,2.2188868055436965,1.9894464409900996,1,mode_3,0.66,True,0.0
reinforced,29,120,mode_3,0.9779104924725325,0.1366759463432487,2.452168630406839,2.249558729008406,1,mode_3,0.66,True,0.0
reinforced,29,140,mode_3,0.9798480422356165,0.12655982101498198,2.642971453377745,2.463875382500996,1,mode_3,0.66,True,0.0
reinforced,29,160,mode_3,0.9803700864034892,0.12380285682220196,2.6590565902870926,2.5,1,mode_3,0.66,True,0.0
reinforced,29,180,mode_3,0.9804081838165084,0.12360230889005745,2.6426052914819413,2.5,1,mode_3,0.66,True,0.0
reinforced,29,200,mode_3,0.9804827912758618,0.12320753909509252,2.629119558913958,2.5,1,mode_3,0.66,True,0.0
reinforced,29,220,mode_3,0.9804219061984545,0.12353062276215908,2.6180752813604062,2.5,1,mode_3,0.66,True,0.0
reinforced,29,240,mode_3,0.9805640341695079,0.12277771757471043,2.6090175916288927,2.5,1,mode_3,0.66,True,0.0
reinforced,30,0,mode_3,0.47996532614251836,1.362858398387759,0.0,0.0,3,mixed_1_3;mixed_2_3;mode_3,0.36,False,0.5
reinforced,30,20,mode_3,0.702827737922853,0.9905945451172271,0.6373257184096921,0.3636587102823807,1,mode_3,0.66,True,0.0
reinforced,30,40,mode_3,0.926358694000916,0.364168208318002,1.1585988450061182,0.8395924131285186,1,mode_3,0.66,True,0.0
reinforced,30,60,mode_3,0.9586711835112357,0.22936886131017065,1.5849517516323348,1.2910321731887797,1,mode_3,0.66,True,0.0
reinforced,30,80,mode_3,0.9693411759326973,0.17950504996400796,1.9336687518266609,1.6711180727795913,1,mode_3,0.66,True,0.0
reinforced,30,100,mode_3,0.9745327069507943,0.15390876569716574,2.2188868055436957,1.986512966261263,1,mode_3,0.66,True,0.0
reinforced,30,120,mode_3,0.9775949709618256,0.13831071635372766,2.452168630406839,2.247007307702436,1,mode_3,0.66,True,0.0
reinforced,30,140,mode_3,0.9796438885474563,0.12763743417314521,2.642971453377745,2.4616683397796715,1,mode_3,0.66,True,0.0
reinforced,30,160,mode_3,0.9802068741234528,0.12466847794171226,2.660964762493075,2.5,1,mode_3,0.66,True,0.0
reinforced,30,180,mode_3,0.980206330560071,0.12467179961187361,2.6442697487940268,2.5,1,mode_3,0.66,True,0.0
reinforced,30,200,mode_3,0.9803773238467522,0.1237671235496133,2.6305720251307725,2.5,1,mode_3,0.66,True,0.0
reinforced,30,220,mode_3,0.9802968168497552,0.12419245191259284,2.619343613532877,2.5,1,mode_3,0.66,True,0.0
reinforced,30,240,mode_3,0.9802957798170797,0.1241988366358903,2.610198744909817,2.5,1,mode_3,0.66,True,0.0
reinforced,31,0,mode_4,0.6349295191809571,1.1588917357560746,0.0,0.0,1,mode_4,0.66,True,0.0
reinforced,31,20,mode_4,0.8437740064297781,0.6492488570303104,0.637325718409692,0.46606519297951515,1,mode_4,0.66,True,0.0
reinforced,31,40,mode_4,0.9445840393817833,0.2909737466093975,1.1585988450061182,0.9635499844802871,1,mode_4,0.66,True,0.0
reinforced,31,60,mode_4,0.9634825800564698,0.20733558754518788,1.5849517516323346,1.3979463549294215,1,mode_4,0.66,True,0.0
reinforced,31,80,mode_4,0.9714626295897522,0.1691804645999003,1.933668751826661,1.760586214258053,1,mode_4,0.66,True,0.0
reinforced,31,100,mode_4,0.9759731635141469,0.14662944303699485,2.2188868055436957,2.060816941468388,1,mode_4,0.66,True,0.0
reinforced,31,120,mode_4,0.9784804057670767,0.1337275072304348,2.4521686304068364,2.3085014549870797,1,mode_4,0.66,True,0.0
reinforced,31,140,mode_4,0.9802012146613551,0.12470131795812425,2.6305548572929407,2.5,1,mode_4,0.66,True,0.0
reinforced,31,160,mode_4,0.9803474315804678,0.12392805642875887,2.619292584502721,2.5,1,mode_4,0.66,True,0.0
reinforced,31,180,mode_4,0.9803729737218889,0.12379271263526065,2.6100667919588143,2.5,1,mode_4,0.66,True,0.0
reinforced,31,200,mode_4,0.9805125792902121,0.12305261004906042,2.6024874187430553,2.5,1,mode_4,0.66,True,0.0
reinforced,31,220,mode_4,0.9803848691659001,0.12372970976567302,2.5962889077747118,2.5,1,mode_4,0.66,True,0.0
reinforced,31,240,mode_4,0.9804622947142618,0.12331926619523981,2.5912213412255665,2.5,1,mode_4,0.66,True,0.0
reinforced,32,0,mode_4,0.6084645029760477,1.1933337235101,0.0,0.0,1,mode_4,0.66,True,0.0
reinforced,32,20,mode_4,0.8218212047620364,0.7100468363539821,0.6373257184096921,0.44660644510813435,1,mode_4,0.66,True,0.0
reinforced,32,40,mode_4,0.9424335890858478,0.29991328957156116,1.1585988450061182,0.941781005873418,1,mode_4,0.66,True,0.0
reinforced,32,60,mode_4,0.9628018641071291,0.210487950542497,1.584951751632335,1.3792738910145261,1,mode_4,0.66,True,0.0
reinforced,32,80,mode_4,0.9711886258163626,0.1705190160174827,1.9336687518266613,1.7449227218151682,1,mode_4,0.66,True,0.0
reinforced,32,100,mode_4,0.97572073679966,0.1479097236976514,2.218886805543696,2.0478156342981633,1,mode_4,0.66,True,0.0
reinforced,32,120,mode_4,0.9782731232552954,0.13480346033489124,2.452168630406838,2.297717545228376,1,mode_4,0.66,True,0.0
reinforced,32,140,mode_4,0.980308011250963,0.12413506803533411,2.6394445266113546,2.5,1,mode_4,0.66,True,0.0
reinforced,32,160,mode_4,0.9803408960792911,0.12396092813131167,2.6265649169689955,2.5,1,mode_4,0.66,True,0.0
reinforced,32,180,mode_4,0.9803600809486406,0.12385984766500771,2.616005074674243,2.5,1,mode_4,0.66,True,0.0
reinforced,32,200,mode_4,0.9803237905601495,0.12405174240744796,2.607385507358734,2.5,1,mode_4,0.66,True,0.0
reinforced,32,220,mode_4,0.9803417577283746,0.12395717923651368,2.6003384675466936,2.5,1,mode_4,0.66,True,0.0
reinforced,32,240,mode_4,0.9803697806608781,0.1238082001195302,2.594535183084674,2.5,1,mode_4,0.66,True,0.0
reinforced,33,0,mode_0,0.7127547975921801,0.9958082974681858,0.0,0.0,1,mode_0,0.66,True,0.0
reinforced,33,20,mode_0,0.8797137942043524,0.5337614586039162,0.637325718409692,0.5037815392004812,1,mode_0,0.66,True,0.0
reinforced,33,40,mode_0,0.9501772302721149,0.2670501961237807,1.1585988450061178,1.0036488822846994,1,mode_0,0.66,True,0.0
reinforced,33,60,mode_0,0.965732305246,0.19677948708364518,1.5849517516323344,1.4326418806750425,1,mode_0,0.66,True,0.0
reinforced,33,80,mode_0,0.972434336330869,0.16438765002549136,1.9336687518266613,1.7899124991004103,1,mode_0,0.66,True,0.0
reinforced,33,100,mode_0,0.9766204115807592,0.14332491822683416,2.218886805543696,2.0853736520471595,1,mode_0,0.66,True,0.0
reinforced,33,120,mode_0,0.9789453099578997,0.13130313730907017,2.452168630406838,2.328975856225485,1,mode_0,0.66,True,0.0
reinforced,33,140,mode_0,0.9807253983496549,0.12192251842995545,2.613488666825366,2.5,1,mode_0,0.66,True,0.0
reinforced,33,160,mode_0,0.9805663771077017,0.1227666469843067,2.6051560076643976,2.5,1,mode_0,0.66,True,0.0
reinforced,33,180,mode_0,0.9806927846888551,0.12209542931540648,2.59831901244532,2.5,1,mode_0,0.66,True,0.0
reinforced,33,200,mode_0,0.9806833346572932,0.122145854686827,2.592735931072862,2.5,1,mode_0,0.66,True,0.0
reinforced,33,220,mode_0,0.9806774987978594,0.12217648444492081,2.5881220528495597,2.5,1,mode_0,0.66,True,0.0
reinforced,33,240,mode_0,0.9807552476884572,0.12176335015745858,2.5843558619877,2.5,1,mode_0,0.66,True,0.0
reinforced,34,0,mode_1,0.5546941318388738,1.2196915874896845,0.0,0.0,2,mixed_1_3;mode_1,0.66,True,0.25
reinforced,34,20,mode_1,0.7555035671827368,0.8462791728712452,0.6373257184096921,0.4066338299460808,1,mode_1,0.66,True,0.0
reinforced,34,40,mode_1,0.9352754360997788,0.3284238122148688,1.1585988450061182,0.891479689495198,1,mode_1,0.66,True,0.0
reinforced,34,60,mode_1,0.961752524522521,0.21528041371069812,1.584951751632335,1.3362410479512352,1,mode_1,0.66,True,0.0
reinforced,34,80,mode_1,0.970650104935034,0.1731335149938675,1.933668751826662,1.709212717783228,1,mode_1,0.66,True,0.0
reinforced,34,100,mode_1,0.9753360184071972,0.14985261104949987,2.2188868055436965,2.0183277641836326,1,mode_1,0.66,True,0.0
reinforced,34,120,mode_1,0.97815790225739,0.1353946781130052,2.452168630406839,2.273460632783525,1,mode_1,0.66,True,0.0
reinforced,34,140,mode_1,0.9800458733927901,0.12551639214861368,2.6429714533777457,2.4836024225122477,1,mode_1,0.66,True,0.0
reinforced,34,160,mode_1,0.9804311848057082,0.12348032976454895,2.642851998097507,2.5,1,mode_1,0.66,True,0.0
reinforced,34,180,mode_1,0.9803723412810289,0.12379127204131278,2.629332151089921,2.5,1,mode_1,0.66,True,0.0
reinforced,34,200,mode_1,0.9803341650582453,0.12399451807845345,2.618267594042009,2.5,1,mode_1,0.66,True,0.0
reinforced,34,220,mode_1,0.9804533477584866,0.12336373760856059,2.6092065660536243,2.5,1,mode_1,0.66,True,0.0
reinforced,34,240,mode_1,0.9805294927698734,0.12295934929779567,2.6017609052675894,2.5,1,mode_1,0.66,True,0.0
reinforced,35,0,mode_4,0.5204318236358617,1.2409841355336868,0.0,0.0,2,mode_3;mode_4,0.66,True,0.25
reinforced,35,20,mode_4,0.7063564853347377,0.9245908630298785,0.637325718409692,0.37672322459798,1,mode_4,0.66,True,0.0
reinforced,35,40,mode_4,0.9242106431522724,0.36986174258698906,1.158598845006118,0.8469385747550366,1,mode_4,0.66,True,0.0
reinforced,35,60,mode_4,0.960044287395032,0.22308718183357512,1.5849517516323344,1.2974044001585403,1,mode_4,0.66,True,0.0
reinforced,35,80,mode_4,0.9697915099770914,0.1773088430654674,1.9336687518266615,1.676692505910447,1,mode_4,0.66,True,0.0
reinforced,35,100,mode_4,0.9748597818756795,0.15225715942100207,2.2188868055436965,1.991288597969968,1,mode_4,0.66,True,0.0
reinforced,35,120,mode_4,0.9778531347442331,0.1369749465605386,2.4521686304068377,2.2510645886390086,1,mode_4,0.66,True,0.0
reinforced,35,140,mode_4,0.9799348830368951,0.1261022589710024,2.642971453377745,2.465120730850333,1,mode_4,0.66,True,0.0
reinforced,35,160,mode_4,0.9803635109759641,0.12383984289668559,2.6580446178277564,2.5,1,mode_4,0.66,True,0.0
reinforced,35,180,mode_4,0.9804009222406289,0.12364190336206266,2.641783413738523,2.5,1,mode_4,0.66,True,0.0
reinforced,35,200,mode_4,0.9804120702985698,0.123582740434278,2.6284714716089947,2.5,1,mode_4,0.66,True,0.0
reinforced,35,220,mode_4,0.9803652121485414,0.12383140710442246,2.6175738829154973,2.5,1,mode_4,0.66,True,0.0
reinforced,35,240,mode_4,0.9804576641752951,0.12334202859511115,2.6086315390739294,2.5,1,mode_4,0.66,True,0.0
reinforced,36,0,mode_3,0.46501784217977554,1.3694139970693466,0.0,0.0,3,mixed_0_3;mixed_1_3;mode_3,0.36,False,0.5
reinforced,36,20,mode_3,0.6911001162101332,1.011086809905973,0.6373257184096919,0.3570228696185089,1,mode_3,0.66,True,0.0
reinforced,36,40,mode_3,0.9227749489767266,0.3777855319019556,1.1585988450061182,0.8286598985460909,1,mode_3,0.66,True,0.0
reinforced,36,60,mode_3,0.9587046439983985,0.22920394492979554,1.5849517516323353,1.2814870836792132,1,mode_3,0.66,True,0.0
reinforced,36,80,mode_3,0.9693941405931669,0.17924619900950386,1.9336687518266615,1.6632220986881938,1,mode_3,0.66,True,0.0
reinforced,36,100,mode_3,0.974295584822579,0.15509919331108135,2.218886805543696,1.9800229431621872,1,mode_3,0.66,True,0.0
reinforced,36,120,mode_3,0.977524604373282,0.13867340846141363,2.4521686304068377,2.241642228405482,1,mode_3,0.66,True,0.0
reinforced,36,140,mode_3,0.9796982797569422,0.1273498215051464,2.642971453377744,2.457269797020119,1,mode_3,0.66,True,0.0
reinforced,36,160,mode_3,0.9801975799707789,0.12471718993921913,2.6645396994626824,2.5,1,mode_3,0.66,True,0.0
reinforced,36,180,mode_3,0.9802193377201341,0.1246025164587482,2.647178478296269,2.5,1,mode_3,0.66,True,0.0
reinforced,36,200,mode_3,0.9803659554780864,0.1238270668482282,2.632953187063472,2.5,1,mode_3,0.66,True,0.0
reinforced,36,220,mode_3,0.9802503036354611,0.12443860792671962,2.621311817077617,2.5,1,mode_3,0.66,True,0.0
reinforced,36,240,mode_3,0.9802710323948778,0.12433006572012051,2.611781502284002,2.5,1,mode_3,0.66,True,0.0
reinforced,37,0,mixed_1_3,0.38614563275079533,1.4439986160298668,0.0,0.0,4,mixed_1_4;mode_1;mode_2;mode_3,0.060000000000000005,False,0.8
reinforced,37,20,mode_1,0.5319994774918825,1.237934803427358,0.637325718409692,0.2828240374116086,1,mode_1,0.66,True,0.0
reinforced,37,40,mode_1,0.8445699498191788,0.6185061221264544,1.1585988450061182,0.6805314959821165,1,mode_1,0.66,True,0.0
reinforced,37,60,mode_1,0.9490537154477613,0.2715308151555281,1.5849517516323344,1.1422071944048753,1,mode_1,0.66,True,0.0
reinforced,37,80,mode_1,0.9653156585940142,0.19868807029366975,1.9336687518266613,1.545620218800909,1,mode_1,0.66,True,0.0
reinforced,37,100,mode_1,0.9724294381778344,0.16439412397229725,2.218886805543696,1.882163737748021,1,mode_1,0.66,True,0.0
reinforced,37,120,mode_1,0.9763052224047997,0.1449269919276511,2.4521686304068377,2.1605977390370006,1,mode_1,0.66,True,0.0
reinforced,37,140,mode_1,0.9787983169367535,0.1320662195427454,2.642971453377744,2.3903166127517284,1,mode_1,0.66,True,0.0
reinforced,37,160,mode_1,0.9799213482325879,0.12617648203227896,2.7196665556481667,2.5,1,mode_1,0.66,True,0.0
reinforced,37,180,mode_1,0.9800036103219916,0.12574262751416732,2.6924230709239554,2.5,1,mode_1,0.66,True,0.0
reinforced,37,200,mode_1,0.9801641110034377,0.12489551558520956,2.6700949519632253,2.5,1,mode_1,0.66,True,0.0
reinforced,37,220,mode_1,0.9799999476238851,0.12576284967946935,2.651819547265295,2.5,1,mode_1,0.66,True,0.0
reinforced,37,240,mode_1,0.9802067403316732,0.12467082654550035,2.636822985705628,2.5,1,mode_1,0.66,True,0.0
reinforced,38,0,mode_0,0.5622645149163435,1.28759612649572,0.0,0.0,1,mode_0,0.66,True,0.25
reinforced,38,20,mode_0,0.7932702767783216,0.7944560758525634,0.637325718409692,0.42300822611028366,1,mode_0,0.66,True,0.0
reinforced,38,40,mode_0,0.9390391524514434,0.31409297644356093,1.158598845006118,0.9150570046983127,1,mode_0,0.66,True,0.0
reinforced,38,60,mode_0,0.9618036146449517,0.2151181678882961,1.584951751632334,1.3560805382197632,1,mode_0,0.66,True,0.0
reinforced,38,80,mode_0,0.9703047150007434,0.17484622894324325,1.9336687518266604,1.725372028913255,1,mode_0,0.66,True,0.0
reinforced,38,100,mode_0,0.9752006358415887,0.1505491842893735,2.2188868055436957,2.0314858030556446,1,mode_0,0.66,True,0.0
reinforced,38,120,mode_0,0.978069224264039,0.1358633613669861,2.452168630406838,2.284124866616321,1,mode_0,0.66,True,0.0
reinforced,38,140,mode_0,0.9799309556502935,0.12612927326632237,2.6429714533777444,2.4922513012881398,1,mode_0,0.66,True,0.0
reinforced,38,160,mode_0,0.9801266469355032,0.12509591083914276,2.6359163998666384,2.5,1,mode_0,0.66,True,0.0
reinforced,38,180,mode_0,0.9801187899224199,0.12513746499867046,2.6237876014830777,2.5,1,mode_0,0.66,True,0.0
reinforced,38,200,mode_0,0.9802854508455525,0.12425618130621414,2.613881598148892,2.5,1,mode_0,0.66,True,0.0
reinforced,38,220,mode_0,0.9803072781622642,0.1241406897233327,2.6057485622163803,2.5,1,mode_0,0.66,True,0.0
reinforced,38,240,mode_0,0.9802572674529917,0.12440533337928568,2.599064183148751,2.5,1,mode_0,0.66,True,0.0
reinforced,39,0,mode_4,0.44739845390563154,1.272143951890244,0.0,0.0,2,mode_0;mode_4,0.66,False,0.5
reinforced,39,20,mode_4,0.5866982784919312,1.0551568349570113,0.637325718409692,0.3218418936871805,1,mode_4,0.66,True,0.0
reinforced,39,40,mode_4,0.8603369135961716,0.55689074701992,1.1585988450061182,0.7324921173688909,1,mode_4,0.66,True,0.0
reinforced,39,60,mode_4,0.9530291604909481,0.2539405525552964,1.584951751632335,1.1896311281217014,1,mode_4,0.66,True,0.0
reinforced,39,80,mode_4,0.9672450986192127,0.1894903951771506,1.9336687518266624,1.5861301043475888,1,mode_4,0.66,True,0.0
reinforced,39,100,mode_4,0.9735891018423573,0.15861087705856186,2.2188868055436974,1.916183668154561,1,mode_4,0.66,True,0.0
reinforced,39,120,mode_4,0.9770482486058584,0.14111372209984616,2.4521686304068395,2.1890284119721444,1,mode_4,0.66,True,0.0
reinforced,39,140,mode_4,0.9793263928721154,0.12929902566722642,2.642971453377746,2.413931693035662,1,mode_4,0.66,True,0.0
reinforced,39,160,mode_4,0.9803445318674624,0.12393619371861468,2.7000501137902537,2.5,1,mode_4,0.66,True,0.0
reinforced,39,180,mode_4,0.9803526597966424,0.12389391806887354,2.67618679053715,2.5,1,mode_4,0.66,True,0.0
reinforced,39,200,mode_4,0.9803066578980119,0.12413917570979571,2.6566268194862643,2.5,1,mode_4,0.66,True,0.0
reinforced,39,220,mode_4,0.9804148274884831,0.12356638977466457,2.6406315139401544,2.5,1,mode_4,0.66,True,0.0
reinforced,39,240,mode_4,0.9804442064391866,0.1234107315066495,2.627508542492818,2.5,1,mode_4,0.66,True,0.0
reinforced,40,0,mode_0,0.5812711383257535,1.1934786903315104,0.0,0.0,2,mixed_0_4;mode_0,0.66,True,0.25
reinforced,40,20,mode_0,0.7935637205627761,0.7663877202890998,0.6373257184096921,0.4294828061443344,1,mode_0,0.66,True,0.0
reinforced,40,40,mode_0,0.9402100487154721,0.3089372331538214,1.158598845006118,0.9217268482308922,1,mode_0,0.66,True,0.0
reinforced,40,60,mode_0,0.9626618574935316,0.21110764061748227,1.5849517516323344,1.3623530234931003,1,mode_0,0.66,True,0.0
reinforced,40,80,mode_0,0.9709769129081227,0.1715491869301026,1.933668751826662,1.730973280269251,1,mode_0,0.66,True,0.0
reinforced,40,100,mode_0,0.9756520886245522,0.1482550638962577,2.2188868055436974,2.0363115244957206,1,mode_0,0.66,True,0.0
reinforced,40,120,mode_0,0.9785374169490464,0.13342727301021326,2.4521686304068386,2.288294136755135,1,mode_0,0.66,True,0.0
reinforced,40,140,mode_0,0.9802142175463573,0.12462941163063393,2.6429714533777457,2.4958212908976005,1,mode_0,0.66,True,0.0
reinforced,40,160,mode_0,0.9804030754237164,0.12363087333329284,2.6328405461886883,2.5,1,mode_0,0.66,True,0.0
reinforced,40,180,mode_0,0.9804054055747424,0.12361900489415958,2.6211229917038246,2.5,1,mode_0,0.66,True,0.0
reinforced,40,200,mode_0,0.9804178380106136,0.12355316753389142,2.6115223092411854,2.5,1,mode_0,0.66,True,0.0
reinforced,40,220,mode_0,0.9803736718299011,0.12378714136547089,2.603705314016699,2.5,1,mode_0,0.66,True,0.0
reinforced,40,240,mode_0,0.9805429513260837,0.12288933522467163,2.597267278129626,2.5,1,mode_0,0.66,True,0.0
reinforced,41,0,mode_0,0.5108057726354713,1.3435557936372133,0.0,0.0,1,mode_0,0.48000000000000004,False,0.5
reinforced,41,20,mode_0,0.7534360074444191,0.8890804371113452,0.637325718409692,0.3926002986796676,1,mode_0,0.66,True,0.0
reinforced,41,40,mode_0,0.9335119694425277,0.3363482533872889,1.1585988450061182,0.8794268063972829,1,mode_0,0.66,True,0.0
reinforced,41,60,mode_0,0.9602093111808786,0.2224096326864969,1.5849517516323348,1.325526510080034,1,mode_0,0.66,True,0.0
reinforced,41,80,mode_0,0.970062375904335,0.17601896590693175,1.9336687518266613,1.6998984566531674,1,mode_0,0.66,True,0.0
reinforced,41,100,mode_0,0.9747124158429454,0.15300916065069098,2.218886805543696,2.0104364096181557,1,mode_0,0.66,True,0.0
reinforced,41,120,mode_0,0.977969597564746,0.13637651927640462,2.4521686304068395,2.266797053386002,1,mode_0,0.66,True,0.0
reinforced,41,140,mode_0,0.9800219976566007,0.12564655823505963,2.6429714533777457,2.4780026661718026,1,mode_0,0.66,True,0.0
reinforced,41,160,mode_0,0.9803083536136579,0.12413237135467262,2.647537532994573,2.5,1,mode_0,0.66,True,0.0
reinforced,41,180,mode_0,0.9802265821264595,0.12456574527451961,2.633251390985116,2.5,1,mode_0,0.66,True,0.0
reinforced,41,200,mode_0,0.9803519228833265,0.12390184361688211,2.6215772011861036,2.5,1,mode_0,0.66,True,0.0
reinforced,41,220,mode_0,0.9803704668787739,0.12380437284765361,2.6119938216195773,2.5,1,mode_0,0.66,True,0.0
reinforced,41,240,mode_0,0.9802579889093029,0.12439887164847373,2.604164406001157,2.5,1,mode_0,0.66,True,0.0
reinforced,42,0,mode_3,0.6252937636078263,1.1642012884945572,0.0,0.0,1,mode_3,0.66,True,0.0
reinforced,42,20,mode_3,0.8369063019932219,0.6663906355580937,0.637325718409692,0.45940633005543247,1,mode_3,0.66,True,0.0
reinforced,42,40,mode_3,0.9444272057568884,0.2915476586020721,1.1585988450061178,0.9568841082877817,1,mode_3,0.66,True,0.0
reinforced,42,60,mode_3,0.9635936074861952,0.20680126286944173,1.5849517516323341,1.3923040362875307,1,mode_3,0.66,True,0.0
reinforced,42,80,mode_3,0.9716510929159703,0.16824792695780147,1.933668751826661,1.7560066275447335,1,mode_3,0.66,True,0.0
reinforced,42,100,mode_3,0.9758319468275903,0.14734331042284451,2.2188868055436957,2.057040570358491,1,mode_3,0.66,True,0.0
reinforced,42,120,mode_3,0.9785234385986324,0.13350196358992295,2.452168630406838,2.3053951221102937,1,mode_3,0.66,True,0.0
reinforced,42,140,mode_3,0.980251943206716,0.12443168875677144,2.633076578854291,2.5,1,mode_3,0.66,True,0.0
reinforced,42,160,mode_3,0.9804530159944636,0.12336694117572941,2.621309758890575,2.5,1,mode_3,0.66,True,0.0
reinforced,42,180,mode_3,0.980540280259424,0.12290446487387383,2.6116824627060855,2.5,1,mode_3,0.66,True,0.0
reinforced,42,200,mode_3,0.9804055785472204,0.12361839879468248,2.6038019679959508,2.5,1,mode_3,0.66,True,0.0
reinforced,42,220,mode_3,0.980482660600532,0.1232098649021365,2.597347625495112,2.5,1,mode_3,0.66,True,0.0
reinforced,42,240,mode_3,0.9804346769338218,0.12346476727005834,2.592052720811135,2.5,1,mode_3,0.66,True,0.0
reinforced,43,0,mode_3,0.4341573109901779,1.402591779487863,0.0,0.0,3,mixed_2_3;mode_0;mode_3,0.30000000000000004,False,0.5
reinforced,43,20,mode_3,0.628803886080761,1.1106878152365751,0.6373257184096919,0.32780235856038226,1,mode_3,0.66,True,0.0
reinforced,43,40,mode_3,0.9040410079926835,0.44415222874288895,1.1585988450061182,0.7772152957727037,1,mode_3,0.66,True,0.0
reinforced,43,60,mode_3,0.9556457679880066,0.24293140366824723,1.5849517516323344,1.234792020154394,1,mode_3,0.66,True,0.0
reinforced,43,80,mode_3,0.9678300406404422,0.18678036893101574,1.9336687518266613,1.6237064919435813,1,mode_3,0.66,True,0.0
reinforced,43,100,mode_3,0.9733384781810401,0.15988666768603582,2.2188868055436957,1.947010009363888,1,mode_3,0.66,True,0.0
reinforced,43,120,mode_3,0.9769748363513839,0.14150406339175323,2.452168630406838,2.2142612777208557,1,mode_3,0.66,True,0.0
reinforced,43,140,mode_3,0.9793316012740463,0.12927809644116656,2.642971453377745,2.4345812953082335,1,mode_3,0.66,True,0.0
reinforced,43,160,mode_3,0.9800356034720108,0.12557488196782474,2.6832427159913324,2.5,1,mode_3,0.66,True,0.0
reinforced,43,180,mode_3,0.980180774853528,0.12480834416470041,2.6625829605444,2.5,1,mode_3,0.66,True,0.0
reinforced,43,200,mode_3,0.9801651210982175,0.12489164141013014,2.6456549459411236,2.5,1,mode_3,0.66,True,0.0
reinforced,43,220,mode_3,0.9800680159572828,0.1254047148740144,2.6317992614334047,2.5,1,mode_3,0.66,True,0.0
reinforced,43,240,mode_3,0.9802794596664611,0.12428705732759734,2.620406286073098,2.5,1,mode_3,0.66,True,0.0
reinforced,44,0,mode_2,0.6668719846604508,1.0852387235944658,0.0,0.0,1,mode_2,0.66,True,0.0
reinforced,44,20,mode_2,0.8571234197224766,0.6049846570307083,0.637325718409692,0.4801941798932215,1,mode_2,0.66,True,0.0
reinforced,44,40,mode_2,0.9471477933486848,0.2800370626685504,1.1585988450061184,0.9788257434575919,1,mode_2,0.66,True,0.0
reinforced,44,60,mode_2,0.9650332957436012,0.20005927345415048,1.5849517516323341,1.4113789143071576,1,mode_2,0.66,True,0.0
reinforced,44,80,mode_2,0.9719844014240404,0.16660612812805484,1.9336687518266618,1.7720475492202472,1,mode_2,0.66,True,0.0
reinforced,44,100,mode_2,0.976193468929814,0.1455033048785438,2.218886805543696,2.0704168544934074,1,mode_2,0.66,True,0.0
reinforced,44,120,mode_2,0.9787780214546802,0.13217471613590856,2.4521686304068364,2.3165425879307695,1,mode_2,0.66,True,0.0
reinforced,44,140,mode_2,0.980413865280666,0.12357443364453685,2.6238183454791604,2.5,1,mode_2,0.66,True,0.0
reinforced,44,160,mode_2,0.9805803104984108,0.12269214669276582,2.6136807827719846,2.5,1,mode_2,0.66,True,0.0
reinforced,44,180,mode_2,0.9805772848303291,0.12270817658969974,2.6053683873969953,2.5,1,mode_2,0.66,True,0.0
reinforced,44,200,mode_2,0.9805802444236342,0.12269241976571807,2.598573151498045,2.5,1,mode_2,0.66,True,0.0
reinforced,44,220,mode_2,0.9806798635914062,0.12216341285466392,2.592982270993481,2.5,1,mode_2,0.66,True,0.0
reinforced,44,240,mode_2,0.9806820180262049,0.12215242187084446,2.5884105256427667,2.5,1,mode_2,0.66,True,0.0
reinforced,45,0,mode_3,0.6368827051213806,1.1519974967615945,0.0,0.0,1,mode_3,0.66,True,0.0
reinforced,45,20,mode_3,0.8396114437190919,0.6607708384388007,0.637325718409692,0.4635478447628601,1,mode_3,0.66,True,0.0
reinforced,45,40,mode_3,0.9442769603594942,0.292246276510779,1.1585988450061184,0.9606111099544599,1,mode_3,0.66,True,0.0
reinforced,45,60,mode_3,0.9637501614523102,0.20608496558922282,1.5849517516323344,1.3954006985452558,1,mode_3,0.66,True,0.0
reinforced,45,80,mode_3,0.9716336396468989,0.1683392505228725,1.9336687518266613,1.7584920587078017,1,mode_3,0.66,True,0.0
reinforced,45,100,mode_3,0.9759703355873228,0.14664348061199617,2.2188868055436957,2.0590622282976465,1,mode_3,0.66,True,0.0
reinforced,45,120,mode_3,0.9785171215529829,0.13353635894689098,2.452168630406837,2.307044838981803,1,mode_3,0.66,True,0.0
reinforced,45,140,mode_3,0.9803323104750316,0.12400687401816438,2.6317411319023427,2.5,1,mode_3,0.66,True,0.0
reinforced,45,160,mode_3,0.9804757014252939,0.12324785383313507,2.6202466900681727,2.5,1,mode_3,0.66,True,0.0
reinforced,45,180,mode_3,0.9804643829584816,0.12330769733055552,2.6108156633616937,2.5,1,mode_3,0.66,True,0.0
reinforced,45,200,mode_3,0.9805045660136174,0.12309508795925159,2.6030914980316964,2.5,1,mode_3,0.66,True,0.0
reinforced,45,220,mode_3,0.9803195247761086,0.12407526648274536,2.5968131115710964,2.5,1,mode_3,0.66,True,0.0
reinforced,45,240,mode_3,0.9803569850408685,0.12387698431860458,2.5916652825548407,2.5,1,mode_3,0.66,True,0.0
reinforced,46,0,mixed_0_2_4,0.37891117737109004,1.486826107853579,0.0,0.0,4,mixed_0_1;mode_0;mode_2;mode_4,0.060000000000000005,False,1.0
reinforced,46,20,mode_0,0.5331697606607071,1.3015108343613038,0.637325718409692,0.2787869124075556,1,mode_0,0.66,True,0.0
reinforced,46,40,mode_0,0.8650744549848722,0.5773631997278792,1.1585988450061182,0.6879056211961472,1,mode_0,0.66,True,0.0
reinforced,46,60,mode_0,0.9503053606105586,0.2663978516414868,1.5849517516323346,1.1522601446280538,1,mode_0,0.66,True,0.0
reinforced,46,80,mode_0,0.9654083463332581,0.19828000325238176,1.933668751826661,1.5540982485843255,1,mode_0,0.66,True,0.0
reinforced,46,100,mode_0,0.9723469129225871,0.16481416793966813,2.218886805543696,1.8890257893557525,1,mode_0,0.66,True,0.0
reinforced,46,120,mode_0,0.9762058919976129,0.1454395702237402,2.4521686304068377,2.1662248503667527,1,mode_0,0.66,True,0.0
reinforced,46,140,mode_0,0.9788334312087531,0.13188528066612476,2.6429714533777444,2.3949133710155004,1,mode_0,0.66,True,0.0
reinforced,46,160,mode_0,0.9800196660324323,0.12565859288175296,2.7159020645540033,2.5,1,mode_0,0.66,True,0.0
reinforced,46,180,mode_0,0.9800314991886769,0.12559727067290838,2.689348806508485,2.5,1,mode_0,0.66,True,0.0
reinforced,46,200,mode_0,0.9799075888194428,0.12625045400158003,2.6676220958132175,2.5,1,mode_0,0.66,True,0.0
reinforced,46,220,mode_0,0.9799636464482997,0.12595545133341174,2.6498469820290413,2.5,1,mode_0,0.66,True,0.0
reinforced,46,240,mode_0,0.9798773773408807,0.1264101129151052,2.6352922164997246,2.5,1,mode_0,0.66,True,0.0
reinforced,47,0,mixed_1_3,0.3857180560005526,1.4412826150576579,0.0,0.0,4,mixed_1_3_4;mode_1;mode_2;mode_3,0.060000000000000005,False,0.8
reinforced,47,20,mode_3,0.5418345418660621,1.236986874934443,0.637325718409692,0.28573013984249707,1,mode_3,0.66,True,0.0
reinforced,47,40,mode_3,0.8554245254822427,0.5935632332412777,1.1585988450061182,0.6908583221363579,1,mode_3,0.66,True,0.0
reinforced,47,60,mode_3,0.9504323999823409,0.2656810479402038,1.5849517516323348,1.1536146511492107,1,mode_3,0.66,True,0.0
reinforced,47,80,mode_3,0.9656032950184027,0.1973410175956872,1.9336687518266615,1.5552217635957597,1,mode_3,0.66,True,0.0
reinforced,47,100,mode_3,0.9725983232084884,0.16355385065030215,2.218886805543696,1.8900575171905554,1,mode_3,0.66,True,0.0
reinforced,47,120,mode_3,0.9763439940134322,0.14473029391765538,2.4521686304068377,2.1671830611210554,1,mode_3,0.66,True,0.0
reinforced,47,140,mode_3,0.9789001321566208,0.1315341828109264,2.642971453377743,2.3957430160784217,1,mode_3,0.66,True,0.0
reinforced,47,160,mode_3,0.9799641871710135,0.1259500116174027,2.7151559883147245,2.5,1,mode_3,0.66,True,0.0
reinforced,47,180,mode_3,0.9800371054364599,0.12556540496940383,2.6887283181081107,2.5,1,mode_3,0.66,True,0.0
reinforced,47,200,mode_3,0.9801214830825073,0.12512124734823193,2.6670852777866396,2.5,1,mode_3,0.66,True,0.0
reinforced,47,220,mode_3,0.9802108130414822,0.12464907268207694,2.6493123587287353,2.5,1,mode_3,0.66,True,0.0
reinforced,47,240,mode_3,0.9800430252200727,0.12553484084503216,2.634792796723056,2.5,1,mode_3,0.66,True,0.0
reinforced,48,0,mode_0,0.7329346382213042,0.9499651515538108,0.0,0.0,1,mode_0,0.66,True,0.0
reinforced,48,20,mode_0,0.8903662119095281,0.4976471862026739,0.6373257184096918,0.5147206590652792,1,mode_0,0.66,True,0.0
reinforced,48,40,mode_0,0.9522970957462372,0.25782156406837714,1.1585988450061178,1.015199198156604,1,mode_0,0.66,True,0.0
reinforced,48,60,mode_0,0.9663800269333329,0.193713985443784,1.5849517516323348,1.442708575558553,1,mode_0,0.66,True,0.0
reinforced,48,80,mode_0,0.9731131928671708,0.16102013831602668,1.9336687518266613,1.7984681871563184,1,mode_0,0.66,True,0.0
reinforced,48,100,mode_0,0.9767748604358071,0.14253496125177317,2.218886805543696,2.092584431125269,1,mode_0,0.66,True,0.0
reinforced,48,120,mode_0,0.9791993908506801,0.1299743960337643,2.452168630406838,2.3349964803733188,1,mode_0,0.66,True,0.0
reinforced,48,140,mode_0,0.9808131191388856,0.12145567980875457,2.6084400266776577,2.5,1,mode_0,0.66,True,0.0
reinforced,48,160,mode_0,0.9808077501928811,0.12148464256597412,2.600927610110695,2.5,1,mode_0,0.66,True,0.0
reinforced,48,180,mode_0,0.9806850286032628,0.12213706531335157,2.594805954991863,2.5,1,mode_0,0.66,True,0.0
reinforced,48,200,mode_0,0.9808606688232265,0.12120286066872701,2.5897429646001475,2.5,1,mode_0,0.66,True,0.0
reinforced,48,220,mode_0,0.9807642929747555,0.12171568640425626,2.585641207904402,2.5,1,mode_0,0.66,True,0.0
reinforced,48,240,mode_0,0.9807251625486688,0.12192350473920453,2.58225393504093,2.5,1,mode_0,0.66,True,0.0
reinforced,49,0,mode_4,0.5922587107146831,1.2309019869773483,0.0,0.0,1,mode_4,0.66,True,0.25
reinforced,49,20,mode_4,0.8113283422262174,0.7423031867263999,0.6373257184096921,0.4396493125833333,1,mode_4,0.66,True,0.0
reinforced,49,40,mode_4,0.9410372133380426,0.3057973457436105,1.1585988450061182,0.9338868535594644,1,mode_4,0.66,True,0.0
reinforced,49,60,mode_4,0.9629799217936533,0.2096668092906797,1.5849517516323353,1.372301176212031,1,mode_4,0.66,True,0.0
reinforced,49,80,mode_4,0.9709926869782001,0.17148273146300153,1.9336687518266622,1.739133884100845,1,mode_4,0.66,True,0.0
reinforced,49,100,mode_4,0.975504334103078,0.14900990729450103,2.218886805543697,2.0429844156782773,1,mode_4,0.66,True,0.0
reinforced,49,120,mode_4,0.9782058594622368,0.13515347726761354,2.452168630406839,2.2936893954698805,1,mode_4,0.66,True,0.0
reinforced,49,140,mode_4,0.9800967671532592,0.12525337592131644,2.642772117196288,2.5,1,mode_4,0.66,True,0.0
reinforced,49,160,mode_4,0.9801994997882485,0.12470996644245344,2.629372651992427,2.5,1,mode_4,0.66,True,0.0
reinforced,49,180,mode_4,0.9803227310858947,0.12405814468313059,2.618369634941295,2.5,1,mode_4,0.66,True,0.0
reinforced,49,200,mode_4,0.9803295393893979,0.12402193861832891,2.6093560996811282,2.5,1,mode_4,0.66,True,0.0
reinforced,49,220,mode_4,0.9805078990562144,0.12307726452783593,2.6019712208424517,2.5,1,mode_4,0.66,True,0.0
reinforced,49,240,mode_4,0.9803323643003681,0.12400752346333307,2.5959508615622373,2.5,1,mode_4,0.66,True,0.0
reinforced,50,0,mixed_0_1,0.40302822069411154,1.397425851328007,0.0,0.0,5,mixed_0_1;mixed_0_1_2;mixed_0_1_4;mode_0;mode_1,0.060000000000000005,False,0.8
reinforced,50,20,mode_1,0.5503628305396221,1.1644904456753962,0.637325718409692,0.2942216717625761,1,mode_1,0.66,True,0.0
reinforced,50,40,mode_1,0.829551582008455,0.6415427075017696,1.1585988450061184,0.6866819413198375,1,mode_1,0.66,True,0.0
reinforced,50,60,mode_1,0.9492352999242978,0.27051572344863595,1.584951751632335,1.1443772075835157,1,mode_1,0.66,True,0.0
reinforced,50,80,mode_1,0.9655728809608871,0.1974546352735178,1.9336687518266618,1.5474654214117436,1,mode_1,0.66,True,0.0
reinforced,50,100,mode_1,0.9726100397658743,0.16349484114775542,2.218886805543695,1.883628451677902,1,mode_1,0.66,True,0.0
reinforced,50,120,mode_1,0.9762319079203374,0.14529807774885467,2.452168630406838,2.161824544630545,1,mode_1,0.66,True,0.0
reinforced,50,140,mode_1,0.9787443098929336,0.13234561004965192,2.6429714533777457,2.391284708220769,1,mode_1,0.66,True,0.0
reinforced,50,160,mode_1,0.9800101028336975,0.12570740122944826,2.7188077519398175,2.5,1,mode_1,0.66,True,0.0
reinforced,50,180,mode_1,0.9801782111434665,0.12481976345253198,2.6916773519021997,2.5,1,mode_1,0.66,True,0.0
reinforced,50,200,mode_1,0.9800779508091393,0.12535021498803403,2.669490530539485,2.5,1,mode_1,0.66,True,0.0
reinforced,50,220,mode_1,0.9800500402147971,0.12549871266803803,2.6513193580196277,2.5,1,mode_1,0.66,True,0.0
reinforced,50,240,mode_1,0.9801157657546293,0.12515200316347386,2.63643747972206,2.5,1,mode_1,0.66,True,0.0
reinforced,51,0,mode_1,0.4556256262159344,1.2970281713352958,0.0,0.0,2,mode_0;mode_1,0.66,True,0.25
reinforced,51,20,mode_1,0.6227124309855422,1.0425894290552864,0.637325718409692,0.33564420605966006,1,mode_1,0.66,True,0.0
reinforced,51,40,mode_1,0.8917141307361176,0.4760003166038734,1.158598845006118,0.7710328903676184,1,mode_1,0.66,True,0.0
reinforced,51,60,mode_1,0.9559875186782005,0.24121414760485851,1.5849517516323344,1.2280051110903067,1,mode_1,0.66,True,0.0
reinforced,51,80,mode_1,0.9679680545517549,0.1860828040502955,1.9336687518266609,1.6183100152117622,1,mode_1,0.66,True,0.0
reinforced,51,100,mode_1,0.9737368047115772,0.15788659076534442,2.2188868055436957,1.9427382483653661,1,mode_1,0.66,True,0.0
reinforced,51,120,mode_1,0.9772679325392432,0.13999257775610488,2.452168630406838,2.210896907899743,1,mode_1,0.66,True,0.0
reinforced,51,140,mode_1,0.979453112076252,0.12863670998448176,2.6429714533777453,2.431930595655678,1,mode_1,0.66,True,0.0
reinforced,51,160,mode_1,0.9802999606410011,0.1241759287604047,2.6853100634680724,2.5,1,mode_1,0.66,True,0.0
reinforced,51,180,mode_1,0.980178618864783,0.12481674139359555,2.6641524446292597,2.5,1,mode_1,0.66,True,0.0
reinforced,51,200,mode_1,0.9802794651533207,0.1242839241464831,2.646852412091562,2.5,1,mode_1,0.66,True,0.0
reinforced,51,220,mode_1,0.9803756437708304,0.12377619088793805,2.6326840729526855,2.5,1,mode_1,0.66,True,0.0
reinforced,51,240,mode_1,0.9804792010889817,0.12322789874129195,2.6210661453023487,2.5,1,mode_1,0.66,True,0.0
reinforced,52,0,mode_3,0.527875934806832,1.3388678591059984,0.0,0.0,1,mode_3,0.54,False,0.75
reinforced,52,20,mode_3,0.7605557648933832,0.8794701811149317,0.637325718409692,0.40004055867115923,1,mode_3,0.66,True,0.0
reinforced,52,40,mode_3,0.9342936847000294,0.33343098495486373,1.158598845006118,0.8878397538044869,1,mode_3,0.66,True,0.0
reinforced,52,60,mode_3,0.9605029961935427,0.22108918076933487,1.5849517516323341,1.3324814600771744,1,mode_3,0.66,True,0.0
reinforced,52,80,mode_3,0.9699874012157479,0.17639049145104732,1.933668751826661,1.7055966246765313,1,mode_3,0.66,True,0.0
reinforced,52,100,mode_3,0.9748776662710269,0.1521811406957195,2.2188868055436948,2.0150191330666085,1,mode_3,0.66,True,0.0
reinforced,52,120,mode_3,0.9778038568203271,0.13723710333760236,2.4521686304068373,2.270460126701066,1,mode_3,0.66,True,0.0
reinforced,52,140,mode_3,0.9797896220444632,0.126873773302199,2.6429714533777444,2.4809571519427647,1,mode_3,0.66,True,0.0
reinforced,52,160,mode_3,0.9801481005942762,0.12498234689465994,2.6451962287872757,2.5,1,mode_3,0.66,True,0.0
reinforced,52,180,mode_3,0.9802025014402251,0.12469487431395393,2.6314040297535413,2.5,1,mode_3,0.66,True,0.0
reinforced,52,200,mode_3,0.980199968239343,0.12470809668170194,2.620120766079642,2.5,1,mode_3,0.66,True,0.0
reinforced,52,220,mode_3,0.980251975274396,0.12443278599749757,2.6108414983475097,2.5,1,mode_3,0.66,True,0.0
reinforced,52,240,mode_3,0.9802280959227683,0.12455928695445556,2.6032615082749775,2.5,1,mode_3,0.66,True,0.0
reinforced,53,0,mode_2,0.66982916300444,1.0863608676683207,0.0,0.0,1,mode_2,0.66,True,0.0
reinforced,53,20,mode_2,0.8592679694009583,0.6000189337364419,0.6373257184096919,0.4833013409705115,1,mode_2,0.66,True,0.0
reinforced,53,40,mode_2,0.9471128033883384,0.28020933137757187,1.158598845006118,0.9819840551981006,1,mode_2,0.66,True,0.0
reinforced,53,60,mode_2,0.964710747517847,0.2015881598830033,1.5849517516323344,1.4137732572052346,1,mode_2,0.66,True,0.0
reinforced,53,80,mode_2,0.9721022002237031,0.16602698630933455,1.9336687518266613,1.7738982191331991,1,mode_2,0.66,True,0.0
reinforced,53,100,mode_2,0.9762597029946469,0.1451678245100464,2.2188868055436965,2.07194101407212,1,mode_2,0.66,True,0.0
reinforced,53,120,mode_2,0.978809051053543,0.13201445051310487,2.452168630406838,2.317788860987936,1,mode_2,0.66,True,0.0
reinforced,53,140,mode_2,0.9805220954057581,0.12300134256193127,2.6228035039439277,2.5,1,mode_2,0.66,True,0.0
reinforced,53,160,mode_2,0.9804794140658692,0.12322802000141572,2.6128638225450973,2.5,1,mode_2,0.66,True,0.0
reinforced,53,180,mode_2,0.980570310541573,0.12274535810066442,2.6047319246239735,2.5,1,mode_2,0.66,True,0.0
reinforced,53,200,mode_2,0.9806429700453402,0.12236006680128125,2.5980644500609116,2.5,1,mode_2,0.66,True,0.0
reinforced,53,220,mode_2,0.9806735600153168,0.12219704129279232,2.592582719104043,2.5,1,mode_2,0.66,True,0.0
reinforced,53,240,mode_2,0.980568690772917,0.12275412686370266,2.5881133956864915,2.5,1,mode_2,0.66,True,0.0
reinforced,54,0,mixed_2_4,0.3450725977017376,1.4938605835546004,0.0,0.0,5,mixed_0_4;mixed_2_4;mode_1;mode_2;mode_4,0.18,False,0.8
reinforced,54,20,mode_4,0.45976132253940355,1.3476603273434333,0.6373257184096919,0.24854033742568127,1,mode_4,0.66,True,0.0
reinforced,54,40,mode_4,0.7680536543977969,0.8049239735854001,1.158598845006118,0.5951047105160145,1,mode_4,0.66,True,0.0
reinforced,54,60,mode_4,0.9382667671060259,0.31607716660194063,1.584951751632335,1.0507739126813171,1,mode_4,0.66,True,0.0
reinforced,54,80,mode_4,0.9625124003474225,0.21175285664596283,1.9336687518266615,1.4677161103392025,1,mode_4,0.66,True,0.0
reinforced,54,100,mode_4,0.9710524397860895,0.1711672676764321,2.2188868055436965,1.8170173448721325,1,mode_4,0.66,True,0.0
reinforced,54,120,mode_4,0.9754296631474338,0.14937784078208044,2.452168630406839,2.1065989374043843,1,mode_4,0.66,True,0.0
reinforced,54,140,mode_4,0.9780557552863166,0.1359269598072803,2.6429714533777453,2.34562611624454,1,mode_4,0.66,True,0.0
reinforced,54,160,mode_4,0.9798939790321437,0.12631879856853837,2.7564533888851983,2.5,1,mode_4,0.66,True,0.0
reinforced,54,180,mode_4,0.9799187799521638,0.1261905238331616,2.7225786959938834,2.5,1,mode_4,0.66,True,0.0
reinforced,54,200,mode_4,0.9798893132434681,0.1263469103569573,2.6948503321366135,2.5,1,mode_4,0.66,True,0.0
reinforced,54,220,mode_4,0.9800066320564809,0.12572774214189839,2.672153977933245,2.5,1,mode_4,0.66,True,0.0
reinforced,54,240,mode_4,0.980175600206236,0.1248354269916349,2.6535256540014434,2.5,1,mode_4,0.66,True,0.0
reinforced,55,0,mode_4,0.5415201884011636,1.2529400922284317,0.0,0.0,2,mixed_3_4;mode_4,0.66,True,0.25
reinforced,55,20,mode_4,0.7591165447206623,0.8470907397920805,0.6373257184096919,0.4027225245729273,1,mode_4,0.66,True,0.0
reinforced,55,40,mode_4,0.9347843580260621,0.33083268540463695,1.158598845006118,0.889199739951664,1,mode_4,0.66,True,0.0
reinforced,55,60,mode_4,0.9615103594227712,0.21640413151744348,1.5849517516323346,1.334287623202653,1,mode_4,0.66,True,0.0
reinforced,55,80,mode_4,0.9704632175558922,0.1740578855895178,1.9336687518266615,1.7074938482217903,1,mode_4,0.66,True,0.0
reinforced,55,100,mode_4,0.9751345126786441,0.15087706667893913,2.218886805543696,2.016824873634076,1,mode_4,0.66,True,0.0
reinforced,55,120,mode_4,0.9780941404664044,0.1357293332086806,2.452168630406839,2.2721668262915693,1,mode_4,0.66,True,0.0
reinforced,55,140,mode_4,0.9801049893986986,0.12520676222669327,2.642971453377744,2.4824823144111274,1,mode_4,0.66,True,0.0
reinforced,55,160,mode_4,0.9802936641662156,0.12420895394582232,2.6437882360121683,2.5,1,mode_4,0.66,True,0.0
reinforced,55,180,mode_4,0.9803230065363976,0.12405504377486144,2.6301299522104484,2.5,1,mode_4,0.66,True,0.0
reinforced,55,200,mode_4,0.9803257453897644,0.12404075830536469,2.618946568666652,2.5,1,mode_4,0.66,True,0.0
reinforced,55,220,mode_4,0.980473430838059,0.12325880240335117,2.6097681817060825,2.5,1,mode_4,0.66,True,0.0
reinforced,55,240,mode_4,0.9803835308768538,0.12373420310605011,2.6022709702497835,2.5,1,mode_4,0.66,True,0.0
reinforced,56,0,mode_3,0.6992573117378422,1.0253428087620202,0.0,0.0,1,mode_3,0.66,True,0.0
reinforced,56,20,mode_3,0.8757739491919565,0.5469041860737942,0.637325718409692,0.4995254288887828,1,mode_3,0.66,True,0.0
reinforced,56,40,mode_3,0.949485921143908,0.27004172230447965,1.1585988450061182,0.9993000669259914,1,mode_3,0.66,True,0.0
reinforced,56,60,mode_3,0.9656311575509672,0.19725785870613666,1.5849517516323348,1.4289399483779424,1,mode_3,0.66,True,0.0
reinforced,56,80,mode_3,0.9724994309647761,0.16406623186928432,1.9336687518266624,1.7867822180695256,1,mode_3,0.66,True,0.0
reinforced,56,100,mode_3,0.9765495391796118,0.14368786277426196,2.2188868055436965,2.082769933717312,1,mode_3,0.66,True,0.0
reinforced,56,120,mode_3,0.9790063781848025,0.13098414008613848,2.4521686304068386,2.326787423548755,1,mode_3,0.66,True,0.0
reinforced,56,140,mode_3,0.9806554489312458,0.1222936391747633,2.615325582153832,2.5,1,mode_3,0.66,True,0.0
reinforced,56,160,mode_3,0.9807247276590291,0.12192584326127454,2.606685689119963,2.5,1,mode_3,0.66,True,0.0
reinforced,56,180,mode_3,0.9806740045434644,0.12219507590080333,2.599590980428434,2.5,1,mode_3,0.66,True,0.0
reinforced,56,200,mode_3,0.9807644557141195,0.12171450988463033,2.593779152501405,2.5,1,mode_3,0.66,True,0.0
reinforced,56,220,mode_3,0.980734223628894,0.12187510997022502,2.5890153288985456,2.5,1,mode_3,0.66,True,0.0
reinforced,56,240,mode_3,0.9807160249690298,0.12197198030646418,2.5851115223187104,2.5,1,mode_3,0.66,True,0.0
reinforced,57,0,mode_4,0.554764936973536,1.2540658216596772,0.0,0.0,1,mode_4,0.66,True,0.25
reinforced,57,20,mode_4,0.7798485378140674,0.8097651477128102,0.6373257184096919,0.41603794787563586,1,mode_4,0.66,True,0.0
reinforced,57,40,mode_4,0.9372387645367433,0.3211662873672096,1.158598845006118,0.9061089558847817,1,mode_4,0.66,True,0.0
reinforced,57,60,mode_4,0.9619767504135699,0.21429392101006323,1.5849517516323344,1.3483529434744987,1,mode_4,0.66,True,0.0
reinforced,57,80,mode_4,0.9705463224191775,0.1736604085704884,1.9336687518266604,1.7192117156051376,1,mode_4,0.66,True,0.0
reinforced,57,100,mode_4,0.9752496829605959,0.15029787612122242,2.218886805543695,2.0264739764911806,1,mode_4,0.66,True,0.0
reinforced,57,120,mode_4,0.9782314994814569,0.13501941912911927,2.4521686304068373,2.2801171615318836,1,mode_4,0.66,True,0.0
reinforced,57,140,mode_4,0.980133188318382,0.12505975249160964,2.6429714533777444,2.489015348286501,1,mode_4,0.66,True,0.0
reinforced,57,160,mode_4,0.9803962236900747,0.1236682193755679,2.6384584830388773,2.5,1,mode_4,0.66,True,0.0
reinforced,57,180,mode_4,0.9803212739921807,0.12406556397868035,2.625783032945371,2.5,1,mode_4,0.66,True,0.0
reinforced,57,200,mode_4,0.9803427803172092,0.1239513358322358,2.615393655295554,2.5,1,mode_4,0.66,True,0.0
reinforced,57,220,mode_4,0.9803949209587985,0.12367564887744215,2.6069175814223975,2.5,1,mode_4,0.66,True,0.0
reinforced,57,240,mode_4,0.9804236956367326,0.12352278373663575,2.5999645770841164,2.5,1,mode_4,0.66,True,0.0
reinforced,58,0,mode_4,0.5785987872478288,1.2349373399317154,0.0,0.0,1,mode_4,0.66,True,0.25
reinforced,58,20,mode_4,0.8017019304314532,0.761794095959329,0.637325718409692,0.43187133182047677,1,mode_4,0.66,True,0.0
reinforced,58,40,mode_4,0.9404443270901708,0.30813437848459624,1.1585988450061182,0.9246609574477508,1,mode_4,0.66,True,0.0
reinforced,58,60,mode_4,0.9625727228685778,0.2115433396318894,1.5849517516323348,1.3646710295505753,1,mode_4,0.66,True,0.0
reinforced,58,80,mode_4,0.9708910562155179,0.17197444080542548,1.9336687518266615,1.7328075904345235,1,mode_4,0.66,True,0.0
reinforced,58,100,mode_4,0.9754163674688081,0.149453303949399,2.218886805543696,2.0377984335974246,1,mode_4,0.66,True,0.0
reinforced,58,120,mode_4,0.9781337318707275,0.1355261743633576,2.4521686304068395,2.289428067270376,1,mode_4,0.66,True,0.0
reinforced,58,140,mode_4,0.9800087192175456,0.1257166571697991,2.6429714533777466,2.4966612397313486,1,mode_4,0.66,True,0.0
reinforced,58,160,mode_4,0.98038021368362,0.12375272568265944,2.632256824078981,2.5,1,mode_4,0.66,True,0.0
reinforced,58,180,mode_4,0.9804385870070456,0.123443898200315,2.6206815262705914,2.5,1,mode_4,0.66,True,0.0
reinforced,58,200,mode_4,0.9803551536250187,0.1238854053159565,2.6112078740878553,2.5,1,mode_4,0.66,True,0.0
reinforced,58,220,mode_4,0.9804359729454644,0.12345666532837629,2.603471337543006,2.5,1,mode_4,0.66,True,0.0
reinforced,58,240,mode_4,0.9804589948814182,0.12333477305502932,2.59711447956187,2.5,1,mode_4,0.66,True,0.0
reinforced,59,0,mode_3,0.5444034164635435,1.2787421313065197,0.0,0.0,2,mixed_0_3;mode_3,0.6000000000000001,False,0.5
reinforced,59,20,mode_3,0.7729003431900378,0.8333089869390645,0.637325718409692,0.41004214142217155,1,mode_3,0.66,True,0.0
reinforced,59,40,mode_3,0.9362859693883704,0.32508325195609916,1.1585988450061178,0.8995463640280372,1,mode_3,0.66,True,0.0
reinforced,59,60,mode_3,0.961154158808889,0.21807701048923797,1.5849517516323346,1.3428778152249414,1,mode_3,0.66,True,0.0
reinforced,59,80,mode_3,0.9704275024216208,0.17423415587235186,1.9336687518266613,1.7145391048154281,1,mode_3,0.66,True,0.0
reinforced,59,100,mode_3,0.9753818405150352,0.14962490208408563,2.2188868055436965,2.0225851608108485,1,mode_3,0.66,True,0.0
reinforced,59,120,mode_3,0.9780473871728116,0.1359716013592059,2.452168630406839,2.2768591050160074,1,mode_3,0.66,True,0.0
reinforced,59,140,mode_3,0.9800742708564464,0.1253700889146208,2.642971453377745,2.4863043120777526,1,mode_3,0.66,True,0.0
reinforced,59,160,mode_3,0.9802795517436014,0.12428524983759894,2.640723375958062,2.5,1,mode_3,0.66,True,0.0
reinforced,59,180,mode_3,0.9803149702030555,0.12409748936388665,2.6276464001147692,2.5,1,mode_3,0.66,True,0.0
reinforced,59,200,mode_3,0.980273506499877,0.12431705888195141,2.616980920985358,2.5,1,mode_3,0.66,True,0.0
reinforced,59,220,mode_3,0.9803622080366587,0.12384777662499565,2.608203370809456,2.5,1,mode_3,0.66,True,0.0
reinforced,59,240,mode_3,0.9802432276983286,0.12447775754795358,2.601020975545081,2.5,1,mode_3,0.66,True,0.0
reinforced,60,0,mode_3,0.602507364275923,1.173764133164186,0.0,0.0,1,mode_3,0.66,True,0.25
reinforced,60,20,mode_3,0.8164309884653124,0.715658517539857,0.637325718409692,0.44535502371247687,1,mode_3,0.66,True,0.0
reinforced,60,40,mode_3,0.9427709713056135,0.2983921708578039,1.1585988450061182,0.9403163803276697,1,mode_3,0.66,True,0.0
reinforced,60,60,mode_3,0.9633995063797476,0.20770460577952923,1.5849517516323341,1.378290054458944,1,mode_3,0.66,True,0.0
reinforced,60,80,mode_3,0.9714249576039559,0.16935353324073868,1.9336687518266613,1.7442357420451895,1,mode_3,0.66,True,0.0
reinforced,60,100,mode_3,0.9758529564485544,0.14723487035192678,2.218886805543697,2.047323311191844,1,mode_3,0.66,True,0.0
reinforced,60,120,mode_3,0.9784677769773701,0.1337895414431883,2.45216863040684,2.297396088241619,1,mode_3,0.66,True,0.0
reinforced,60,140,mode_3,0.9802726300152301,0.12432163070153465,2.639660079104485,2.5,1,mode_3,0.66,True,0.0
reinforced,60,160,mode_3,0.9805638032287727,0.1227790546154156,2.6267067119432923,2.5,1,mode_3,0.66,True,0.0
reinforced,60,180,mode_3,0.9804173483031473,0.12355637406727119,2.6160924855405256,2.5,1,mode_3,0.66,True,0.0
reinforced,60,200,mode_3,0.9804401114628237,0.12343461874711936,2.607398924098922,2.5,1,mode_3,0.66,True,0.0
reinforced,60,220,mode_3,0.9803705183690626,0.12380443087735929,2.6002754045940386,2.5,1,mode_3,0.66,True,0.0
reinforced,60,240,mode_3,0.9805834341856571,0.12267516957483779,2.5944313710908165,2.5,1,mode_3,0.66,True,0.0
reinforced,61,0,mode_4,0.5769167547926715,1.2540762541301682,0.0,0.0,1,mode_4,0.66,False,0.5
reinforced,61,20,mode_4,0.8005407947123682,0.7716333390949193,0.6373257184096919,0.4285279569573281,1,mode_4,0.66,True,0.0
reinforced,61,40,mode_4,0.9391113526552671,0.31373456604090055,1.158598845006118,0.9218226539153436,1,mode_4,0.66,True,0.0
reinforced,61,60,mode_4,0.9618425408985226,0.21492966167978744,1.5849517516323346,1.3618698946187247,1,mode_4,0.66,True,0.0
reinforced,61,80,mode_4,0.9707889983716071,0.17248076941778545,1.9336687518266609,1.7303458950350592,1,mode_4,0.66,True,0.0
reinforced,61,100,mode_4,0.9754422815610453,0.14932499610391836,2.2188868055436957,2.035668942471675,1,mode_4,0.66,True,0.0
reinforced,61,120,mode_4,0.9780520101731245,0.1359513467924316,2.4521686304068373,2.2876156112019954,1,mode_4,0.66,True,0.0
reinforced,61,140,mode_4,0.9801375583943717,0.12503773980622881,2.6429714533777435,2.4951633159158715,1,mode_4,0.66,True,0.0
reinforced,61,160,mode_4,0.9802470808122551,0.1244588042269121,2.63348998037257,2.5,1,mode_4,0.66,True,0.0
reinforced,61,180,mode_4,0.9803682591239529,0.12381691867257552,2.6217618034760672,2.5,1,mode_4,0.66,True,0.0
reinforced,61,200,mode_4,0.9802981622034362,0.12418810932780142,2.6121665536160976,2.5,1,mode_4,0.66,True,0.0
reinforced,61,220,mode_4,0.9803139314656324,0.12410467128238312,2.6043244230555667,2.5,1,mode_4,0.66,True,0.0
reinforced,61,240,mode_4,0.9804003008196938,0.12364695014757485,2.597861396663158,2.5,1,mode_4,0.66,True,0.0
reinforced,62,0,mode_2,0.5141860876543448,1.3394375371835363,0.0,0.0,2,mixed_1_2;mode_2,0.54,False,0.5
reinforced,62,20,mode_2,0.7457927772160148,0.9050592000875093,0.6373257184096919,0.39142354543782487,1,mode_2,0.66,True,0.0
reinforced,62,40,mode_2,0.930850420686721,0.34702669324403296,1.1585988450061182,0.875327682367006,1,mode_2,0.66,True,0.0
reinforced,62,60,mode_2,0.9602096390275683,0.22241989278951302,1.5849517516323355,1.321733583947887,1,mode_2,0.66,True,0.0
reinforced,62,80,mode_2,0.9697253983418738,0.17766001099912032,1.9336687518266622,1.6966831767668347,1,mode_2,0.66,True,0.0
reinforced,62,100,mode_2,0.9748195443920763,0.15247232648283154,2.218886805543698,2.007652013285259,1,mode_2,0.66,True,0.0
reinforced,62,120,mode_2,0.9777975549030271,0.13726843005369224,2.4521686304068386,2.2644491208023116,1,mode_2,0.66,True,0.0
reinforced,62,140,mode_2,0.9796866860475912,0.127415170360413,2.6429714533777457,2.476000641235105,1,mode_2,0.66,True,0.0
reinforced,62,160,mode_2,0.9802095947573951,0.1246570515145843,2.6492600452282007,2.5,1,mode_2,0.66,True,0.0
reinforced,62,180,mode_2,0.9800929950881503,0.12527312659480042,2.6347596847650783,2.5,1,mode_2,0.66,True,0.0
reinforced,62,200,mode_2,0.9801727037667575,0.12485196813352012,2.6228480507918754,2.5,1,mode_2,0.66,True,0.0
reinforced,62,220,mode_2,0.9802684568183007,0.1243457530943863,2.6130821278948106,2.5,1,mode_2,0.66,True,0.0
reinforced,62,240,mode_2,0.9802110996472491,0.12464922621842238,2.605081351167729,2.5,1,mode_2,0.66,True,0.0
reinforced,63,0,mixed_3_4,0.4048541131651462,1.3702709408228224,0.0,0.0,4,mixed_1_3_4;mixed_2_3_4;mode_3;mode_4,0.060000000000000005,False,0.8
reinforced,63,20,mode_3,0.5105419572261071,1.1843351342282376,0.6373257184096921,0.28302173433269306,1,mode_3,0.66,True,0.0
reinforced,63,40,mode_3,0.7689431389144741,0.7529957670520913,1.1585988450061182,0.6395660595124358,1,mode_3,0.66,True,0.0
reinforced,63,60,mode_3,0.9404055117376101,0.30556036986011526,1.5849517516323348,1.085259285951735,1,mode_3,0.66,True,0.0
reinforced,63,80,mode_3,0.9638861677535671,0.2052665923725676,1.9336687518266613,1.49703638743214,1,mode_3,0.66,True,0.0
reinforced,63,100,mode_3,0.9716834848185533,0.16803445463497307,2.2188868055436957,1.8416540973921278,1,mode_3,0.66,True,0.0
reinforced,63,120,mode_3,0.9759985511925412,0.14647559088083797,2.4521686304068364,2.1271279414378546,1,mode_3,0.66,True,0.0
reinforced,63,140,mode_3,0.9784636885511274,0.1338002168139109,2.6429714533777435,2.3627233865952153,1,mode_3,0.66,True,0.0
reinforced,63,160,mode_3,0.979939132914628,0.12607657536164754,2.742312542631142,2.5,1,mode_3,0.66,True,0.0
reinforced,63,180,mode_3,0.9800229741730326,0.1256380634920948,2.7109402244574166,2.5,1,mode_3,0.66,True,0.0
reinforced,63,200,mode_3,0.9800394984754672,0.12555169828837187,2.685231110131789,2.5,1,mode_3,0.66,True,0.0
reinforced,63,220,mode_3,0.9801043784531227,0.12520825296601004,2.6641373504126515,2.5,1,mode_3,0.66,True,0.0
reinforced,63,240,mode_3,0.9802831345520744,0.12426354911268993,2.646889474472954,2.5,1,mode_3,0.66,True,0.0
no_reinforcement,0,0,mode_1,0.43681258148181906,1.4244362360897966,0.0,0.0,3,mixed_0_1;mode_1;mode_4,0.24000000000000002,False,0.5
no_reinforcement,0,20,mode_1,0.4640024937206857,1.3998811962272621,0.0,0.0,3,mixed_0_1;mixed_1_4;mode_1,0.30000000000000004,False,0.5
no_reinforcement,0,40,mode_1,0.4930390757520905,1.3681355179081265,0.0,0.0,3,mixed_0_1;mixed_1_4;mode_1,0.30000000000000004,False,0.5
no_reinforcement,0,60,mode_1,0.5119364240501973,1.3471983385633266,0.0,0.0,3,mixed_0_1;mixed_1_4;mode_1,0.36,False,0.5
no_reinforcement,0,80,mode_1,0.5311452827902112,1.3235541118301872,0.0,0.0,3,mixed_0_1;mixed_1_4;mode_1,0.36,False,0.5
no_reinforcement,0,100,mode_1,0.5517044797853459,1.294747887341135,0.0,0.0,3,mixed_0_1;mixed_1_4;mode_1,0.42,False,0.5
no_reinforcement,0,120,mode_1,0.5544534591709155,1.2929521927851824,0.0,0.0,3,mixed_0_1;mixed_1_4;mode_1,0.42,False,0.5
no_reinforcement,0,140,mode_1,0.5551114432216299,1.2919639181633582,0.0,0.0,3,mixed_0_1;mixed_1_4;mode_1,0.42,False,0.5
no_reinforcement,0,160,mode_1,0.5618323212460911,1.2811960407538951,0.0,0.0,3,mixed_0_1;mixed_1_4;mode_1,0.42,False,0.5
no_reinforcement,0,180,mode_1,0.565418082235014,1.2772674593683502,0.0,0.0,3,mixed_0_1;mixed_1_4;mode_1,0.42,False,0.5
no_reinforcement,0,200,mode_1,0.5628185220251893,1.279214579316242,0.0,0.0,3,mixed_0_1;mixed_1_4;mode_1,0.42,False,0.5
no_reinforcement,0,220,mode_1,0.5621884174401546,1.2807108092881099,0.0,0.0,3,mixed_0_1;mixed_1_4;mode_1,0.42,False,0.5
no_reinforcement,0,240,mode_1,0.5685905353073709,1.2703938208818562,0.0,0.0,3,mixed_0_1;mixed_1_4;mode_1,0.42,False,0.5
no_reinforcement,1,0,mixed_0_2_4,0.4086616137794056,1.3944900638476656,0.0,0.0,3,mode_0;mode_2;mode_4,0.060000000000000005,False,1.0
no_reinforcement,1,20,mode_2,0.4351501788925815,1.3772132742130336,0.0,0.0,3,mode_0;mode_2;mode_4,0.24000000000000002,False,0.5
no_reinforcement,1,40,mode_2,0.4693790806038393,1.3516764178753982,0.0,0.0,3,mixed_0_2;mode_2;mode_4,0.30000000000000004,False,0.5
no_reinforcement,1,60,mode_2,0.49625090208723033,1.323723401663898,0.0,0.0,3,mixed_0_2;mode_2;mode_4,0.30000000000000004,False,0.5
no_reinforcement,1,80,mode_2,0.5000307650682393,1.3239021865437228,0.0,0.0,3,mixed_0_2;mode_2;mode_4,0.30000000000000004,False,0.5
no_reinforcement,1,100,mode_2,0.517077292305407,1.3079268670268065,0.0,0.0,3,mixed_0_2;mode_2;mode_4,0.36,False,0.5
no_reinforcement,1,120,mode_2,0.5293677581050331,1.2973579736997258,0.0,0.0,3,mixed_0_2;mode_2;mode_4,0.36,False,0.5
no_reinforcement,1,140,mode_2,0.5497635628021347,1.2703895734255515,0.0,0.0,3,mixed_0_2;mixed_2_4;mode_2,0.36,False,0.5
no_reinforcement,1,160,mode_2,0.5539474714826841,1.2676210868705176,0.0,0.0,3,mixed_0_2;mixed_2_4;mode_2,0.36,False,0.5
no_reinforcement,1,180,mode_2,0.5685614747379554,1.2481759238875088,0.0,0.0,3,mixed_0_2;mixed_2_4;mode_2,0.42,False,0.5
no_reinforcement,1,200,mode_2,0.5651170601056398,1.254601541947068,0.0,0.0,3,mixed_0_2;mixed_2_4;mode_2,0.42,False,0.5
no_reinforcement,1,220,mode_2,0.5683729533524162,1.2493333993903906,0.0,0.0,3,mixed_0_2;mixed_2_4;mode_2,0.42,False,0.5
no_reinforcement,1,240,mode_2,0.5554232307619584,1.2659698307306269,0.0,0.0,3,mixed_0_2;mixed_2_4;mode_2,0.36,False,0.5
no_reinforcement,2,0,mode_2,0.6786051129913856,1.060463150690002,0.0,0.0,1,mode_2,0.66,True,0.0
no_reinforcement,2,20,mode_2,0.6864484058502337,1.0447045632805554,0.0,0.0,1,mode_2,0.66,True,0.0
no_reinforcement,2,40,mode_2,0.6903056566985432,1.0380240823350908,0.0,0.0,1,mode_2,0.66,True,0.0
no_reinforcement,2,60,mode_2,0.6861019235476363,1.0477341314123012,0.0,0.0,1,mode_2,0.66,True,0.0
no_reinforcement,2,80,mode_2,0.6877564273039122,1.0451774817972965,0.0,0.0,1,mode_2,0.66,True,0.0
no_reinforcement,2,100,mode_2,0.6888613706348189,1.0421511703795618,0.0,0.0,1,mode_2,0.66,True,0.0
no_reinforcement,2,120,mode_2,0.6911606060255654,1.0387122591250104,0.0,0.0,1,mode_2,0.66,True,0.0
no_reinforcement,2,140,mode_2,0.6860056102371027,1.0475024811926732,0.0,0.0,1,mode_2,0.66,True,0.0
no_reinforcement,2,160,mode_2,0.6852768381121166,1.0496691135203635,0.0,0.0,1,mode_2,0.66,True,0.0
no_reinforcement,2,180,mode_2,0.6881674602703224,1.0442631819236556,0.0,0.0,1,mode_2,0.66,True,0.0
no_reinforcement,2,200,mode_2,0.6886705362601048,1.043730727207244,0.0,0.0,1,mode_2,0.66,True,0.0
no_reinforcement,2,220,mode_2,0.6920005103473954,1.0363066716488945,0.0,0.0,1,mode_2,0.66,True,0.0
no_reinforcement,2,240,mode_2,0.6924805048694587,1.0350049406115431,0.0,0.0,1,mode_2,0.66,True,0.0
no_reinforcement,3,0,mixed_0_1,0.37995070900539557,1.4274909683676134,0.0,0.0,4,mixed_0_1_4;mode_0;mode_1;mode_3,0.060000000000000005,False,0.6
no_reinforcement,3,20,mixed_0_1,0.3996711903294657,1.416906857395474,0.0,0.0,4,mixed_0_1_4;mode_0;mode_1;mode_3,0.060000000000000005,False,0.8
no_reinforcement,3,40,mode_0,0.42686312057476816,1.394900121376723,0.0,0.0,4,mixed_0_1_4;mixed_0_3;mode_0;mode_1,0.18,False,0.5
no_reinforcement,3,60,mode_0,0.44640965674828204,1.37746412560959,0.0,0.0,4,mixed_0_3;mixed_0_4;mode_0;mode_1,0.24000000000000002,False,0.5
no_reinforcement,3,80,mode_0,0.4622585697348019,1.3644610845288976,0.0,0.0,3,mixed_0_3;mode_0;mode_1,0.24000000000000002,False,0.5
no_reinforcement,3,100,mode_0,0.4863350092033922,1.3432738216975735,0.0,0.0,3,mixed_0_3;mode_0;mode_1,0.30000000000000004,False,0.5
no_reinforcement,3,120,mode_0,0.49743144772499615,1.3340640634672172,0.0,0.0,3,mixed_0_3;mode_0;mode_1,0.30000000000000004,False,0.5
no_reinforcement,3,140,mode_0,0.5096521365899771,1.317831374372973,0.0,0.0,3,mixed_0_3;mode_0;mode_1,0.36,False,0.5
no_reinforcement,3,160,mode_0,0.5215246813429383,1.306992656817639,0.0,0.0,3,mixed_0_3;mode_0;mode_1,0.36,False,0.5
no_reinforcement,3,180,mode_0,0.5320013060884858,1.2948970829866286,0.0,0.0,3,mixed_0_3;mode_0;mode_1,0.36,False,0.5
no_reinforcement,3,200,mode_0,0.5341384622631017,1.292958264078603,0.0,0.0,3,mixed_0_3;mode_0;mode_1,0.36,False,0.5
no_reinforcement,3,220,mode_0,0.5247110723351436,1.308223773369103,0.0,0.0,3,mixed_0_3;mode_0;mode_1,0.36,False,0.5
no_reinforcement,3,240,mode_0,0.5205241081107376,1.3151062242307054,0.0,0.0,3,mixed_0_3;mode_0;mode_1,0.36,False,0.5
no_reinforcement,4,0,mixed_0_3,0.4189251172788623,1.2934382141678338,0.0,0.0,3,mixed_0_3;mode_0;mode_3,0.060000000000000005,False,0.8
no_reinforcement,4,20,mixed_0_3,0.42317613074839644,1.2895551402397936,0.0,0.0,3,mixed_0_3;mode_0;mode_3,0.060000000000000005,False,0.8
no_reinforcement,4,40,mode_0,0.43233876380625474,1.2861206248109311,0.0,0.0,2,mode_0;mode_3,0.48000000000000004,False,0.5
no_reinforcement,4,60,mode_0,0.43163829718825036,1.2825534990113008,0.0,0.0,2,mode_0;mode_3,0.48000000000000004,False,0.5
no_reinforcement,4,80,mode_0,0.43469344520096354,1.287058028611004,0.0,0.0,2,mode_0;mode_3,0.48000000000000004,False,0.5
no_reinforcement,4,100,mode_0,0.4386586169404583,1.28303556549598,0.0,0.0,2,mode_0;mode_3,0.54,False,0.5
no_reinforcement,4,120,mode_0,0.44904180418459266,1.2816488358834923,0.0,0.0,2,mode_0;mode_3,0.6000000000000001,False,0.5
no_reinforcement,4,140,mode_0,0.46056979034303497,1.2723253925861837,0.0,0.0,2,mode_0;mode_3,0.66,False,0.5
no_reinforcement,4,160,mode_0,0.45833347664193674,1.2810030907275058,0.0,0.0,2,mode_0;mode_3,0.66,False,0.5
no_reinforcement,4,180,mode_0,0.4579901707768715,1.2771716363925056,0.0,0.0,2,mode_0;mode_3,0.66,False,0.5
no_reinforcement,4,200,mode_0,0.45252037282072444,1.285478325105112,0.0,0.0,2,mode_0;mode_3,0.6000000000000001,False,0.5
no_reinforcement,4,220,mode_0,0.4534811473274168,1.2809055925902166,0.0,0.0,2,mode_0;mode_3,0.6000000000000001,False,0.5
no_reinforcement,4,240,mode_0,0.46378778571039925,1.2763151804903716,0.0,0.0,2,mode_0;mode_3,0.66,False,0.5
no_reinforcement,5,0,mode_4,0.6573107706878195,1.1156991813400534,0.0,0.0,1,mode_4,0.66,True,0.0
no_reinforcement,5,20,mode_4,0.6562376256903031,1.117670834343731,0.0,0.0,1,mode_4,0.66,True,0.0
no_reinforcement,5,40,mode_4,0.6529841539472184,1.1243903827695176,0.0,0.0,1,mode_4,0.66,True,0.0
no_reinforcement,5,60,mode_4,0.6599668803235494,1.1107434654061332,0.0,0.0,1,mode_4,0.66,True,0.0
no_reinforcement,5,80,mode_4,0.6623409329594698,1.1058988304093844,0.0,0.0,1,mode_4,0.66,True,0.0
no_reinforcement,5,100,mode_4,0.6647325735582996,1.1008610735405229,0.0,0.0,1,mode_4,0.66,True,0.0
no_reinforcement,5,120,mode_4,0.6623913267844387,1.1060879819331664,0.0,0.0,1,mode_4,0.66,True,0.0
no_reinforcement,5,140,mode_4,0.6643250568745659,1.1018779678953436,0.0,0.0,1,mode_4,0.66,True,0.0
no_reinforcement,5,160,mode_4,0.6638235752579078,1.102973058673232,0.0,0.0,1,mode_4,0.66,True,0.0
no_reinforcement,5,180,mode_4,0.6540660909298986,1.1225393366645382,0.0,0.0,1,mode_4,0.66,True,0.0
no_reinforcement,5,200,mode_4,0.6601113706741929,1.1106117042147783,0.0,0.0,1,mode_4,0.66,True,0.0
no_reinforcement,5,220,mode_4,0.6651606570939341,1.1003839864992058,0.0,0.0,1,mode_4,0.66,True,0.0
no_reinforcement,5,240,mode_4,0.6651120940186593,1.100165460398801,0.0,0.0,1,mode_4,0.66,True,0.0
no_reinforcement,6,0,mode_2,0.7018110921636135,1.0206900836334285,0.0,0.0,1,mode_2,0.66,True,0.0
no_reinforcement,6,20,mode_2,0.7006126291211102,1.0233900771777595,0.0,0.0,1,mode_2,0.66,True,0.0
no_reinforcement,6,40,mode_2,0.7045748454754559,1.0145974675910139,0.0,0.0,1,mode_2,0.66,True,0.0
no_reinforcement,6,60,mode_2,0.7019220030597776,1.0204860002265765,0.0,0.0,1,mode_2,0.66,True,0.0
no_reinforcement,6,80,mode_2,0.6986351252131452,1.0277233526529854,0.0,0.0,1,mode_2,0.66,True,0.0
no_reinforcement,6,100,mode_2,0.6936671664322687,1.0385302414123014,0.0,0.0,1,mode_2,0.66,True,0.0
no_reinforcement,6,120,mode_2,0.6940818329699262,1.0375042673895258,0.0,0.0,1,mode_2,0.66,True,0.0
no_reinforcement,6,140,mode_2,0.6957840784087633,1.033852536183287,0.0,0.0,1,mode_2,0.66,True,0.0
no_reinforcement,6,160,mode_2,0.7009352575035639,1.022958712512403,0.0,0.0,1,mode_2,0.66,True,0.0
no_reinforcement,6,180,mode_2,0.7015519934101139,1.0215767604615968,0.0,0.0,1,mode_2,0.66,True,0.0
no_reinforcement,6,200,mode_2,0.7000346795481975,1.0242919259130694,0.0,0.0,1,mode_2,0.66,True,0.0
no_reinforcement,6,220,mode_2,0.7023965763881702,1.019060922663485,0.0,0.0,1,mode_2,0.66,True,0.0
no_reinforcement,6,240,mode_2,0.698453461075228,1.0279223909245037,0.0,0.0,1,mode_2,0.66,True,0.0
no_reinforcement,7,0,mode_3,0.6680084123653327,1.0907586285600404,0.0,0.0,1,mode_3,0.66,True,0.0
no_reinforcement,7,20,mode_3,0.6739078141815691,1.0780742531011138,0.0,0.0,1,mode_3,0.66,True,0.0
no_reinforcement,7,40,mode_3,0.6781038285715696,1.070418179219871,0.0,0.0,1,mode_3,0.66,True,0.0
no_reinforcement,7,60,mode_3,0.6777532417609525,1.0719632111964041,0.0,0.0,1,mode_3,0.66,True,0.0
no_reinforcement,7,80,mode_3,0.6778721056190652,1.071657446532408,0.0,0.0,1,mode_3,0.66,True,0.0
no_reinforcement,7,100,mode_3,0.6681072979360873,1.0918614746283617,0.0,0.0,1,mode_3,0.66,True,0.0
no_reinforcement,7,120,mode_3,0.6732178760451833,1.081300390230676,0.0,0.0,1,mode_3,0.66,True,0.0
no_reinforcement,7,140,mode_3,0.6722998889488836,1.0823653570240894,0.0,0.0,1,mode_3,0.66,True,0.0
no_reinforcement,7,160,mode_3,0.6719985376507823,1.083041331463374,0.0,0.0,1,mode_3,0.66,True,0.0
no_reinforcement,7,180,mode_3,0.6798825917263853,1.0669481223353536,0.0,0.0,1,mode_3,0.66,True,0.0
no_reinforcement,7,200,mode_3,0.6683443114923547,1.0905979548036857,0.0,0.0,1,mode_3,0.66,True,0.0
no_reinforcement,7,220,mode_3,0.6787031900860453,1.06986004791804,0.0,0.0,1,mode_3,0.66,True,0.0
no_reinforcement,7,240,mode_3,0.6738673322546413,1.079290788259325,0.0,0.0,1,mode_3,0.66,True,0.0
no_reinforcement,8,0,mode_2,0.4621404182733925,1.263573260896882,0.0,0.0,2,mode_2;mode_4,0.66,True,0.25
no_reinforcement,8,20,mode_2,0.4626571751218542,1.267225698783909,0.0,0.0,2,mode_2;mode_4,0.66,True,0.25
no_reinforcement,8,40,mode_2,0.4626710316734412,1.274132092252683,0.0,0.0,2,mode_2;mode_4,0.66,True,0.25
no_reinforcement,8,60,mode_2,0.4711143870089386,1.2594356874505022,0.0,0.0,2,mode_2;mode_4,0.66,True,0.25
no_reinforcement,8,80,mode_2,0.483677167139374,1.24961830596032,0.0,0.0,2,mode_2;mode_4,0.66,True,0.25
no_reinforcement,8,100,mode_2,0.4829801998131275,1.2520776415366281,0.0,0.0,2,mode_2;mode_4,0.66,True,0.25
no_reinforcement,8,120,mode_2,0.48403495147054715,1.2592939439850783,0.0,0.0,2,mode_2;mode_4,0.66,True,0.25
no_reinforcement,8,140,mode_2,0.48572455803678294,1.259653058382698,0.0,0.0,2,mode_2;mode_4,0.66,True,0.25
no_reinforcement,8,160,mode_2,0.4911347943783911,1.250567361622663,0.0,0.0,2,mode_2;mode_4,0.66,True,0.25
no_reinforcement,8,180,mode_2,0.4979142300089236,1.2505871588670376,0.0,0.0,2,mode_2;mode_4,0.66,True,0.25
no_reinforcement,8,200,mode_2,0.49331798360574136,1.2549215749453084,0.0,0.0,2,mode_2;mode_4,0.66,True,0.25
no_reinforcement,8,220,mode_2,0.5025426707884779,1.248652629832822,0.0,0.0,2,mode_2;mode_4,0.66,True,0.25
no_reinforcement,8,240,mode_2,0.5199746511259431,1.2401287935607528,0.0,0.0,2,mode_2;mode_4,0.66,True,0.25
no_reinforcement,9,0,mode_3,0.5607722445131889,1.25819131111012,0.0,0.0,2,mixed_0_3;mode_3,0.66,True,0.25
no_reinforcement,9,20,mode_3,0.5846024143110036,1.2252932791873912,0.0,0.0,1,mode_3,0.66,True,0.25
no_reinforcement,9,40,mode_3,0.5973793361353055,1.2108294038660428,0.0,0.0,1,mode_3,0.66,True,0.25
no_reinforcement,9,60,mode_3,0.6179100200846676,1.1761327271552657,0.0,0.0,1,mode_3,0.66,True,0.25
no_reinforcement,9,80,mode_3,0.6217860137025907,1.1735192141545785,0.0,0.0,1,mode_3,0.66,True,0.25
no_reinforcement,9,100,mode_3,0.6143195853415993,1.1863646775721208,0.0,0.0,1,mode_3,0.66,True,0.25
no_reinforcement,9,120,mode_3,0.6112798933136754,1.193127679604913,0.0,0.0,1,mode_3,0.66,True,0.25
no_reinforcement,9,140,mode_3,0.6167295582801461,1.1825888156494087,0.0,0.0,1,mode_3,0.66,True,0.25
no_reinforcement,9,160,mode_3,0.6183483764079158,1.180780100875858,0.0,0.0,1,mode_3,0.66,True,0.25
no_reinforcement,9,180,mode_3,0.6149770952274212,1.1859295729819848,0.0,0.0,1,mode_3,0.66,True,0.25
no_reinforcement,9,200,mode_3,0.6176323112527276,1.1804218538183622,0.0,0.0,1,mode_3,0.66,True,0.25
no_reinforcement,9,220,mode_3,0.615207511375519,1.1862251125015715,0.0,0.0,1,mode_3,0.66,True,0.25
no_reinforcement,9,240,mode_3,0.617146458314771,1.1818162257975033,0.0,0.0,1,mode_3,0.66,True,0.25
no_reinforcement,10,0,mixed_0_1,0.41616670769745817,1.3566452802127964,0.0,0.0,4,mixed_0_1_3;mixed_0_1_4;mode_0;mode_1,0.060000000000000005,False,0.8
no_reinforcement,10,20,mode_1,0.43241382936631767,1.3346786681997467,0.0,0.0,4,mixed_0_1_3;mixed_0_1_4;mode_0;mode_1,0.36,False,0.75
no_reinforcement,10,40,mode_1,0.43972256419361017,1.3302897785672143,0.0,0.0,4,mixed_0_1_3;mixed_0_1_4;mode_0;mode_1,0.36,False,0.5
no_reinforcement,10,60,mode_1,0.4415049723901833,1.3351967768248163,0.0,0.0,4,mixed_0_1_3;mixed_0_1_4;mode_0;mode_1,0.36,False,0.5
no_reinforcement,10,80,mode_1,0.44738309874912335,1.3346576555393388,0.0,0.0,4,mixed_0_1_3;mixed_0_1_4;mode_0;mode_1,0.42,False,0.75
no_reinforcement,10,100,mode_1,0.46311593432233994,1.3295959788530909,0.0,0.0,3,mixed_0_1_3;mode_0;mode_1,0.42,False,0.5
no_reinforcement,10,120,mode_1,0.47840873221793806,1.312942699120109,0.0,0.0,2,mode_0;mode_1,0.48000000000000004,False,0.5
no_reinforcement,10,140,mode_1,0.4759909359749262,1.3170844330241394,0.0,0.0,2,mode_0;mode_1,0.48000000000000004,False,0.75
no_reinforcement,10,160,mode_1,0.4754692159832014,1.318689258241482,0.0,0.0,2,mode_0;mode_1,0.48000000000000004,False,0.75
no_reinforcement,10,180,mode_1,0.48170387771386775,1.316626757274331,0.0,0.0,2,mode_0;mode_1,0.48000000000000004,False,0.5
no_reinforcement,10,200,mode_1,0.4892320888156241,1.311264689750796,0.0,0.0,2,mode_0;mode_1,0.48000000000000004,False,0.5
no_reinforcement,10,220,mode_1,0.5086419135511814,1.2915027427795278,0.0,0.0,2,mode_0;mode_1,0.54,False,0.5
no_reinforcement,10,240,mode_1,0.5111410315701346,1.296045731058251,0.0,0.0,2,mode_0;mode_1,0.54,False,0.5
no_reinforcement,11,0,mode_1,0.6978238833705134,1.0297183904190035,0.0,0.0,1,mode_1,0.66,True,0.0
no_reinforcement,11,20,mode_1,0.6967160033500948,1.0318822882958032,0.0,0.0,1,mode_1,0.66,True,0.0
no_reinforcement,11,40,mode_1,0.7003478518323432,1.024634700065558,0.0,0.0,1,mode_1,0.66,True,0.0
no_reinforcement,11,60,mode_1,0.7075341078884696,1.0083755584906813,0.0,0.0,1,mode_1,0.66,True,0.0
no_reinforcement,11,80,mode_1,0.6969518481283086,1.0319170112362674,0.0,0.0,1,mode_1,0.66,True,0.0
no_reinforcement,11,100,mode_1,0.6956959978384107,1.034581476036442,0.0,0.0,1,mode_1,0.66,True,0.0
no_reinforcement,11,120,mode_1,0.7000855163422396,1.0247084015623777,0.0,0.0,1,mode_1,0.66,True,0.0
no_reinforcement,11,140,mode_1,0.7019083294380726,1.0207442515701015,0.0,0.0,1,mode_1,0.66,True,0.0
no_reinforcement,11,160,mode_1,0.6987986553822543,1.027969092678995,0.0,0.0,1,mode_1,0.66,True,0.0
no_reinforcement,11,180,mode_1,0.6981310461429795,1.029338610944254,0.0,0.0,1,mode_1,0.66,True,0.0
no_reinforcement,11,200,mode_1,0.6993885454843194,1.0261638470527266,0.0,0.0,1,mode_1,0.66,True,0.0
no_reinforcement,11,220,mode_1,0.701914774073062,1.0202851359630134,0.0,0.0,1,mode_1,0.66,True,0.0
no_reinforcement,11,240,mode_1,0.6941412023304283,1.0376660190283635,0.0,0.0,1,mode_1,0.66,True,0.0
no_reinforcement,12,0,mixed_0_4,0.39666142213628897,1.4339365413452572,0.0,0.0,5,mixed_0_1_4;mixed_0_2_4;mixed_0_3;mode_0;mode_4,0.060000000000000005,False,0.8
no_reinforcement,12,20,mode_0,0.4240049565555469,1.4139317123055406,0.0,0.0,4,mixed_0_2;mixed_0_3;mode_0;mode_4,0.30000000000000004,False,0.75
no_reinforcement,12,40,mode_0,0.45192405085587134,1.3888562328906229,0.0,0.0,4,mixed_0_2;mixed_0_3;mode_0;mode_4,0.36,False,0.75
no_reinforcement,12,60,mode_0,0.4822449592498036,1.3626842831656747,0.0,0.0,4,mixed_0_2;mixed_0_3;mode_0;mode_4,0.42,False,0.75
no_reinforcement,12,80,mode_0,0.4869477943450524,1.3580202147411764,0.0,0.0,4,mixed_0_2;mixed_0_3;mode_0;mode_4,0.42,False,0.75
no_reinforcement,12,100,mode_0,0.5040482551961291,1.3393436375728913,0.0,0.0,2,mode_0;mode_4,0.48000000000000004,False,0.75
no_reinforcement,12,120,mode_0,0.5029397066511383,1.3434733749238805,0.0,0.0,2,mode_0;mode_4,0.48000000000000004,False,0.75
no_reinforcement,12,140,mode_0,0.5131018483377582,1.335257480895802,0.0,0.0,2,mode_0;mode_4,0.48000000000000004,False,0.75
no_reinforcement,12,160,mode_0,0.502205227669959,1.3515515615152998,0.0,0.0,2,mode_0;mode_4,0.48000000000000004,False,0.75
no_reinforcement,12,180,mode_0,0.5083105216235407,1.3417749683193745,0.0,0.0,2,mode_0;mode_4,0.48000000000000004,False,0.75
no_reinforcement,12,200,mode_0,0.5206940398841068,1.328416506092867,0.0,0.0,2,mode_0;mode_4,0.48000000000000004,False,0.75
no_reinforcement,12,220,mode_0,0.527365035089343,1.323660019541342,0.0,0.0,2,mixed_0_4;mode_0,0.48000000000000004,False,0.75
no_reinforcement,12,240,mode_0,0.5440258693593037,1.3037745466102544,0.0,0.0,2,mixed_0_4;mode_0,0.54,False,0.75
no_reinforcement,13,0,mode_0,0.5608447024567789,1.245858750744558,0.0,0.0,1,mode_0,0.66,False,0.5
no_reinforcement,13,20,mode_0,0.5831154216569434,1.2155953187602087,0.0,0.0,1,mode_0,0.66,True,0.25
no_reinforcement,13,40,mode_0,0.5995476317474148,1.1942714003410242,0.0,0.0,1,mode_0,0.66,True,0.25
no_reinforcement,13,60,mode_0,0.6072634610289227,1.1841465471448762,0.0,0.0,1,mode_0,0.66,True,0.25
no_reinforcement,13,80,mode_0,0.6127057972383513,1.1757969767795053,0.0,0.0,1,mode_0,0.66,True,0.25
no_reinforcement,13,100,mode_0,0.609256495416622,1.1842712124624692,0.0,0.0,1,mode_0,0.66,True,0.25
no_reinforcement,13,120,mode_0,0.6270480670769397,1.1535353147753789,0.0,0.0,1,mode_0,0.66,True,0.25
no_reinforcement,13,140,mode_0,0.6285837516846496,1.1504032131691526,0.0,0.0,1,mode_0,0.66,True,0.25
no_reinforcement,13,160,mode_0,0.6291595208596085,1.1487302238488593,0.0,0.0,1,mode_0,0.66,True,0.25
no_reinforcement,13,180,mode_0,0.6214419295850968,1.1657379749177736,0.0,0.0,1,mode_0,0.66,True,0.25
no_reinforcement,13,200,mode_0,0.6242637065236936,1.1584458518942304,0.0,0.0,1,mode_0,0.66,True,0.25
no_reinforcement,13,220,mode_0,0.6312187591808246,1.1497396887372648,0.0,0.0,1,mode_0,0.66,True,0.25
no_reinforcement,13,240,mode_0,0.6305360547148416,1.1505204875099697,0.0,0.0,1,mode_0,0.66,True,0.25
no_reinforcement,14,0,mixed_0_1_3,0.41116488295373,1.4438831386607465,0.0,0.0,4,mixed_1_2;mode_0;mode_1;mode_3,0.060000000000000005,False,1.0
no_reinforcement,14,20,mode_1,0.4500761941491612,1.4107929498785208,0.0,0.0,3,mixed_0_1;mixed_1_3;mode_1,0.30000000000000004,False,0.5
no_reinforcement,14,40,mode_1,0.48386064447819166,1.3725901453881928,0.0,0.0,3,mixed_0_1;mixed_1_3;mode_1,0.30000000000000004,False,0.5
no_reinforcement,14,60,mode_1,0.5243034653397969,1.3293059925744863,0.0,0.0,3,mixed_0_1;mixed_1_3;mode_1,0.36,False,0.5
no_reinforcement,14,80,mode_1,0.5459096915305768,1.301148538787935,0.0,0.0,3,mixed_0_1;mixed_1_3;mode_1,0.42,False,0.5
no_reinforcement,14,100,mode_1,0.5547895543285003,1.290288484131861,0.0,0.0,3,mixed_0_1;mixed_1_3;mode_1,0.42,False,0.5
no_reinforcement,14,120,mode_1,0.5677358246898825,1.2709345476645613,0.0,0.0,3,mixed_0_1;mixed_1_3;mode_1,0.42,False,0.5
no_reinforcement,14,140,mode_1,0.5774733835420894,1.2543933836297931,0.0,0.0,3,mixed_0_1;mixed_1_3;mode_1,0.42,False,0.5
no_reinforcement,14,160,mode_1,0.5771650329666618,1.2565091105012551,0.0,0.0,3,mixed_0_1;mixed_1_3;mode_1,0.42,False,0.5
no_reinforcement,14,180,mode_1,0.5712576354822084,1.2670324925982863,0.0,0.0,3,mixed_0_1;mixed_1_3;mode_1,0.42,False,0.5
no_reinforcement,14,200,mode_1,0.5755898540554408,1.2599771090969125,0.0,0.0,3,mixed_0_1;mixed_1_3;mode_1,0.42,False,0.5
no_reinforcement,14,220,mode_1,0.5687325156414853,1.272407545959022,0.0,0.0,3,mixed_0_1;mixed_1_3;mode_1,0.42,False,0.5
no_reinforcement,14,240,mode_1,0.5714341253828926,1.2662089101979788,0.0,0.0,3,mixed_0_1;mixed_1_3;mode_1,0.42,False,0.5
no_reinforcement,15,0,mode_1,0.586214898088597,1.2472608955243867,0.0,0.0,1,mode_1,0.66,True,0.25
no_reinforcement,15,20,mode_1,0.6010900902735035,1.2219904174914755,0.0,0.0,1,mode_1,0.66,True,0.25
no_reinforcement,15,40,mode_1,0.6178918022158837,1.1924043807797693,0.0,0.0,1,mode_1,0.66,True,0.0
no_reinforcement,15,60,mode_1,0.6166415364723165,1.1949996587889822,0.0,0.0,1,mode_1,0.66,True,0.0
no_reinforcement,15,80,mode_1,0.6140693402146741,1.1993683281169742,0.0,0.0,1,mode_1,0.66,True,0.0
no_reinforcement,15,100,mode_1,0.6189345765431306,1.1907185787465622,0.0,0.0,1,mode_1,0.66,True,0.0
no_reinforcement,15,120,mode_1,0.6276721256335513,1.173891807227011,0.0,0.0,1,mode_1,0.66,True,0.0
no_reinforcement,15,140,mode_1,0.6143841117691238,1.198863279499014,0.0,0.0,1,mode_1,0.66,True,0.0
no_reinforcement,15,160,mode_1,0.6075191199323309,1.2121183711731405,0.0,0.0,1,mode_1,0.66,True,0.0
no_reinforcement,15,180,mode_1,0.603492177888781,1.2192693224245623,0.0,0.0,1,mode_1,0.66,True,0.0
no_reinforcement,15,200,mode_1,0.6048072252709688,1.216597568566728,0.0,0.0,1,mode_1,0.66,True,0.0
no_reinforcement,15,220,mode_1,0.6090790867416767,1.2083412461840504,0.0,0.0,1,mode_1,0.66,True,0.0
no_reinforcement,15,240,mode_1,0.6130882422489571,1.2012176152982916,0.0,0.0,1,mode_1,0.66,True,0.0
no_reinforcement,16,0,mode_4,0.6043171063273652,1.1875105354281768,0.0,0.0,1,mode_4,0.66,True,0.25
no_reinforcement,16,20,mode_4,0.6199498374832781,1.1664442516122375,0.0,0.0,1,mode_4,0.66,True,0.25
no_reinforcement,16,40,mode_4,0.6304610373081004,1.1520743867203658,0.0,0.0,1,mode_4,0.66,True,0.25
no_reinforcement,16,60,mode_4,0.6359017762367937,1.145780519697165,0.0,0.0,1,mode_4,0.66,True,0.25
no_reinforcement,16,80,mode_4,0.6426975586786345,1.132415439622307,0.0,0.0,1,mode_4,0.66,True,0.25
no_reinforcement,16,100,mode_4,0.6352402846454859,1.1479880217829501,0.0,0.0,1,mode_4,0.66,True,0.25
no_reinforcement,16,120,mode_4,0.6456178447528093,1.1278365775195445,0.0,0.0,1,mode_4,0.66,True,0.25
no_reinforcement,16,140,mode_4,0.6402225694206849,1.1370317461806654,0.0,0.0,1,mode_4,0.66,True,0.25
no_reinforcement,16,160,mode_4,0.642235964475521,1.1333958091811998,0.0,0.0,1,mode_4,0.66,True,0.25
no_reinforcement,16,180,mode_4,0.6434923169287633,1.1300001380684612,0.0,0.0,1,mode_4,0.66,True,0.25
no_reinforcement,16,200,mode_4,0.6429055651310529,1.1313179456477878,0.0,0.0,1,mode_4,0.66,True,0.25
no_reinforcement,16,220,mode_4,0.6429778944414144,1.1321749497651439,0.0,0.0,1,mode_4,0.66,True,0.25
no_reinforcement,16,240,mode_4,0.6477611277720374,1.1248835882377002,0.0,0.0,1,mode_4,0.66,True,0.25
no_reinforcement,17,0,mode_3,0.6213782346339485,1.164944058823029,0.0,0.0,1,mode_3,0.66,True,0.0
no_reinforcement,17,20,mode_3,0.631858159658721,1.1503376184220189,0.0,0.0,1,mode_3,0.66,True,0.0
no_reinforcement,17,40,mode_3,0.6391367169817527,1.1382323324174206,0.0,0.0,1,mode_3,0.66,True,0.0
no_reinforcement,17,60,mode_3,0.6508978099877891,1.1183328226862683,0.0,0.0,1,mode_3,0.66,True,0.0
no_reinforcement,17,80,mode_3,0.6493084838926712,1.1218096726495121,0.0,0.0,1,mode_3,0.66,True,0.0
no_reinforcement,17,100,mode_3,0.6516906866989569,1.1159488888472684,0.0,0.0,1,mode_3,0.66,True,0.0
no_reinforcement,17,120,mode_3,0.6549761628667903,1.1104422132760912,0.0,0.0,1,mode_3,0.66,True,0.0
no_reinforcement,17,140,mode_3,0.6495999279685819,1.1221489366215887,0.0,0.0,1,mode_3,0.66,True,0.0
no_reinforcement,17,160,mode_3,0.6537862498192366,1.1151450466711645,0.0,0.0,1,mode_3,0.66,True,0.0
no_reinforcement,17,180,mode_3,0.6528956570549784,1.1175432578491171,0.0,0.0,1,mode_3,0.66,True,0.0
no_reinforcement,17,200,mode_3,0.6491426485072012,1.1241653121192776,0.0,0.0,1,mode_3,0.66,True,0.0
no_reinforcement,17,220,mode_3,0.6513878964921673,1.1197896028576106,0.0,0.0,1,mode_3,0.66,True,0.0
no_reinforcement,17,240,mode_3,0.6475016143230843,1.126197967960433,0.0,0.0,1,mode_3,0.66,True,0.0
no_reinforcement,18,0,mixed_0_3,0.37852069186509213,1.4690480840009534,0.0,0.0,5,mixed_0_2_3;mixed_1_3;mixed_3_4;mode_0;mode_3,0.060000000000000005,False,0.8
no_reinforcement,18,20,mixed_0_3,0.3912484936499222,1.4559059983054072,0.0,0.0,5,mixed_0_2_3;mixed_1_3;mixed_3_4;mode_0;mode_3,0.060000000000000005,False,0.8
no_reinforcement,18,40,mixed_0_3,0.4155452833123255,1.4345979517165313,0.0,0.0,5,mixed_1_3;mixed_2_3;mixed_3_4;mode_0;mode_3,0.060000000000000005,False,1.0
no_reinforcement,18,60,mode_3,0.4277648527224898,1.4205992228867417,0.0,0.0,4,mixed_1_3;mixed_3_4;mode_0;mode_3,0.24000000000000002,False,0.5
no_reinforcement,18,80,mode_3,0.45088929062389466,1.3983631631212163,0.0,0.0,4,mixed_1_3;mixed_3_4;mode_0;mode_3,0.30000000000000004,False,0.75
no_reinforcement,18,100,mode_3,0.4671930594104395,1.3892181140874436,0.0,0.0,4,mixed_1_3;mixed_3_4;mode_0;mode_3,0.36,False,0.75
no_reinforcement,18,120,mode_3,0.47904722290982105,1.381443510054647,0.0,0.0,4,mixed_1_3;mixed_3_4;mode_0;mode_3,0.36,False,0.75
no_reinforcement,18,140,mode_3,0.4924256969197388,1.3685939721681757,0.0,0.0,4,mixed_1_3;mixed_3_4;mode_0;mode_3,0.36,False,0.5
no_reinforcement,18,160,mode_3,0.510255061598745,1.3486450609327088,0.0,0.0,4,mixed_0_3;mixed_1_3;mixed_3_4;mode_3,0.42,False,0.75
no_reinforcement,18,180,mode_3,0.5127694676797263,1.3461153370336385,0.0,0.0,4,mixed_0_3;mixed_1_3;mixed_3_4;mode_3,0.42,False,0.75
no_reinforcement,18,200,mode_3,0.520041756029794,1.3404501328096632,0.0,0.0,4,mixed_0_3;mixed_1_3;mixed_3_4;mode_3,0.42,False,0.75
no_reinforcement,18,220,mode_3,0.5209914096819653,1.3402872314815855,0.0,0.0,4,mixed_0_3;mixed_1_3;mixed_3_4;mode_3,0.42,False,0.75
no_reinforcement,18,240,mode_3,0.5327854418409473,1.3249615416517462,0.0,0.0,3,mixed_0_3;mixed_3_4;mode_3,0.42,False,0.5
no_reinforcement,19,0,mode_1,0.6200544593240173,1.1473223679709743,0.0,0.0,1,mode_1,0.66,True,0.0
no_reinforcement,19,20,mode_1,0.6404762652792718,1.1210142358747706,0.0,0.0,1,mode_1,0.66,True,0.0
no_reinforcement,19,40,mode_1,0.6490021029516889,1.10816593798166,0.0,0.0,1,mode_1,0.66,True,0.0
no_reinforcement,19,60,mode_1,0.6543268501932851,1.103246590981939,0.0,0.0,1,mode_1,0.66,True,0.0
no_reinforcement,19,80,mode_1,0.6633819932903561,1.0851729439402606,0.0,0.0,1,mode_1,0.66,True,0.0
no_reinforcement,19,100,mode_1,0.6637565447146332,1.0866444476719241,0.0,0.0,1,mode_1,0.66,True,0.0
no_reinforcement,19,120,mode_1,0.659037709201243,1.0951291226442508,0.0,0.0,1,mode_1,0.66,True,0.0
no_reinforcement,19,140,mode_1,0.6677092463781487,1.0793630008548236,0.0,0.0,1,mode_1,0.66,True,0.0
no_reinforcement,19,160,mode_1,0.6713191918779564,1.0726822494717676,0.0,0.0,1,mode_1,0.66,True,0.0
no_reinforcement,19,180,mode_1,0.6695389653188906,1.0768284285182474,0.0,0.0,1,mode_1,0.66,True,0.0
no_reinforcement,19,200,mode_1,0.6639300744862715,1.0874996095581706,0.0,0.0,1,mode_1,0.66,True,0.0
no_reinforcement,19,220,mode_1,0.6647727386893633,1.085571706398306,0.0,0.0,1,mode_1,0.66,True,0.0
no_reinforcement,19,240,mode_1,0.6669267639595947,1.0816369610940795,0.0,0.0,1,mode_1,0.66,True,0.0
no_reinforcement,20,0,mode_0,0.6256237244278423,1.1715451867943596,0.0,0.0,1,mode_0,0.66,True,0.0
no_reinforcement,20,20,mode_0,0.6342164843683762,1.156345269645438,0.0,0.0,1,mode_0,0.66,True,0.0
no_reinforcement,20,40,mode_0,0.6384503535001517,1.1490686052287198,0.0,0.0,1,mode_0,0.66,True,0.0
no_reinforcement,20,60,mode_0,0.6456706510682882,1.1354006852188183,0.0,0.0,1,mode_0,0.66,True,0.0
no_reinforcement,20,80,mode_0,0.6492795896339638,1.1287286758421347,0.0,0.0,1,mode_0,0.66,True,0.0
no_reinforcement,20,100,mode_0,0.6538945201581969,1.1194511230801403,0.0,0.0,1,mode_0,0.66,True,0.0
no_reinforcement,20,120,mode_0,0.648853299208651,1.1286493926972345,0.0,0.0,1,mode_0,0.66,True,0.0
no_reinforcement,20,140,mode_0,0.6544386774167684,1.1174827270161596,0.0,0.0,1,mode_0,0.66,True,0.0
no_reinforcement,20,160,mode_0,0.6534621605612142,1.1201703080920127,0.0,0.0,1,mode_0,0.66,True,0.0
no_reinforcement,20,180,mode_0,0.6520183756007143,1.122733225986576,0.0,0.0,1,mode_0,0.66,True,0.0
no_reinforcement,20,200,mode_0,0.6501405214934644,1.1271747205941725,0.0,0.0,1,mode_0,0.66,True,0.0
no_reinforcement,20,220,mode_0,0.6441010439750535,1.1386072731929917,0.0,0.0,1,mode_0,0.66,True,0.0
no_reinforcement,20,240,mode_0,0.6461727342369905,1.1345140809758727,0.0,0.0,1,mode_0,0.66,True,0.0
no_reinforcement,21,0,mode_4,0.6351670349916207,1.159770925635914,0.0,0.0,1,mode_4,0.66,True,0.0
no_reinforcement,21,20,mode_4,0.6490747909735066,1.1327352373330923,0.0,0.0,1,mode_4,0.66,True,0.0
no_reinforcement,21,40,mode_4,0.6434054334298638,1.1446919544446537,0.0,0.0,1,mode_4,0.66,True,0.0
no_reinforcement,21,60,mode_4,0.6404680419286323,1.1501515433856058,0.0,0.0,1,mode_4,0.66,True,0.0
no_reinforcement,21,80,mode_4,0.6525528991940178,1.126761177951836,0.0,0.0,1,mode_4,0.66,True,0.0
no_reinforcement,21,100,mode_4,0.6604607109901248,1.1105482668137192,0.0,0.0,1,mode_4,0.66,True,0.0
no_reinforcement,21,120,mode_4,0.6577206098759962,1.116260631804363,0.0,0.0,1,mode_4,0.66,True,0.0
no_reinforcement,21,140,mode_4,0.6462461360883617,1.1393895167401606,0.0,0.0,1,mode_4,0.66,True,0.0
no_reinforcement,21,160,mode_4,0.6510561821982123,1.1296123948760988,0.0,0.0,1,mode_4,0.66,True,0.0
no_reinforcement,21,180,mode_4,0.6491760162218915,1.1330606373207397,0.0,0.0,1,mode_4,0.66,True,0.0
no_reinforcement,21,200,mode_4,0.6481361365356755,1.1352452773616146,0.0,0.0,1,mode_4,0.66,True,0.0
no_reinforcement,21,220,mode_4,0.6484582999669516,1.1343935973535548,0.0,0.0,1,mode_4,0.66,True,0.0
no_reinforcement,21,240,mode_4,0.6507521614377659,1.1302772502573566,0.0,0.0,1,mode_4,0.66,True,0.0
no_reinforcement,22,0,mode_4,0.666644382647614,1.0953668576770454,0.0,0.0,1,mode_4,0.66,True,0.0
no_reinforcement,22,20,mode_4,0.6781310231229658,1.0715446116371083,0.0,0.0,1,mode_4,0.66,True,0.0
no_reinforcement,22,40,mode_4,0.6824193731739765,1.0625104477057452,0.0,0.0,1,mode_4,0.66,True,0.0
no_reinforcement,22,60,mode_4,0.6855420587262238,1.0561646526187447,0.0,0.0,1,mode_4,0.66,True,0.0
no_reinforcement,22,80,mode_4,0.6842709145181454,1.0585424400678107,0.0,0.0,1,mode_4,0.66,True,0.0
no_reinforcement,22,100,mode_4,0.6780729865435122,1.0717930032912408,0.0,0.0,1,mode_4,0.66,True,0.0
no_reinforcement,22,120,mode_4,0.6783239389662223,1.0713215423778173,0.0,0.0,1,mode_4,0.66,True,0.0
no_reinforcement,22,140,mode_4,0.6708665991124498,1.0874454254075918,0.0,0.0,1,mode_4,0.66,True,0.0
no_reinforcement,22,160,mode_4,0.6850293344053011,1.0568743316236446,0.0,0.0,1,mode_4,0.66,True,0.0
no_reinforcement,22,180,mode_4,0.6849006725518637,1.0572600343611573,0.0,0.0,1,mode_4,0.66,True,0.0
no_reinforcement,22,200,mode_4,0.6861084860633604,1.0546089889814443,0.0,0.0,1,mode_4,0.66,True,0.0
no_reinforcement,22,220,mode_4,0.6821088663384327,1.063337649512753,0.0,0.0,1,mode_4,0.66,True,0.0
no_reinforcement,22,240,mode_4,0.6863836304911981,1.0540537857032202,0.0,0.0,1,mode_4,0.66,True,0.0
no_reinforcement,23,0,mode_2,0.6728845497143364,1.0737631683968343,0.0,0.0,1,mode_2,0.66,True,0.0
no_reinforcement,23,20,mode_2,0.6756109097413974,1.069702749290529,0.0,0.0,1,mode_2,0.66,True,0.0
no_reinforcement,23,40,mode_2,0.6822165309692061,1.0561176286620348,0.0,0.0,1,mode_2,0.66,True,0.0
no_reinforcement,23,60,mode_2,0.6837535207086742,1.052479015679178,0.0,0.0,1,mode_2,0.66,True,0.0
no_reinforcement,23,80,mode_2,0.6904352061106491,1.0389175012637528,0.0,0.0,1,mode_2,0.66,True,0.0
no_reinforcement,23,100,mode_2,0.6809915284114969,1.0593663749904747,0.0,0.0,1,mode_2,0.66,True,0.0
no_reinforcement,23,120,mode_2,0.6872444648624378,1.045877784720449,0.0,0.0,1,mode_2,0.66,True,0.0
no_reinforcement,23,140,mode_2,0.6927919048758479,1.0344663269474739,0.0,0.0,1,mode_2,0.66,True,0.0
no_reinforcement,23,160,mode_2,0.6877951862369127,1.0444291316748955,0.0,0.0,1,mode_2,0.66,True,0.0
no_reinforcement,23,180,mode_2,0.6896831644714988,1.0397707819242763,0.0,0.0,1,mode_2,0.66,True,0.0
no_reinforcement,23,200,mode_2,0.6929806447269641,1.0330336793348582,0.0,0.0,1,mode_2,0.66,True,0.0
no_reinforcement,23,220,mode_2,0.688484221507051,1.044215716021178,0.0,0.0,1,mode_2,0.66,True,0.0
no_reinforcement,23,240,mode_2,0.6896456266000713,1.0406150117850779,0.0,0.0,1,mode_2,0.66,True,0.0
no_reinforcement,24,0,mixed_0_2,0.39631514506610555,1.3723284282905872,0.0,0.0,4,mixed_0_2;mixed_0_2_4;mode_0;mode_2,0.060000000000000005,False,0.8
no_reinforcement,24,20,mixed_0_2,0.39638162400806853,1.3607985671879292,0.0,0.0,4,mixed_0_2;mixed_0_2_4;mode_0;mode_2,0.060000000000000005,False,0.8
no_reinforcement,24,40,mode_2,0.4201412266664978,1.34957073557738,0.0,0.0,4,mixed_0_2;mixed_0_2_4;mode_0;mode_2,0.36,False,0.5
no_reinforcement,24,60,mode_2,0.432171313781925,1.3448001110177186,0.0,0.0,3,mixed_0_2_4;mode_0;mode_2,0.42,False,0.5
no_reinforcement,24,80,mode_2,0.43311346672515144,1.343520829378691,0.0,0.0,3,mixed_0_2_4;mode_0;mode_2,0.42,False,0.5
no_reinforcement,24,100,mode_2,0.43792508100641225,1.3425717075535328,0.0,0.0,3,mixed_0_2_4;mode_0;mode_2,0.42,False,0.5
no_reinforcement,24,120,mode_2,0.44867829755687283,1.34237950994179,0.0,0.0,2,mode_0;mode_2,0.48000000000000004,False,0.5
no_reinforcement,24,140,mode_2,0.473083287212386,1.3247128075571375,0.0,0.0,2,mode_0;mode_2,0.54,False,0.5
no_reinforcement,24,160,mode_2,0.4826446572663329,1.322976031502087,0.0,0.0,2,mode_0;mode_2,0.54,False,0.5
no_reinforcement,24,180,mode_2,0.4798249312058496,1.3316834474726793,0.0,0.0,2,mode_0;mode_2,0.54,False,0.5
no_reinforcement,24,200,mode_2,0.4937932632239341,1.3216953318125928,0.0,0.0,2,mode_0;mode_2,0.6000000000000001,False,0.5
no_reinforcement,24,220,mode_2,0.4986261754372764,1.3180109361670733,0.0,0.0,2,mode_0;mode_2,0.6000000000000001,False,0.5
no_reinforcement,24,240,mode_2,0.5105795485324999,1.3068767964224317,0.0,0.0,2,mode_0;mode_2,0.66,False,0.5
no_reinforcement,25,0,mode_3,0.5109314315620858,1.2863030224029037,0.0,0.0,2,mode_3;mode_4,0.48000000000000004,False,0.5
no_reinforcement,25,20,mode_3,0.545685457051869,1.2488185915289316,0.0,0.0,2,mixed_3_4;mode_3,0.6000000000000001,False,0.5
no_reinforcement,25,40,mode_3,0.5591250375090491,1.2347628673463387,0.0,0.0,2,mixed_3_4;mode_3,0.6000000000000001,False,0.5
no_reinforcement,25,60,mode_3,0.578136972387403,1.2123777729135439,0.0,0.0,2,mixed_3_4;mode_3,0.6000000000000001,False,0.5
no_reinforcement,25,80,mode_3,0.5979758695761447,1.1894583622177168,0.0,0.0,2,mixed_3_4;mode_3,0.66,False,0.5
no_reinforcement,25,100,mode_3,0.5960724432547585,1.196141675011169,0.0,0.0,2,mixed_3_4;mode_3,0.66,False,0.5
no_reinforcement,25,120,mode_3,0.6000656228648376,1.1921095240513733,0.0,0.0,1,mode_3,0.66,False,0.5
no_reinforcement,25,140,mode_3,0.6058589252652898,1.182390015445213,0.0,0.0,1,mode_3,0.66,False,0.5
no_reinforcement,25,160,mode_3,0.6044302259650886,1.1859850541572796,0.0,0.0,1,mode_3,0.66,False,0.5
no_reinforcement,25,180,mode_3,0.6085902774316732,1.178604699361107,0.0,0.0,1,mode_3,0.66,False,0.5
no_reinforcement,25,200,mode_3,0.6113653029045243,1.1767879058591175,0.0,0.0,1,mode_3,0.66,False,0.5
no_reinforcement,25,220,mode_3,0.6111444568819332,1.1780728506325233,0.0,0.0,1,mode_3,0.66,False,0.5
no_reinforcement,25,240,mode_3,0.6121677109939365,1.1756329881787533,0.0,0.0,1,mode_3,0.66,False,0.5
no_reinforcement,26,0,mixed_2_4,0.43354470380342874,1.245484088556023,0.0,0.0,2,mode_2;mode_4,0.12000000000000001,False,1.0
no_reinforcement,26,20,mode_4,0.45654922869876835,1.2391337432895213,0.0,0.0,2,mode_2;mode_4,0.66,True,0.25
no_reinforcement,26,40,mode_4,0.45134758352513477,1.239712213814009,0.0,0.0,2,mode_2;mode_4,0.66,True,0.25
no_reinforcement,26,60,mode_4,0.44097259165508373,1.248640317796832,0.0,0.0,2,mode_2;mode_4,0.66,False,0.5
no_reinforcement,26,80,mode_4,0.45029576544815814,1.2471331956642275,0.0,0.0,2,mode_2;mode_4,0.66,True,0.25
no_reinforcement,26,100,mode_4,0.44230423377671746,1.2505534607088393,0.0,0.0,2,mode_2;mode_4,0.66,False,0.5
no_reinforcement,26,120,mode_4,0.4515643612061338,1.2400799676707732,0.0,0.0,2,mode_2;mode_4,0.66,True,0.25
no_reinforcement,26,140,mixed_2_4,0.4344939259651658,1.2460492541151493,0.0,0.0,2,mode_2;mode_4,0.060000000000000005,False,0.8
no_reinforcement,26,160,mixed_2_4,0.43659812779658924,1.2464422224150213,0.0,0.0,2,mode_2;mode_4,0.060000000000000005,False,0.8
no_reinforcement,26,180,mode_4,0.43789420390764333,1.2455043591223185,0.0,0.0,2,mode_2;mode_4,0.6000000000000001,False,0.5
no_reinforcement,26,200,mode_4,0.43765477326785923,1.2510025716697086,0.0,0.0,2,mode_2;mode_4,0.66,False,0.5
no_reinforcement,26,220,mixed_2_4,0.42922004810603126,1.2502894213333757,0.0,0.0,2,mode_2;mode_4,0.24000000000000002,False,1.0
no_reinforcement,26,240,mixed_2_4,0.4208804973813977,1.2461755605007077,0.0,0.0,3,mixed_2_4;mode_2;mode_4,0.66,True,0.4
no_reinforcement,27,0,mode_0,0.6846440673209448,1.0432068562464796,0.0,0.0,1,mode_0,0.66,True,0.0
no_reinforcement,27,20,mode_0,0.6893587372009695,1.0347291060405839,0.0,0.0,1,mode_0,0.66,True,0.0
no_reinforcement,27,40,mode_0,0.6861346957887723,1.043006492974388,0.0,0.0,1,mode_0,0.66,True,0.0
no_reinforcement,27,60,mode_0,0.6932173922986621,1.0295158331384395,0.0,0.0,1,mode_0,0.66,True,0.0
no_reinforcement,27,80,mode_0,0.6924141375572548,1.0307248303427734,0.0,0.0,1,mode_0,0.66,True,0.0
no_reinforcement,27,100,mode_0,0.6948545055625637,1.026542962003072,0.0,0.0,1,mode_0,0.66,True,0.0
no_reinforcement,27,120,mode_0,0.6962514641471141,1.024000194999148,0.0,0.0,1,mode_0,0.66,True,0.0
no_reinforcement,27,140,mode_0,0.6928271457450832,1.0315423655652396,0.0,0.0,1,mode_0,0.66,True,0.0
no_reinforcement,27,160,mode_0,0.693537052190872,1.0292994540495912,0.0,0.0,1,mode_0,0.66,True,0.0
no_reinforcement,27,180,mode_0,0.6920966059312242,1.0312964032455139,0.0,0.0,1,mode_0,0.66,True,0.0
no_reinforcement,27,200,mode_0,0.6867270646019092,1.0427052869264843,0.0,0.0,1,mode_0,0.66,True,0.0
no_reinforcement,27,220,mode_0,0.6873246906933591,1.0414617784812248,0.0,0.0,1,mode_0,0.66,True,0.0
no_reinforcement,27,240,mode_0,0.6918964445976524,1.0322399787184002,0.0,0.0,1,mode_0,0.66,True,0.0
no_reinforcement,28,0,mode_3,0.446145613410515,1.3404363740244722,0.0,0.0,3,mixed_1_3_4;mode_1;mode_3,0.36,False,0.5
no_reinforcement,28,20,mode_3,0.4583676085324449,1.3263827965031012,0.0,0.0,3,mixed_1_3_4;mode_1;mode_3,0.42,False,0.5
no_reinforcement,28,40,mode_3,0.47851420756183344,1.317872326619944,0.0,0.0,2,mode_1;mode_3,0.48000000000000004,False,0.5
no_reinforcement,28,60,mode_3,0.49286309218658253,1.3145953040490115,0.0,0.0,2,mode_1;mode_3,0.48000000000000004,False,0.5
no_reinforcement,28,80,mode_3,0.5052107560027764,1.3089573585978151,0.0,0.0,2,mode_1;mode_3,0.54,False,0.5
no_reinforcement,28,100,mode_3,0.5184717777530331,1.2979764027218907,0.0,0.0,2,mode_1;mode_3,0.54,False,0.5
no_reinforcement,28,120,mode_3,0.5327446520727767,1.2818833746917193,0.0,0.0,2,mode_1;mode_3,0.54,False,0.5
no_reinforcement,28,140,mode_3,0.5476734242867084,1.2688383716726543,0.0,0.0,2,mode_1;mode_3,0.6000000000000001,False,0.5
no_reinforcement,28,160,mode_3,0.5569282556469006,1.2590959360923841,0.0,0.0,2,mixed_1_3;mode_3,0.6000000000000001,False,0.5
no_reinforcement,28,180,mode_3,0.5565238602456312,1.2655224427383227,0.0,0.0,2,mixed_1_3;mode_3,0.6000000000000001,False,0.5
no_reinforcement,28,200,mode_3,0.5708571673679004,1.2450303637104292,0.0,0.0,2,mixed_1_3;mode_3,0.6000000000000001,False,0.5
no_reinforcement,28,220,mode_3,0.5688198780977591,1.2528768487299762,0.0,0.0,2,mixed_1_3;mode_3,0.6000000000000001,False,0.5
no_reinforcement,28,240,mode_3,0.5668387393879938,1.254934825569989,0.0,0.0,2,mixed_1_3;mode_3,0.6000000000000001,False,0.5
no_reinforcement,29,0,mode_3,0.5142307695977129,1.234728692113831,0.0,0.0,2,mode_1;mode_3,0.66,True,0.25
no_reinforcement,29,20,mode_3,0.5245643653294411,1.2314389155796936,0.0,0.0,2,mode_1;mode_3,0.66,True,0.25
no_reinforcement,29,40,mode_3,0.5376895072332692,1.2198597369893003,0.0,0.0,2,mode_1;mode_3,0.66,True,0.25
no_reinforcement,29,60,mode_3,0.555575400981638,1.2039780088419638,0.0,0.0,2,mixed_1_3;mode_3,0.66,True,0.25
no_reinforcement,29,80,mode_3,0.5546626275672955,1.2109551263434875,0.0,0.0,2,mixed_1_3;mode_3,0.66,True,0.25
no_reinforcement,29,100,mode_3,0.5800132951994426,1.1840011949855207,0.0,0.0,2,mixed_1_3;mode_3,0.66,True,0.25
no_reinforcement,29,120,mode_3,0.5782187817454407,1.1885652489583176,0.0,0.0,2,mixed_1_3;mode_3,0.66,True,0.25
no_reinforcement,29,140,mode_3,0.5827484257122669,1.186644416849369,0.0,0.0,2,mixed_1_3;mode_3,0.66,True,0.25
no_reinforcement,29,160,mode_3,0.5861997121789208,1.1818493374461332,0.0,0.0,2,mixed_1_3;mode_3,0.66,True,0.25
no_reinforcement,29,180,mode_3,0.5892845936006709,1.17923593290781,0.0,0.0,2,mixed_1_3;mode_3,0.66,True,0.25
no_reinforcement,29,200,mode_3,0.5994055725596851,1.1698531119406177,0.0,0.0,2,mixed_1_3;mode_3,0.66,True,0.25
no_reinforcement,29,220,mode_3,0.6045506153233864,1.165313804722112,0.0,0.0,2,mixed_1_3;mode_3,0.66,True,0.25
no_reinforcement,29,240,mode_3,0.6153483748850921,1.1516327411229208,0.0,0.0,2,mixed_1_3;mode_3,0.66,True,0.25
no_reinforcement,30,0,mode_3,0.47996532614251836,1.362858398387759,0.0,0.0,3,mixed_1_3;mixed_2_3;mode_3,0.36,False,0.5
no_reinforcement,30,20,mode_3,0.5135781392553133,1.3237260232639088,0.0,0.0,3,mixed_1_3;mixed_2_3;mode_3,0.42,False,0.5
no_reinforcement,30,40,mode_3,0.5471102799797987,1.2823801611777823,0.0,0.0,3,mixed_1_3;mixed_2_3;mode_3,0.42,False,0.5
no_reinforcement,30,60,mode_3,0.561048560038533,1.2654480167058848,0.0,0.0,2,mixed_1_3;mode_3,0.48000000000000004,False,0.5
no_reinforcement,30,80,mode_3,0.575268838882951,1.246303460453075,0.0,0.0,1,mode_3,0.48000000000000004,False,0.5
no_reinforcement,30,100,mode_3,0.5787377889015395,1.2418818810083951,0.0,0.0,1,mode_3,0.48000000000000004,False,0.5
no_reinforcement,30,120,mode_3,0.580830352481422,1.2399616748140656,0.0,0.0,1,mode_3,0.48000000000000004,False,0.5
no_reinforcement,30,140,mode_3,0.5866068101094175,1.2319026993424573,0.0,0.0,1,mode_3,0.48000000000000004,False,0.5
no_reinforcement,30,160,mode_3,0.5886198496964788,1.228881714788004,0.0,0.0,1,mode_3,0.48000000000000004,False,0.5
no_reinforcement,30,180,mode_3,0.5891961595903836,1.2282532561797916,0.0,0.0,1,mode_3,0.48000000000000004,False,0.5
no_reinforcement,30,200,mode_3,0.59994625132884,1.2104992050546712,0.0,0.0,1,mode_3,0.54,False,0.5
no_reinforcement,30,220,mode_3,0.6046449085151723,1.201422835560473,0.0,0.0,1,mode_3,0.54,False,0.5
no_reinforcement,30,240,mode_3,0.5911053181632984,1.2244875187343456,0.0,0.0,1,mode_3,0.48000000000000004,False,0.5
no_reinforcement,31,0,mode_4,0.6349295191809571,1.1588917357560746,0.0,0.0,1,mode_4,0.66,True,0.0
no_reinforcement,31,20,mode_4,0.6520185158762651,1.1264297239490577,0.0,0.0,1,mode_4,0.66,True,0.0
no_reinforcement,31,40,mode_4,0.6532248884269394,1.1244261822548607,0.0,0.0,1,mode_4,0.66,True,0.0
no_reinforcement,31,60,mode_4,0.6565760472666895,1.1177548873192409,0.0,0.0,1,mode_4,0.66,True,0.0
no_reinforcement,31,80,mode_4,0.6541977072197654,1.1225034838513168,0.0,0.0,1,mode_4,0.66,True,0.0
no_reinforcement,31,100,mode_4,0.6578968413500488,1.1140149181175278,0.0,0.0,1,mode_4,0.66,True,0.0
no_reinforcement,31,120,mode_4,0.6576107729298518,1.1148914515424524,0.0,0.0,1,mode_4,0.66,True,0.0
no_reinforcement,31,140,mode_4,0.6513891272600796,1.1271657705515892,0.0,0.0,1,mode_4,0.66,True,0.0
no_reinforcement,31,160,mode_4,0.6520977556864114,1.1265898682989937,0.0,0.0,1,mode_4,0.66,True,0.0
no_reinforcement,31,180,mode_4,0.6519333414135349,1.1270491404141063,0.0,0.0,1,mode_4,0.66,True,0.0
no_reinforcement,31,200,mode_4,0.6604019584487331,1.1098610218643608,0.0,0.0,1,mode_4,0.66,True,0.0
no_reinforcement,31,220,mode_4,0.6593973378169301,1.1122371319924116,0.0,0.0,1,mode_4,0.66,True,0.0
no_reinforcement,31,240,mode_4,0.6583376045431875,1.1143390449307151,0.0,0.0,1,mode_4,0.66,True,0.0
no_reinforcement,32,0,mode_4,0.6084645029760477,1.1933337235101,0.0,0.0,1,mode_4,0.66,True,0.0
no_reinforcement,32,20,mode_4,0.624156233051941,1.1676715296839186,0.0,0.0,1,mode_4,0.66,True,0.0
no_reinforcement,32,40,mode_4,0.6302345484755598,1.1585180201638756,0.0,0.0,1,mode_4,0.66,True,0.0
no_reinforcement,32,60,mode_4,0.6336789667351035,1.1544724243268325,0.0,0.0,1,mode_4,0.66,True,0.0
no_reinforcement,32,80,mode_4,0.6292590580138385,1.1619859299582362,0.0,0.0,1,mode_4,0.66,True,0.0
no_reinforcement,32,100,mode_4,0.6338340803320146,1.1528264064374578,0.0,0.0,1,mode_4,0.66,True,0.0
no_reinforcement,32,120,mode_4,0.6273565171569193,1.1651581470079506,0.0,0.0,1,mode_4,0.66,True,0.0
no_reinforcement,32,140,mode_4,0.63234815430045,1.1561525677077993,0.0,0.0,1,mode_4,0.66,True,0.0
no_reinforcement,32,160,mode_4,0.6373247244347612,1.1465713832981312,0.0,0.0,1,mode_4,0.66,True,0.0
no_reinforcement,32,180,mode_4,0.6438388195010559,1.1348911122275498,0.0,0.0,1,mode_4,0.66,True,0.0
no_reinforcement,32,200,mode_4,0.6375097472366269,1.1468196673898043,0.0,0.0,1,mode_4,0.66,True,0.0
no_reinforcement,32,220,mode_4,0.631826028711984,1.157183997674144,0.0,0.0,1,mode_4,0.66,True,0.0
no_reinforcement,32,240,mode_4,0.638030183374242,1.1455070661271758,0.0,0.0,1,mode_4,0.66,True,0.0
no_reinforcement,33,0,mode_0,0.7127547975921801,0.9958082974681858,0.0,0.0,1,mode_0,0.66,True,0.0
no_reinforcement,33,20,mode_0,0.714587635468622,0.9914637644802227,0.0,0.0,1,mode_0,0.66,True,0.0
no_reinforcement,33,40,mode_0,0.7158896188616969,0.9887506802978145,0.0,0.0,1,mode_0,0.66,True,0.0
no_reinforcement,33,60,mode_0,0.7139430139711984,0.9932681767285205,0.0,0.0,1,mode_0,0.66,True,0.0
no_reinforcement,33,80,mode_0,0.70973020296093,1.002855920341239,0.0,0.0,1,mode_0,0.66,True,0.0
no_reinforcement,33,100,mode_0,0.7135272042150269,0.9940091039045507,0.0,0.0,1,mode_0,0.66,True,0.0
no_reinforcement,33,120,mode_0,0.7098256358085858,1.002238663293327,0.0,0.0,1,mode_0,0.66,True,0.0
no_reinforcement,33,140,mode_0,0.7128551066248746,0.9959062103575844,0.0,0.0,1,mode_0,0.66,True,0.0
no_reinforcement,33,160,mode_0,0.7076999534880264,1.007155757924287,0.0,0.0,1,mode_0,0.66,True,0.0
no_reinforcement,33,180,mode_0,0.71096512876295,0.9998765459663094,0.0,0.0,1,mode_0,0.66,True,0.0
no_reinforcement,33,200,mode_0,0.7090649114386307,1.0044173374453702,0.0,0.0,1,mode_0,0.66,True,0.0
no_reinforcement,33,220,mode_0,0.7155291996670544,0.9896543262244617,0.0,0.0,1,mode_0,0.66,True,0.0
no_reinforcement,33,240,mode_0,0.7165464313487909,0.9871639790051459,0.0,0.0,1,mode_0,0.66,True,0.0
no_reinforcement,34,0,mode_1,0.5546941318388738,1.2196915874896845,0.0,0.0,2,mixed_1_3;mode_1,0.66,True,0.25
no_reinforcement,34,20,mode_1,0.5621921922459063,1.213418932299197,0.0,0.0,2,mixed_1_3;mode_1,0.66,True,0.25
no_reinforcement,34,40,mode_1,0.5837011627510689,1.1885511116775234,0.0,0.0,2,mixed_1_3;mode_1,0.66,True,0.25
no_reinforcement,34,60,mode_1,0.591258689025442,1.1806162109300862,0.0,0.0,2,mixed_1_3;mode_1,0.66,True,0.25
no_reinforcement,34,80,mode_1,0.5996642085895335,1.1733501395469204,0.0,0.0,2,mixed_1_3;mode_1,0.66,True,0.25
no_reinforcement,34,100,mode_1,0.6102645257461156,1.162124396438319,0.0,0.0,2,mixed_1_3;mode_1,0.66,True,0.25
no_reinforcement,34,120,mode_1,0.6150591477465509,1.155255465720991,0.0,0.0,1,mode_1,0.66,True,0.25
no_reinforcement,34,140,mode_1,0.6166603353323287,1.1553366875938085,0.0,0.0,1,mode_1,0.66,True,0.25
no_reinforcement,34,160,mode_1,0.6203242659931353,1.1514188195322652,0.0,0.0,1,mode_1,0.66,True,0.25
no_reinforcement,34,180,mode_1,0.6176737646128689,1.1559313251213257,0.0,0.0,1,mode_1,0.66,True,0.25
no_reinforcement,34,200,mode_1,0.6143113830820129,1.1637701963119318,0.0,0.0,1,mode_1,0.66,True,0.25
no_reinforcement,34,220,mode_1,0.6144745665071171,1.1620226639285114,0.0,0.0,1,mode_1,0.66,True,0.25
no_reinforcement,34,240,mode_1,0.6228004297221155,1.1494338144186775,0.0,0.0,1,mode_1,0.66,True,0.25
no_reinforcement,35,0,mode_4,0.5204318236358617,1.2409841355336868,0.0,0.0,2,mode_3;mode_4,0.66,True,0.25
no_reinforcement,35,20,mode_4,0.5351068114212456,1.229696619354023,0.0,0.0,2,mixed_3_4;mode_4,0.66,True,0.25
no_reinforcement,35,40,mode_4,0.5506210630229351,1.217580589891005,0.0,0.0,2,mixed_3_4;mode_4,0.66,True,0.25
no_reinforcement,35,60,mode_4,0.572242911587944,1.1989954471202109,0.0,0.0,2,mixed_3_4;mode_4,0.66,True,0.25
no_reinforcement,35,80,mode_4,0.5891542687676038,1.1872544398179863,0.0,0.0,2,mixed_3_4;mode_4,0.66,True,0.25
no_reinforcement,35,100,mode_4,0.5939621504826711,1.180932952732795,0.0,0.0,2,mixed_3_4;mode_4,0.66,True,0.25
no_reinforcement,35,120,mode_4,0.5953826176790972,1.182407846883969,0.0,0.0,2,mixed_3_4;mode_4,0.66,True,0.25
no_reinforcement,35,140,mode_4,0.6100843410392315,1.1635079579263405,0.0,0.0,2,mixed_3_4;mode_4,0.66,True,0.25
no_reinforcement,35,160,mode_4,0.6146934603671032,1.163095442287612,0.0,0.0,1,mode_4,0.66,True,0.25
no_reinforcement,35,180,mode_4,0.6209640095589483,1.156076748072356,0.0,0.0,1,mode_4,0.66,True,0.25
no_reinforcement,35,200,mode_4,0.6212818274184372,1.1535065268827602,0.0,0.0,1,mode_4,0.66,True,0.25
no_reinforcement,35,220,mode_4,0.6224154559183501,1.1551770218899304,0.0,0.0,1,mode_4,0.66,True,0.25
no_reinforcement,35,240,mode_4,0.6291959272062603,1.1441421169400896,0.0,0.0,1,mode_4,0.66,True,0.25
no_reinforcement,36,0,mode_3,0.46501784217977554,1.3694139970693466,0.0,0.0,3,mixed_0_3;mixed_1_3;mode_3,0.36,False,0.5
no_reinforcement,36,20,mode_3,0.5063365734199419,1.3272978494117627,0.0,0.0,3,mixed_0_3;mixed_1_3;mode_3,0.42,False,0.5
no_reinforcement,36,40,mode_3,0.5288641623528386,1.3010848164161888,0.0,0.0,3,mixed_0_3;mixed_1_3;mode_3,0.42,False,0.5
no_reinforcement,36,60,mode_3,0.5546474216669336,1.2658295760308025,0.0,0.0,2,mixed_0_3;mode_3,0.48000000000000004,False,0.5
no_reinforcement,36,80,mode_3,0.5760580931800934,1.236998598005235,0.0,0.0,1,mode_3,0.54,False,0.5
no_reinforcement,36,100,mode_3,0.580675534553359,1.2337728153787815,0.0,0.0,1,mode_3,0.54,False,0.5
no_reinforcement,36,120,mode_3,0.5794546482254019,1.2393571250839557,0.0,0.0,1,mode_3,0.54,False,0.5
no_reinforcement,36,140,mode_3,0.5901566468691427,1.2207376127739071,0.0,0.0,1,mode_3,0.54,False,0.5
no_reinforcement,36,160,mode_3,0.5973970545437469,1.2105522433218736,0.0,0.0,1,mode_3,0.54,False,0.5
no_reinforcement,36,180,mode_3,0.5972633069523746,1.210683700441368,0.0,0.0,1,mode_3,0.54,False,0.5
no_reinforcement,36,200,mode_3,0.6012570558289801,1.2055839201079637,0.0,0.0,1,mode_3,0.54,False,0.5
no_reinforcement,36,220,mode_3,0.5959307791056196,1.212956243656079,0.0,0.0,1,mode_3,0.54,False,0.5
no_reinforcement,36,240,mode_3,0.5922541495532614,1.2191002759920893,0.0,0.0,1,mode_3,0.54,False,0.5
no_reinforcement,37,0,mixed_1_3,0.38614563275079533,1.4439986160298668,0.0,0.0,4,mixed_1_4;mode_1;mode_2;mode_3,0.060000000000000005,False,0.8
no_reinforcement,37,20,mixed_1_3,0.4096183155918283,1.4190612333376285,0.0,0.0,4,mixed_1_2;mixed_1_4;mode_1;mode_3,0.060000000000000005,False,1.0
no_reinforcement,37,40,mode_1,0.4360836887213201,1.3974932646645084,0.0,0.0,4,mixed_1_2;mixed_1_4;mode_1;mode_3,0.24000000000000002,False,0.5
no_reinforcement,37,60,mode_1,0.46057486881005516,1.3767786178888262,0.0,0.0,4,mixed_1_2;mixed_1_4;mode_1;mode_3,0.30000000000000004,False,0.5
no_reinforcement,37,80,mode_1,0.47156180077889304,1.368759716856078,0.0,0.0,4,mixed_1_2;mixed_1_4;mode_1;mode_3,0.30000000000000004,False,0.5
no_reinforcement,37,100,mode_1,0.4964512905827036,1.3420062425184378,0.0,0.0,3,mixed_1_2;mode_1;mode_3,0.30000000000000004,False,0.5
no_reinforcement,37,120,mode_1,0.5020599430678484,1.3390966834306421,0.0,0.0,3,mixed_1_2;mode_1;mode_3,0.36,False,0.5
no_reinforcement,37,140,mode_1,0.5196557518652954,1.3223671080875108,0.0,0.0,3,mixed_1_2;mode_1;mode_3,0.36,False,0.5
no_reinforcement,37,160,mode_1,0.5195737129542813,1.3285818390530062,0.0,0.0,3,mixed_1_2;mode_1;mode_3,0.36,False,0.5
no_reinforcement,37,180,mode_1,0.527567221470232,1.3187327138453662,0.0,0.0,3,mixed_1_2;mixed_1_3;mode_1,0.36,False,0.5
no_reinforcement,37,200,mode_1,0.5379845732518426,1.3032955268369741,0.0,0.0,3,mixed_1_2;mixed_1_3;mode_1,0.36,False,0.5
no_reinforcement,37,220,mode_1,0.5377724818076223,1.3057307109202012,0.0,0.0,3,mixed_1_2;mixed_1_3;mode_1,0.36,False,0.5
no_reinforcement,37,240,mode_1,0.552558632869931,1.2864296458071052,0.0,0.0,3,mixed_1_2;mixed_1_3;mode_1,0.42,False,0.5
no_reinforcement,38,0,mode_0,0.5622645149163435,1.28759612649572,0.0,0.0,1,mode_0,0.66,True,0.25
no_reinforcement,38,20,mode_0,0.5855852934771316,1.249257749406109,0.0,0.0,1,mode_0,0.66,True,0.25
no_reinforcement,38,40,mode_0,0.6040366498675352,1.2173054287647016,0.0,0.0,1,mode_0,0.66,True,0.25
no_reinforcement,38,60,mode_0,0.6110040264713689,1.2057121372988349,0.0,0.0,1,mode_0,0.66,True,0.25
no_reinforcement,38,80,mode_0,0.6041779839237499,1.2179453892238927,0.0,0.0,1,mode_0,0.66,True,0.25
no_reinforcement,38,100,mode_0,0.6122780162906029,1.202988011005728,0.0,0.0,1,mode_0,0.66,True,0.25
no_reinforcement,38,120,mode_0,0.6110959230008889,1.2056377408849324,0.0,0.0,1,mode_0,0.66,True,0.25
no_reinforcement,38,140,mode_0,0.6137488893207955,1.2008036642924056,0.0,0.0,1,mode_0,0.66,True,0.25
no_reinforcement,38,160,mode_0,0.608954079238437,1.2093684741595259,0.0,0.0,1,mode_0,0.66,True,0.25
no_reinforcement,38,180,mode_0,0.6062450188125131,1.214186938920203,0.0,0.0,1,mode_0,0.66,True,0.25
no_reinforcement,38,200,mode_0,0.598664435861633,1.2275745673347271,0.0,0.0,1,mode_0,0.66,True,0.25
no_reinforcement,38,220,mode_0,0.5991203108951334,1.2269435610410235,0.0,0.0,1,mode_0,0.66,True,0.25
no_reinforcement,38,240,mode_0,0.6057406392078967,1.2158931480905495,0.0,0.0,1,mode_0,0.66,True,0.25
no_reinforcement,39,0,mode_4,0.44739845390563154,1.272143951890244,0.0,0.0,2,mode_0;mode_4,0.66,False,0.5
no_reinforcement,39,20,mode_4,0.47440661779876336,1.2586701357092214,0.0,0.0,2,mode_0;mode_4,0.66,True,0.25
no_reinforcement,39,40,mode_4,0.5004710642032169,1.248654736766405,0.0,0.0,2,mode_0;mode_4,0.66,True,0.25
no_reinforcement,39,60,mode_4,0.5164893012632839,1.238418171653229,0.0,0.0,2,mode_0;mode_4,0.66,True,0.25
no_reinforcement,39,80,mode_4,0.5314114430498346,1.2300050339604844,0.0,0.0,2,mode_0;mode_4,0.66,True,0.25
no_reinforcement,39,100,mode_4,0.5584152085104755,1.2092859100254498,0.0,0.0,2,mixed_0_4;mode_4,0.66,True,0.25
no_reinforcement,39,120,mode_4,0.5740007981962587,1.1983484569284564,0.0,0.0,2,mixed_0_4;mode_4,0.66,True,0.25
no_reinforcement,39,140,mode_4,0.5785019833639112,1.1981728537843601,0.0,0.0,2,mixed_0_4;mode_4,0.66,True,0.25
no_reinforcement,39,160,mode_4,0.5922228483237187,1.1811596230147048,0.0,0.0,2,mixed_0_4;mode_4,0.66,True,0.25
no_reinforcement,39,180,mode_4,0.5977404422648519,1.174084824372461,0.0,0.0,2,mixed_0_4;mode_4,0.66,True,0.25
no_reinforcement,39,200,mode_4,0.6049539995111415,1.167844873686548,0.0,0.0,2,mixed_0_4;mode_4,0.66,True,0.25
no_reinforcement,39,220,mode_4,0.6042879915559605,1.1700582118802443,0.0,0.0,2,mixed_0_4;mode_4,0.66,True,0.25
no_reinforcement,39,240,mode_4,0.6093372367094806,1.161531467188164,0.0,0.0,2,mixed_0_4;mode_4,0.66,True,0.25
no_reinforcement,40,0,mode_0,0.5812711383257535,1.1934786903315104,0.0,0.0,2,mixed_0_4;mode_0,0.66,True,0.25
no_reinforcement,40,20,mode_0,0.5964497622544079,1.1770685100574172,0.0,0.0,1,mode_0,0.66,True,0.25
no_reinforcement,40,40,mode_0,0.6173161942240186,1.156832597997367,0.0,0.0,1,mode_0,0.66,True,0.25
no_reinforcement,40,60,mode_0,0.6279991861851354,1.142045762284144,0.0,0.0,1,mode_0,0.66,True,0.25
no_reinforcement,40,80,mode_0,0.6302370679595876,1.1421299205409152,0.0,0.0,1,mode_0,0.66,True,0.25
no_reinforcement,40,100,mode_0,0.6287227581551629,1.1429673096553365,0.0,0.0,1,mode_0,0.66,True,0.25
no_reinforcement,40,120,mode_0,0.6327593698974014,1.1356462748672753,0.0,0.0,1,mode_0,0.66,True,0.25
no_reinforcement,40,140,mode_0,0.6326849707592516,1.137174512598073,0.0,0.0,1,mode_0,0.66,True,0.25
no_reinforcement,40,160,mode_0,0.6391517594104943,1.1289257960281331,0.0,0.0,1,mode_0,0.66,True,0.25
no_reinforcement,40,180,mode_0,0.6426215476760017,1.1245968989836312,0.0,0.0,1,mode_0,0.66,True,0.25
no_reinforcement,40,200,mode_0,0.6424848746565617,1.1237187782560607,0.0,0.0,1,mode_0,0.66,True,0.25
no_reinforcement,40,220,mode_0,0.6288358360158472,1.1470089132131722,0.0,0.0,1,mode_0,0.66,True,0.25
no_reinforcement,40,240,mode_0,0.6351391595376141,1.1341719494734828,0.0,0.0,1,mode_0,0.66,True,0.25
no_reinforcement,41,0,mode_0,0.5108057726354713,1.3435557936372133,0.0,0.0,1,mode_0,0.48000000000000004,False,0.5
no_reinforcement,41,20,mode_0,0.5539287358042585,1.2841944501091958,0.0,0.0,1,mode_0,0.54,False,0.5
no_reinforcement,41,40,mode_0,0.5791679380575212,1.246804527588079,0.0,0.0,1,mode_0,0.6000000000000001,False,0.5
no_reinforcement,41,60,mode_0,0.5877868217153178,1.2347345521284907,0.0,0.0,1,mode_0,0.6000000000000001,False,0.5
no_reinforcement,41,80,mode_0,0.5902063635659606,1.2307798676858213,0.0,0.0,1,mode_0,0.6000000000000001,False,0.5
no_reinforcement,41,100,mode_0,0.5984443431383284,1.2167758001011098,0.0,0.0,1,mode_0,0.6000000000000001,False,0.5
no_reinforcement,41,120,mode_0,0.605365239199189,1.2047912318774383,0.0,0.0,1,mode_0,0.6000000000000001,False,0.5
no_reinforcement,41,140,mode_0,0.61039036466517,1.195790941824484,0.0,0.0,1,mode_0,0.6000000000000001,False,0.5
no_reinforcement,41,160,mode_0,0.6130504202531861,1.1912313445364142,0.0,0.0,1,mode_0,0.6000000000000001,False,0.5
no_reinforcement,41,180,mode_0,0.6108264684343263,1.1961044886058185,0.0,0.0,1,mode_0,0.6000000000000001,False,0.5
no_reinforcement,41,200,mode_0,0.6048739376991544,1.2061461160587594,0.0,0.0,1,mode_0,0.6000000000000001,False,0.5
no_reinforcement,41,220,mode_0,0.6061831882443568,1.2029407340822185,0.0,0.0,1,mode_0,0.6000000000000001,False,0.5
no_reinforcement,41,240,mode_0,0.5979038644977952,1.2165117877607692,0.0,0.0,1,mode_0,0.6000000000000001,False,0.5
no_reinforcement,42,0,mode_3,0.6252937636078263,1.1642012884945572,0.0,0.0,1,mode_3,0.66,True,0.0
no_reinforcement,42,20,mode_3,0.6444468630113243,1.1303778267204547,0.0,0.0,1,mode_3,0.66,True,0.0
no_reinforcement,42,40,mode_3,0.6519736314700911,1.116148807728683,0.0,0.0,1,mode_3,0.66,True,0.0
no_reinforcement,42,60,mode_3,0.6523530837774173,1.1170992421231984,0.0,0.0,1,mode_3,0.66,True,0.0
no_reinforcement,42,80,mode_3,0.658415923251794,1.1052564368937619,0.0,0.0,1,mode_3,0.66,True,0.0
no_reinforcement,42,100,mode_3,0.6515027991785819,1.119436987110352,0.0,0.0,1,mode_3,0.66,True,0.0
no_reinforcement,42,120,mode_3,0.6513064670159016,1.1208461784351147,0.0,0.0,1,mode_3,0.66,True,0.0
no_reinforcement,42,140,mode_3,0.6505535050118242,1.122856064731493,0.0,0.0,1,mode_3,0.66,True,0.0
no_reinforcement,42,160,mode_3,0.6590896058652511,1.1057631774403531,0.0,0.0,1,mode_3,0.66,True,0.0
no_reinforcement,42,180,mode_3,0.6605630611218833,1.1037408057839464,0.0,0.0,1,mode_3,0.66,True,0.0
no_reinforcement,42,200,mode_3,0.6556506871670053,1.112916394967845,0.0,0.0,1,mode_3,0.66,True,0.0
no_reinforcement,42,220,mode_3,0.6541351441343849,1.1142791666380087,0.0,0.0,1,mode_3,0.66,True,0.0
no_reinforcement,42,240,mode_3,0.6556788028347872,1.1124986651479054,0.0,0.0,1,mode_3,0.66,True,0.0
no_reinforcement,43,0,mode_3,0.4341573109901779,1.402591779487863,0.0,0.0,3,mixed_2_3;mode_0;mode_3,0.30000000000000004,False,0.5
no_reinforcement,43,20,mode_3,0.4659289705556716,1.3717624760588791,0.0,0.0,3,mixed_2_3;mode_0;mode_3,0.36,False,0.5
no_reinforcement,43,40,mode_3,0.49299248553731606,1.3428263319879883,0.0,0.0,3,mixed_2_3;mode_0;mode_3,0.42,False,0.5
no_reinforcement,43,60,mode_3,0.5071172937530783,1.332214731227412,0.0,0.0,3,mixed_2_3;mode_0;mode_3,0.42,False,0.5
no_reinforcement,43,80,mode_3,0.5204459634973077,1.323241076721856,0.0,0.0,2,mixed_0_3;mode_3,0.48000000000000004,False,0.5
no_reinforcement,43,100,mode_3,0.5232087712646375,1.3230477242829208,0.0,0.0,2,mixed_0_3;mode_3,0.48000000000000004,False,0.5
no_reinforcement,43,120,mode_3,0.5366406477291301,1.3055488381018359,0.0,0.0,2,mixed_0_3;mode_3,0.48000000000000004,False,0.5
no_reinforcement,43,140,mode_3,0.5449154201485215,1.29356230691423,0.0,0.0,2,mixed_0_3;mode_3,0.48000000000000004,False,0.5
no_reinforcement,43,160,mode_3,0.5544977763172731,1.2808648750946605,0.0,0.0,2,mixed_0_3;mode_3,0.54,False,0.5
no_reinforcement,43,180,mode_3,0.5562098867009223,1.2795499513439015,0.0,0.0,2,mixed_0_3;mode_3,0.54,False,0.5
no_reinforcement,43,200,mode_3,0.5592761958664227,1.2769328433991394,0.0,0.0,2,mixed_0_3;mode_3,0.54,False,0.5
no_reinforcement,43,220,mode_3,0.5570084241391632,1.2819990995267077,0.0,0.0,2,mixed_0_3;mode_3,0.54,False,0.5
no_reinforcement,43,240,mode_3,0.5730328423300053,1.255852422952841,0.0,0.0,2,mixed_0_3;mode_3,0.54,False,0.5
no_reinforcement,44,0,mode_2,0.6668719846604508,1.0852387235944658,0.0,0.0,1,mode_2,0.66,True,0.0
no_reinforcement,44,20,mode_2,0.6734561500289672,1.072699061493641,0.0,0.0,1,mode_2,0.66,True,0.0
no_reinforcement,44,40,mode_2,0.6759656911854625,1.0687021260409748,0.0,0.0,1,mode_2,0.66,True,0.0
no_reinforcement,44,60,mode_2,0.6864368005228064,1.0460786316166248,0.0,0.0,1,mode_2,0.66,True,0.0
no_reinforcement,44,80,mode_2,0.6798666923249381,1.0608646983288805,0.0,0.0,1,mode_2,0.66,True,0.0
no_reinforcement,44,100,mode_2,0.6729778746908164,1.074612659149982,0.0,0.0,1,mode_2,0.66,True,0.0
no_reinforcement,44,120,mode_2,0.6767368049434412,1.0663542087364206,0.0,0.0,1,mode_2,0.66,True,0.0
no_reinforcement,44,140,mode_2,0.6741111435013661,1.0733952876411157,0.0,0.0,1,mode_2,0.66,True,0.0
no_reinforcement,44,160,mode_2,0.6783534658900546,1.0645780821086488,0.0,0.0,1,mode_2,0.66,True,0.0
no_reinforcement,44,180,mode_2,0.6799514410812176,1.0609899430493164,0.0,0.0,1,mode_2,0.66,True,0.0
no_reinforcement,44,200,mode_2,0.6798548792349237,1.06283624081986,0.0,0.0,1,mode_2,0.66,True,0.0
no_reinforcement,44,220,mode_2,0.6858095076899775,1.0496639684820175,0.0,0.0,1,mode_2,0.66,True,0.0
no_reinforcement,44,240,mode_2,0.6845313741801325,1.0533492414081829,0.0,0.0,1,mode_2,0.66,True,0.0
no_reinforcement,45,0,mode_3,0.6368827051213806,1.1519974967615945,0.0,0.0,1,mode_3,0.66,True,0.0
no_reinforcement,45,20,mode_3,0.645396614408895,1.1360207146931518,0.0,0.0,1,mode_3,0.66,True,0.0
no_reinforcement,45,40,mode_3,0.6481976889089344,1.1300918776999311,0.0,0.0,1,mode_3,0.66,True,0.0
no_reinforcement,45,60,mode_3,0.6530750225810221,1.1216582164936233,0.0,0.0,1,mode_3,0.66,True,0.0
no_reinforcement,45,80,mode_3,0.6548683560116197,1.1183933536344364,0.0,0.0,1,mode_3,0.66,True,0.0
no_reinforcement,45,100,mode_3,0.6537546187100511,1.120674603370181,0.0,0.0,1,mode_3,0.66,True,0.0
no_reinforcement,45,120,mode_3,0.6537186213491549,1.1203514055354227,0.0,0.0,1,mode_3,0.66,True,0.0
no_reinforcement,45,140,mode_3,0.6521123506174235,1.124057919384732,0.0,0.0,1,mode_3,0.66,True,0.0
no_reinforcement,45,160,mode_3,0.6559889949278058,1.1160770059383074,0.0,0.0,1,mode_3,0.66,True,0.0
no_reinforcement,45,180,mode_3,0.6606437826362185,1.1071022559321047,0.0,0.0,1,mode_3,0.66,True,0.0
no_reinforcement,45,200,mode_3,0.6638088099818178,1.1014390963080192,0.0,0.0,1,mode_3,0.66,True,0.0
no_reinforcement,45,220,mode_3,0.6502163322627154,1.1278361423416983,0.0,0.0,1,mode_3,0.66,True,0.0
no_reinforcement,45,240,mode_3,0.6474759517528136,1.1328875733451746,0.0,0.0,1,mode_3,0.66,True,0.0
no_reinforcement,46,0,mixed_0_2_4,0.37891117737109004,1.486826107853579,0.0,0.0,4,mixed_0_1;mode_0;mode_2;mode_4,0.060000000000000005,False,1.0
no_reinforcement,46,20,mixed_0_2_4,0.39464011601631865,1.4751605188684827,0.0,0.0,4,mixed_0_1;mode_0;mode_2;mode_4,0.060000000000000005,False,1.0
no_reinforcement,46,40,mixed_0_2,0.4097756432862329,1.4604112613313343,0.0,0.0,4,mixed_0_1;mode_0;mode_2;mode_4,0.060000000000000005,False,1.0
no_reinforcement,46,60,mode_0,0.4273619587188598,1.4431248189777375,0.0,0.0,4,mixed_0_1;mixed_0_4;mode_0;mode_2,0.18,False,0.5
no_reinforcement,46,80,mode_0,0.4420545468440961,1.4266126113393767,0.0,0.0,4,mixed_0_1;mixed_0_4;mode_0;mode_2,0.24000000000000002,False,0.75
no_reinforcement,46,100,mode_0,0.4534605309442737,1.4206378185109232,0.0,0.0,4,mixed_0_1;mixed_0_4;mode_0;mode_2,0.24000000000000002,False,0.5
no_reinforcement,46,120,mode_0,0.46757845354476074,1.404333441661824,0.0,0.0,4,mixed_0_1;mixed_0_4;mode_0;mode_2,0.24000000000000002,False,0.5
no_reinforcement,46,140,mode_0,0.4908421392632372,1.3779421155197888,0.0,0.0,4,mixed_0_1;mixed_0_2;mixed_0_4;mode_0,0.30000000000000004,False,0.5
no_reinforcement,46,160,mode_0,0.500048354186974,1.366015283885184,0.0,0.0,4,mixed_0_1;mixed_0_2;mixed_0_4;mode_0,0.30000000000000004,False,0.5
no_reinforcement,46,180,mode_0,0.5177188229484373,1.3439243866165516,0.0,0.0,4,mixed_0_1;mixed_0_2;mixed_0_4;mode_0,0.30000000000000004,False,0.5
no_reinforcement,46,200,mode_0,0.5201300746531612,1.3404398077835162,0.0,0.0,4,mixed_0_1;mixed_0_2;mixed_0_4;mode_0,0.30000000000000004,False,0.5
no_reinforcement,46,220,mode_0,0.5166165948835636,1.3457898422337162,0.0,0.0,4,mixed_0_1;mixed_0_2;mixed_0_4;mode_0,0.30000000000000004,False,0.5
no_reinforcement,46,240,mode_0,0.5101842562565727,1.3545305450154317,0.0,0.0,4,mixed_0_1;mixed_0_2;mixed_0_4;mode_0,0.30000000000000004,False,0.5
no_reinforcement,47,0,mixed_1_3,0.3857180560005526,1.4412826150576579,0.0,0.0,4,mixed_1_3_4;mode_1;mode_2;mode_3,0.060000000000000005,False,0.8
no_reinforcement,47,20,mixed_1_3,0.41390051927195703,1.420954364780893,0.0,0.0,4,mixed_2_3;mixed_3_4;mode_1;mode_3,0.060000000000000005,False,1.0
no_reinforcement,47,40,mode_3,0.4307237398025312,1.4067596221989829,0.0,0.0,4,mixed_2_3;mixed_3_4;mode_1;mode_3,0.24000000000000002,False,0.5
no_reinforcement,47,60,mode_3,0.46058657246735923,1.3782996223207995,0.0,0.0,3,mixed_2_3;mode_1;mode_3,0.30000000000000004,False,0.5
no_reinforcement,47,80,mode_3,0.46371999018815574,1.3809099020944355,0.0,0.0,3,mixed_2_3;mode_1;mode_3,0.30000000000000004,False,0.5
no_reinforcement,47,100,mode_3,0.4743405138394329,1.3639174956608549,0.0,0.0,3,mixed_2_3;mode_1;mode_3,0.30000000000000004,False,0.5
no_reinforcement,47,120,mode_3,0.4948233376470249,1.345884732451967,0.0,0.0,3,mixed_2_3;mode_1;mode_3,0.36,False,0.5
no_reinforcement,47,140,mode_3,0.5095116534958717,1.3293668780452643,0.0,0.0,3,mixed_2_3;mode_1;mode_3,0.36,False,0.5
no_reinforcement,47,160,mode_3,0.5235289601704549,1.3166924426789377,0.0,0.0,3,mixed_2_3;mode_1;mode_3,0.36,False,0.5
no_reinforcement,47,180,mode_3,0.528195232215363,1.313393374002318,0.0,0.0,3,mixed_2_3;mode_1;mode_3,0.36,False,0.5
no_reinforcement,47,200,mode_3,0.5322108576454779,1.3112976695337741,0.0,0.0,3,mixed_1_3;mixed_2_3;mode_3,0.42,False,0.5
no_reinforcement,47,220,mode_3,0.5492273856735774,1.2858056071272723,0.0,0.0,3,mixed_1_3;mixed_2_3;mode_3,0.42,False,0.5
no_reinforcement,47,240,mode_3,0.5442736742345855,1.2942017022893109,0.0,0.0,3,mixed_1_3;mixed_2_3;mode_3,0.42,False,0.5
no_reinforcement,48,0,mode_0,0.7329346382213042,0.9499651515538108,0.0,0.0,1,mode_0,0.66,True,0.0
no_reinforcement,48,20,mode_0,0.737676080407259,0.9387000807275752,0.0,0.0,1,mode_0,0.66,True,0.0
no_reinforcement,48,40,mode_0,0.7390493433969059,0.9354632471259375,0.0,0.0,1,mode_0,0.66,True,0.0
no_reinforcement,48,60,mode_0,0.7343769905442049,0.946554722087352,0.0,0.0,1,mode_0,0.66,True,0.0
no_reinforcement,48,80,mode_0,0.7345370546815209,0.9461669951027981,0.0,0.0,1,mode_0,0.66,True,0.0
no_reinforcement,48,100,mode_0,0.7342051287637217,0.9470475798927381,0.0,0.0,1,mode_0,0.66,True,0.0
no_reinforcement,48,120,mode_0,0.7306028657885841,0.9555374251058543,0.0,0.0,1,mode_0,0.66,True,0.0
no_reinforcement,48,140,mode_0,0.7375760902019322,0.9387551907632342,0.0,0.0,1,mode_0,0.66,True,0.0
no_reinforcement,48,160,mode_0,0.7375190473835563,0.9390942398662466,0.0,0.0,1,mode_0,0.66,True,0.0
no_reinforcement,48,180,mode_0,0.7278959437889317,0.9621475605217726,0.0,0.0,1,mode_0,0.66,True,0.0
no_reinforcement,48,200,mode_0,0.7368204457005864,0.9406469874563724,0.0,0.0,1,mode_0,0.66,True,0.0
no_reinforcement,48,220,mode_0,0.7287823405508315,0.9598729419741178,0.0,0.0,1,mode_0,0.66,True,0.0
no_reinforcement,48,240,mode_0,0.7327779369403442,0.9503992500635148,0.0,0.0,1,mode_0,0.66,True,0.0
no_reinforcement,49,0,mode_4,0.5922587107146831,1.2309019869773483,0.0,0.0,1,mode_4,0.66,True,0.25
no_reinforcement,49,20,mode_4,0.6088818655885337,1.2022873910988474,0.0,0.0,1,mode_4,0.66,True,0.0
no_reinforcement,49,40,mode_4,0.6185001426622165,1.1870023505912175,0.0,0.0,1,mode_4,0.66,True,0.0
no_reinforcement,49,60,mode_4,0.6285962833176066,1.1688151633423616,0.0,0.0,1,mode_4,0.66,True,0.0
no_reinforcement,49,80,mode_4,0.6319879585161017,1.1631952852689498,0.0,0.0,1,mode_4,0.66,True,0.0
no_reinforcement,49,100,mode_4,0.6358903053883094,1.1558054585327246,0.0,0.0,1,mode_4,0.66,True,0.0
no_reinforcement,49,120,mode_4,0.6308231052654878,1.1657133343172383,0.0,0.0,1,mode_4,0.66,True,0.0
no_reinforcement,49,140,mode_4,0.6372677009869377,1.1531592035469105,0.0,0.0,1,mode_4,0.66,True,0.0
no_reinforcement,49,160,mode_4,0.6257570699136872,1.1749399889440106,0.0,0.0,1,mode_4,0.66,True,0.0
no_reinforcement,49,180,mode_4,0.6280476824910319,1.1705891161744433,0.0,0.0,1,mode_4,0.66,True,0.0
no_reinforcement,49,200,mode_4,0.6275674783087148,1.1708672705453087,0.0,0.0,1,mode_4,0.66,True,0.0
no_reinforcement,49,220,mode_4,0.63239871989209,1.1625624153113978,0.0,0.0,1,mode_4,0.66,True,0.0
no_reinforcement,49,240,mode_4,0.6238326302312108,1.1791134632865305,0.0,0.0,1,mode_4,0.66,True,0.0
no_reinforcement,50,0,mixed_0_1,0.40302822069411154,1.397425851328007,0.0,0.0,5,mixed_0_1;mixed_0_1_2;mixed_0_1_4;mode_0;mode_1,0.060000000000000005,False,0.8
no_reinforcement,50,20,mode_1,0.4351593504913781,1.3659642596239374,0.0,0.0,4,mixed_0_1_2;mixed_0_1_4;mode_0;mode_1,0.36,False,0.5
no_reinforcement,50,40,mode_1,0.43898877552530013,1.357788571418554,0.0,0.0,4,mixed_0_1_2;mixed_0_1_4;mode_0;mode_1,0.36,False,0.5
no_reinforcement,50,60,mode_1,0.466289135059923,1.3447351688902378,0.0,0.0,2,mode_0;mode_1,0.48000000000000004,False,0.5
no_reinforcement,50,80,mode_1,0.4732143434774059,1.3390543466792848,0.0,0.0,2,mode_0;mode_1,0.48000000000000004,False,0.5
no_reinforcement,50,100,mode_1,0.48309466879374807,1.335163240646777,0.0,0.0,2,mode_0;mode_1,0.48000000000000004,False,0.5
no_reinforcement,50,120,mode_1,0.4845253048868104,1.3351972119289939,0.0,0.0,2,mode_0;mode_1,0.48000000000000004,False,0.5
no_reinforcement,50,140,mode_1,0.48753432783620304,1.3390140522446303,0.0,0.0,2,mode_0;mode_1,0.48000000000000004,False,0.5
no_reinforcement,50,160,mode_1,0.5099145883191643,1.316755979755086,0.0,0.0,2,mode_0;mode_1,0.54,False,0.5
no_reinforcement,50,180,mode_1,0.5311585438518701,1.2948879559379982,0.0,0.0,2,mode_0;mode_1,0.6000000000000001,False,0.5
no_reinforcement,50,200,mode_1,0.5324504868869303,1.2986535003781112,0.0,0.0,2,mode_0;mode_1,0.6000000000000001,False,0.5
no_reinforcement,50,220,mode_1,0.5329515423536486,1.2996359868960359,0.0,0.0,2,mode_0;mode_1,0.6000000000000001,False,0.5
no_reinforcement,50,240,mode_1,0.5374892314374725,1.2985633636307499,0.0,0.0,2,mode_0;mode_1,0.6000000000000001,False,0.5
no_reinforcement,51,0,mode_1,0.4556256262159344,1.2970281713352958,0.0,0.0,2,mode_0;mode_1,0.66,True,0.25
no_reinforcement,51,20,mode_1,0.48489207461452033,1.2802484835344052,0.0,0.0,2,mode_0;mode_1,0.66,True,0.25
no_reinforcement,51,40,mode_1,0.5060478805687455,1.2690881761058088,0.0,0.0,2,mode_0;mode_1,0.66,True,0.25
no_reinforcement,51,60,mode_1,0.5277439995790587,1.2527208792953397,0.0,0.0,2,mode_0;mode_1,0.66,True,0.25
no_reinforcement,51,80,mode_1,0.5367207287592208,1.2502295003946866,0.0,0.0,2,mode_0;mode_1,0.66,True,0.25
no_reinforcement,51,100,mode_1,0.5465174001916058,1.2439575958193405,0.0,0.0,2,mode_0;mode_1,0.66,True,0.25
no_reinforcement,51,120,mode_1,0.5644362863943743,1.2276646923647947,0.0,0.0,2,mixed_0_1;mode_1,0.66,True,0.25
no_reinforcement,51,140,mode_1,0.5708301398940594,1.2202342910797428,0.0,0.0,2,mixed_0_1;mode_1,0.66,True,0.25
no_reinforcement,51,160,mode_1,0.5852820121219847,1.204755563635519,0.0,0.0,2,mixed_0_1;mode_1,0.66,True,0.25
no_reinforcement,51,180,mode_1,0.5895428345097288,1.1981072260002759,0.0,0.0,2,mixed_0_1;mode_1,0.66,True,0.25
no_reinforcement,51,200,mode_1,0.588315974943335,1.2039324360660792,0.0,0.0,2,mixed_0_1;mode_1,0.66,True,0.25
no_reinforcement,51,220,mode_1,0.5875973870975593,1.2068680833155534,0.0,0.0,2,mixed_0_1;mode_1,0.66,True,0.25
no_reinforcement,51,240,mode_1,0.5957521829214384,1.197500938364612,0.0,0.0,2,mixed_0_1;mode_1,0.66,True,0.25
no_reinforcement,52,0,mode_3,0.527875934806832,1.3388678591059984,0.0,0.0,1,mode_3,0.54,False,0.75
no_reinforcement,52,20,mode_3,0.5526007262205288,1.3021605354785462,0.0,0.0,1,mode_3,0.54,False,0.75
no_reinforcement,52,40,mode_3,0.5769644266753932,1.26386431197711,0.0,0.0,1,mode_3,0.6000000000000001,False,0.75
no_reinforcement,52,60,mode_3,0.5844118256094387,1.2512453285304208,0.0,0.0,1,mode_3,0.6000000000000001,False,0.75
no_reinforcement,52,80,mode_3,0.5865622270473126,1.248104931791557,0.0,0.0,1,mode_3,0.6000000000000001,False,0.75
no_reinforcement,52,100,mode_3,0.589537072273975,1.243278685993894,0.0,0.0,1,mode_3,0.6000000000000001,False,0.75
no_reinforcement,52,120,mode_3,0.5838477497630271,1.2527298121012578,0.0,0.0,1,mode_3,0.6000000000000001,False,0.75
no_reinforcement,52,140,mode_3,0.5930384093500597,1.2369583760668676,0.0,0.0,1,mode_3,0.6000000000000001,False,0.75
no_reinforcement,52,160,mode_3,0.5920853551047387,1.2379247763614292,0.0,0.0,1,mode_3,0.6000000000000001,False,0.75
no_reinforcement,52,180,mode_3,0.5929740185873027,1.2367857408390281,0.0,0.0,1,mode_3,0.6000000000000001,False,0.75
no_reinforcement,52,200,mode_3,0.5892477108611958,1.2437860307235482,0.0,0.0,1,mode_3,0.6000000000000001,False,0.75
no_reinforcement,52,220,mode_3,0.5983943338272821,1.2271259503704615,0.0,0.0,1,mode_3,0.6000000000000001,False,0.75
no_reinforcement,52,240,mode_3,0.5971623101334387,1.2293412812230913,0.0,0.0,1,mode_3,0.6000000000000001,False,0.75
no_reinforcement,53,0,mode_2,0.66982916300444,1.0863608676683207,0.0,0.0,1,mode_2,0.66,True,0.0
no_reinforcement,53,20,mode_2,0.675163240352358,1.0755501601948643,0.0,0.0,1,mode_2,0.66,True,0.0
no_reinforcement,53,40,mode_2,0.6764247270007292,1.072178004257353,0.0,0.0,1,mode_2,0.66,True,0.0
no_reinforcement,53,60,mode_2,0.6764190066552277,1.0736466062795567,0.0,0.0,1,mode_2,0.66,True,0.0
no_reinforcement,53,80,mode_2,0.6722487381425718,1.0813668276768735,0.0,0.0,1,mode_2,0.66,True,0.0
no_reinforcement,53,100,mode_2,0.6745800508280724,1.0769846652163242,0.0,0.0,1,mode_2,0.66,True,0.0
no_reinforcement,53,120,mode_2,0.6802982678133933,1.065468231967867,0.0,0.0,1,mode_2,0.66,True,0.0
no_reinforcement,53,140,mode_2,0.6799538182647308,1.0657561039050092,0.0,0.0,1,mode_2,0.66,True,0.0
no_reinforcement,53,160,mode_2,0.6788421610718587,1.0687339015215884,0.0,0.0,1,mode_2,0.66,True,0.0
no_reinforcement,53,180,mode_2,0.677687217179168,1.0709071636936558,0.0,0.0,1,mode_2,0.66,True,0.0
no_reinforcement,53,200,mode_2,0.6800376816919484,1.0664783217892677,0.0,0.0,1,mode_2,0.66,True,0.0
no_reinforcement,53,220,mode_2,0.6860049897721102,1.053061854413315,0.0,0.0,1,mode_2,0.66,True,0.0
no_reinforcement,53,240,mode_2,0.6815204973018028,1.0629771664956846,0.0,0.0,1,mode_2,0.66,True,0.0
no_reinforcement,54,0,mixed_2_4,0.3450725977017376,1.4938605835546004,0.0,0.0,5,mixed_0_4;mixed_2_4;mode_1;mode_2;mode_4,0.18,False,0.8
no_reinforcement,54,20,mixed_2_4,0.36191200229785725,1.475299576030118,0.0,0.0,5,mixed_0_4;mixed_2_4;mode_1;mode_2;mode_4,0.18,False,0.6
no_reinforcement,54,40,mixed_2_4,0.37653527907279777,1.4601194086695193,0.0,0.0,5,mixed_0_4;mixed_2_4;mode_1;mode_2;mode_4,0.12000000000000001,False,0.6
no_reinforcement,54,60,mixed_2_4,0.3901689275092766,1.4494343017823434,0.0,0.0,5,mixed_0_4;mixed_2_4;mode_1;mode_2;mode_4,0.060000000000000005,False,0.6
no_reinforcement,54,80,mixed_2_4,0.4081411968578657,1.439358447726531,0.0,0.0,4,mixed_0_4;mode_1;mode_2;mode_4,0.060000000000000005,False,0.8
no_reinforcement,54,100,mixed_2_4,0.4116825155181078,1.4342485544158754,0.0,0.0,4,mixed_0_4;mixed_1_4;mode_2;mode_4,0.060000000000000005,False,0.8
no_reinforcement,54,120,mode_4,0.421489174596656,1.4245317593162703,0.0,0.0,4,mixed_0_4;mixed_1_4;mode_2;mode_4,0.18,False,0.5
no_reinforcement,54,140,mode_4,0.4214363956673063,1.4291114589463363,0.0,0.0,4,mixed_0_4;mixed_1_4;mode_2;mode_4,0.18,False,0.5
no_reinforcement,54,160,mode_4,0.4374186252899858,1.412522253103157,0.0,0.0,4,mixed_0_4;mixed_1_4;mode_2;mode_4,0.18,False,0.5
no_reinforcement,54,180,mode_4,0.4575743520741156,1.3997338267051997,0.0,0.0,4,mixed_0_4;mixed_1_4;mode_2;mode_4,0.24000000000000002,False,0.5
no_reinforcement,54,200,mode_4,0.46617673688052974,1.3935812061557333,0.0,0.0,4,mixed_0_4;mixed_1_4;mode_2;mode_4,0.24000000000000002,False,0.5
no_reinforcement,54,220,mode_4,0.4693504245000996,1.3914942473684482,0.0,0.0,4,mixed_0_4;mixed_1_4;mode_2;mode_4,0.24000000000000002,False,0.5
no_reinforcement,54,240,mode_4,0.48744371130833386,1.3704106887807792,0.0,0.0,4,mixed_0_4;mixed_1_4;mode_2;mode_4,0.24000000000000002,False,0.5
no_reinforcement,55,0,mode_4,0.5415201884011636,1.2529400922284317,0.0,0.0,2,mixed_3_4;mode_4,0.66,True,0.25
no_reinforcement,55,20,mode_4,0.5672264574164959,1.2236302877967906,0.0,0.0,2,mixed_3_4;mode_4,0.66,True,0.25
no_reinforcement,55,40,mode_4,0.5896743761552355,1.2034796652767712,0.0,0.0,1,mode_4,0.66,True,0.25
no_reinforcement,55,60,mode_4,0.608769915826054,1.1737873577696694,0.0,0.0,1,mode_4,0.66,True,0.25
no_reinforcement,55,80,mode_4,0.6151916143083964,1.1699881298793675,0.0,0.0,1,mode_4,0.66,True,0.25
no_reinforcement,55,100,mode_4,0.6180758086794644,1.1683681426476888,0.0,0.0,1,mode_4,0.66,True,0.25
no_reinforcement,55,120,mode_4,0.6256530085949952,1.1576659269865024,0.0,0.0,1,mode_4,0.66,True,0.25
no_reinforcement,55,140,mode_4,0.6264388465888936,1.1552596286536956,0.0,0.0,1,mode_4,0.66,True,0.25
no_reinforcement,55,160,mode_4,0.6347921664234776,1.139693225304209,0.0,0.0,1,mode_4,0.66,True,0.25
no_reinforcement,55,180,mode_4,0.629893439668693,1.1512004256465251,0.0,0.0,1,mode_4,0.66,True,0.25
no_reinforcement,55,200,mode_4,0.6289155117884269,1.1546261294991533,0.0,0.0,1,mode_4,0.66,True,0.25
no_reinforcement,55,220,mode_4,0.6332746247395269,1.1443699112529844,0.0,0.0,1,mode_4,0.66,True,0.25
no_reinforcement,55,240,mode_4,0.6264366812366434,1.1568441869423196,0.0,0.0,1,mode_4,0.66,True,0.25
no_reinforcement,56,0,mode_3,0.6992573117378422,1.0253428087620202,0.0,0.0,1,mode_3,0.66,True,0.0
no_reinforcement,56,20,mode_3,0.7076193242897343,1.0070415416168976,0.0,0.0,1,mode_3,0.66,True,0.0
no_reinforcement,56,40,mode_3,0.7103642016785179,1.0014154705854124,0.0,0.0,1,mode_3,0.66,True,0.0
no_reinforcement,56,60,mode_3,0.7118091841638157,0.9978484797862317,0.0,0.0,1,mode_3,0.66,True,0.0
no_reinforcement,56,80,mode_3,0.7055763297191948,1.0122004671231533,0.0,0.0,1,mode_3,0.66,True,0.0
no_reinforcement,56,100,mode_3,0.7077826381246629,1.006931054173892,0.0,0.0,1,mode_3,0.66,True,0.0
no_reinforcement,56,120,mode_3,0.7046122578206787,1.0139783756883867,0.0,0.0,1,mode_3,0.66,True,0.0
no_reinforcement,56,140,mode_3,0.7027893839557667,1.0175731286748697,0.0,0.0,1,mode_3,0.66,True,0.0
no_reinforcement,56,160,mode_3,0.7007923538217287,1.022761099745726,0.0,0.0,1,mode_3,0.66,True,0.0
no_reinforcement,56,180,mode_3,0.7044173457097692,1.0146486063050957,0.0,0.0,1,mode_3,0.66,True,0.0
no_reinforcement,56,200,mode_3,0.7071234264560164,1.0083409609070457,0.0,0.0,1,mode_3,0.66,True,0.0
no_reinforcement,56,220,mode_3,0.7083815003379085,1.0054492953287277,0.0,0.0,1,mode_3,0.66,True,0.0
no_reinforcement,56,240,mode_3,0.7078626694962126,1.0068377089422587,0.0,0.0,1,mode_3,0.66,True,0.0
no_reinforcement,57,0,mode_4,0.554764936973536,1.2540658216596772,0.0,0.0,1,mode_4,0.66,True,0.25
no_reinforcement,57,20,mode_4,0.5833887138314524,1.2176999651381872,0.0,0.0,1,mode_4,0.66,True,0.25
no_reinforcement,57,40,mode_4,0.603429382128927,1.193513391922565,0.0,0.0,1,mode_4,0.66,True,0.25
no_reinforcement,57,60,mode_4,0.6035706312269212,1.1969536495353306,0.0,0.0,1,mode_4,0.66,True,0.25
no_reinforcement,57,80,mode_4,0.6187922762092621,1.1751180034256097,0.0,0.0,1,mode_4,0.66,True,0.25
no_reinforcement,57,100,mode_4,0.6218139998356522,1.17067228511731,0.0,0.0,1,mode_4,0.66,True,0.25
no_reinforcement,57,120,mode_4,0.6310193953223235,1.1555371665218097,0.0,0.0,1,mode_4,0.66,True,0.25
no_reinforcement,57,140,mode_4,0.6325012088537332,1.1548003225757237,0.0,0.0,1,mode_4,0.66,True,0.25
no_reinforcement,57,160,mode_4,0.6411590919755292,1.1392705165291517,0.0,0.0,1,mode_4,0.66,True,0.25
no_reinforcement,57,180,mode_4,0.6367802478091991,1.1482458934493065,0.0,0.0,1,mode_4,0.66,True,0.25
no_reinforcement,57,200,mode_4,0.6355707334479942,1.1484699944106478,0.0,0.0,1,mode_4,0.66,True,0.25
no_reinforcement,57,220,mode_4,0.6277604653653855,1.163541878058074,0.0,0.0,1,mode_4,0.66,True,0.25
no_reinforcement,57,240,mode_4,0.6250800058313067,1.1668245213680863,0.0,0.0,1,mode_4,0.66,True,0.25
no_reinforcement,58,0,mode_4,0.5785987872478288,1.2349373399317154,0.0,0.0,1,mode_4,0.66,True,0.25
no_reinforcement,58,20,mode_4,0.6006915525371352,1.2016942637584058,0.0,0.0,1,mode_4,0.66,True,0.25
no_reinforcement,58,40,mode_4,0.6101936559533423,1.1895016773223337,0.0,0.0,1,mode_4,0.66,True,0.25
no_reinforcement,58,60,mode_4,0.6231348773139673,1.1691701937013084,0.0,0.0,1,mode_4,0.66,True,0.25
no_reinforcement,58,80,mode_4,0.6260572908512866,1.1646958247180406,0.0,0.0,1,mode_4,0.66,True,0.25
no_reinforcement,58,100,mode_4,0.631616037720651,1.1557552440420082,0.0,0.0,1,mode_4,0.66,True,0.25
no_reinforcement,58,120,mode_4,0.6249761877136985,1.1679908127860523,0.0,0.0,1,mode_4,0.66,True,0.25
no_reinforcement,58,140,mode_4,0.6176856465998823,1.181054919225083,0.0,0.0,1,mode_4,0.66,True,0.25
no_reinforcement,58,160,mode_4,0.6144085198881702,1.1854035102654763,0.0,0.0,1,mode_4,0.66,True,0.25
no_reinforcement,58,180,mode_4,0.6268987155117651,1.1616715203768118,0.0,0.0,1,mode_4,0.66,True,0.25
no_reinforcement,58,200,mode_4,0.6303969682760896,1.1564491218090032,0.0,0.0,1,mode_4,0.66,True,0.25
no_reinforcement,58,220,mode_4,0.6269766381795483,1.1619952291860733,0.0,0.0,1,mode_4,0.66,True,0.25
no_reinforcement,58,240,mode_4,0.6303081090689202,1.1555559923774221,0.0,0.0,1,mode_4,0.66,True,0.25
no_reinforcement,59,0,mode_3,0.5444034164635435,1.2787421313065197,0.0,0.0,2,mixed_0_3;mode_3,0.6000000000000001,False,0.5
no_reinforcement,59,20,mode_3,0.5728021621322652,1.2428526500196229,0.0,0.0,1,mode_3,0.66,False,0.5
no_reinforcement,59,40,mode_3,0.5898712587141752,1.220303828780531,0.0,0.0,1,mode_3,0.66,False,0.5
no_reinforcement,59,60,mode_3,0.5952183156916474,1.2120665077802153,0.0,0.0,1,mode_3,0.66,True,0.25
no_reinforcement,59,80,mode_3,0.6008472012386876,1.2021940465211696,0.0,0.0,1,mode_3,0.66,True,0.25
no_reinforcement,59,100,mode_3,0.6068276458454329,1.1923342660202103,0.0,0.0,1,mode_3,0.66,True,0.25
no_reinforcement,59,120,mode_3,0.6059170731053047,1.195602643423708,0.0,0.0,1,mode_3,0.66,True,0.25
no_reinforcement,59,140,mode_3,0.6079563117798179,1.1930583356284672,0.0,0.0,1,mode_3,0.66,True,0.25
no_reinforcement,59,160,mode_3,0.6094470027393902,1.1913864399508873,0.0,0.0,1,mode_3,0.66,True,0.25
no_reinforcement,59,180,mode_3,0.6153929121393762,1.1819541962362903,0.0,0.0,1,mode_3,0.66,True,0.25
no_reinforcement,59,200,mode_3,0.6024692907643417,1.2017808479495549,0.0,0.0,1,mode_3,0.66,True,0.25
no_reinforcement,59,220,mode_3,0.6097554249751033,1.1902015829214991,0.0,0.0,1,mode_3,0.66,True,0.25
no_reinforcement,59,240,mode_3,0.6092900244774668,1.192567611427888,0.0,0.0,1,mode_3,0.66,True,0.25
no_reinforcement,60,0,mode_3,0.602507364275923,1.173764133164186,0.0,0.0,1,mode_3,0.66,True,0.25
no_reinforcement,60,20,mode_3,0.6211561949539463,1.152996074989887,0.0,0.0,1,mode_3,0.66,True,0.25
no_reinforcement,60,40,mode_3,0.6311835927289533,1.141326240484271,0.0,0.0,1,mode_3,0.66,True,0.25
no_reinforcement,60,60,mode_3,0.644107659436232,1.123452966889385,0.0,0.0,1,mode_3,0.66,True,0.25
no_reinforcement,60,80,mode_3,0.6378703308624373,1.1340122501999845,0.0,0.0,1,mode_3,0.66,True,0.25
no_reinforcement,60,100,mode_3,0.641989948640484,1.127359523567066,0.0,0.0,1,mode_3,0.66,True,0.25
no_reinforcement,60,120,mode_3,0.6461032312506484,1.1206141666154965,0.0,0.0,1,mode_3,0.66,True,0.25
no_reinforcement,60,140,mode_3,0.6425431725808385,1.1262481990741073,0.0,0.0,1,mode_3,0.66,True,0.25
no_reinforcement,60,160,mode_3,0.6492819401063368,1.1146306649931517,0.0,0.0,1,mode_3,0.66,True,0.25
no_reinforcement,60,180,mode_3,0.6493539598376438,1.1155864976919319,0.0,0.0,1,mode_3,0.66,True,0.25
no_reinforcement,60,200,mode_3,0.650843033153759,1.1133828673673491,0.0,0.0,1,mode_3,0.66,True,0.25
no_reinforcement,60,220,mode_3,0.6498663471435584,1.1154985657036982,0.0,0.0,1,mode_3,0.66,True,0.25
no_reinforcement,60,240,mode_3,0.6556094908693915,1.103404305038434,0.0,0.0,1,mode_3,0.66,True,0.25
no_reinforcement,61,0,mode_4,0.5769167547926715,1.2540762541301682,0.0,0.0,1,mode_4,0.66,False,0.5
no_reinforcement,61,20,mode_4,0.5956914586574963,1.2246980207295115,0.0,0.0,1,mode_4,0.66,True,0.25
no_reinforcement,61,40,mode_4,0.6059635497048367,1.2078632068603687,0.0,0.0,1,mode_4,0.66,True,0.25
no_reinforcement,61,60,mode_4,0.6100473170263601,1.2012917483707528,0.0,0.0,1,mode_4,0.66,True,0.25
no_reinforcement,61,80,mode_4,0.6178243750925689,1.1881760653895694,0.0,0.0,1,mode_4,0.66,True,0.25
no_reinforcement,61,100,mode_4,0.6238091899862394,1.1780326492732922,0.0,0.0,1,mode_4,0.66,True,0.25
no_reinforcement,61,120,mode_4,0.616392634069022,1.1911912452147289,0.0,0.0,1,mode_4,0.66,True,0.25
no_reinforcement,61,140,mode_4,0.6243613843800571,1.1763754324090263,0.0,0.0,1,mode_4,0.66,True,0.25
no_reinforcement,61,160,mode_4,0.6216450492750625,1.182353166980123,0.0,0.0,1,mode_4,0.66,True,0.25
no_reinforcement,61,180,mode_4,0.6214558353352101,1.1820667893686798,0.0,0.0,1,mode_4,0.66,True,0.25
no_reinforcement,61,200,mode_4,0.6162561131587532,1.1913433558713016,0.0,0.0,1,mode_4,0.66,True,0.25
no_reinforcement,61,220,mode_4,0.609081088826701,1.2037695417742944,0.0,0.0,1,mode_4,0.66,True,0.25
no_reinforcement,61,240,mode_4,0.6172416085820953,1.1882403734956424,0.0,0.0,1,mode_4,0.66,True,0.25
no_reinforcement,62,0,mode_2,0.5141860876543448,1.3394375371835363,0.0,0.0,2,mixed_1_2;mode_2,0.54,False,0.5
no_reinforcement,62,20,mode_2,0.54322695687123,1.3003775281628578,0.0,0.0,2,mixed_1_2;mode_2,0.6000000000000001,False,0.5
no_reinforcement,62,40,mode_2,0.5578379351485435,1.2816274851283704,0.0,0.0,2,mixed_1_2;mode_2,0.6000000000000001,False,0.5
no_reinforcement,62,60,mode_2,0.5748658773467897,1.2553457247420694,0.0,0.0,1,mode_2,0.6000000000000001,False,0.5
no_reinforcement,62,80,mode_2,0.5836060523884841,1.2456368072286537,0.0,0.0,1,mode_2,0.66,False,0.5
no_reinforcement,62,100,mode_2,0.5892726690123173,1.2383504554512863,0.0,0.0,1,mode_2,0.66,False,0.5
no_reinforcement,62,120,mode_2,0.5965174427554791,1.2267561650140968,0.0,0.0,1,mode_2,0.66,False,0.5
no_reinforcement,62,140,mode_2,0.595224592524172,1.2297318602245664,0.0,0.0,1,mode_2,0.66,False,0.5
no_reinforcement,62,160,mode_2,0.5921584808453006,1.2341609853419369,0.0,0.0,1,mode_2,0.66,False,0.5
no_reinforcement,62,180,mode_2,0.5793360854248265,1.255677601649396,0.0,0.0,1,mode_2,0.66,False,0.5
no_reinforcement,62,200,mode_2,0.5866744411304097,1.244197400593572,0.0,0.0,1,mode_2,0.66,False,0.5
no_reinforcement,62,220,mode_2,0.5923060368516154,1.23427577069214,0.0,0.0,1,mode_2,0.66,False,0.5
no_reinforcement,62,240,mode_2,0.595054219345844,1.2301845561348048,0.0,0.0,1,mode_2,0.66,False,0.5
no_reinforcement,63,0,mixed_3_4,0.4048541131651462,1.3702709408228224,0.0,0.0,4,mixed_1_3_4;mixed_2_3_4;mode_3;mode_4,0.060000000000000005,False,0.8
no_reinforcement,63,20,mixed_3_4,0.41144637217994245,1.3635749014302794,0.0,0.0,4,mixed_1_3_4;mixed_2_3_4;mode_3;mode_4,0.060000000000000005,False,0.8
no_reinforcement,63,40,mode_3,0.4245748359051071,1.3465383180167687,0.0,0.0,4,mixed_1_3_4;mixed_2_3_4;mode_3;mode_4,0.24000000000000002,False,0.5
no_reinforcement,63,60,mode_3,0.42816814422657534,1.3365880408522082,0.0,0.0,4,mixed_1_3_4;mixed_2_3_4;mode_3;mode_4,0.24000000000000002,False,0.5
no_reinforcement,63,80,mode_3,0.43536586257390825,1.3287808394964868,0.0,0.0,4,mixed_1_3_4;mixed_2_3_4;mode_3;mode_4,0.24000000000000002,False,0.5
no_reinforcement,63,100,mode_3,0.43077007805672524,1.332276996775908,0.0,0.0,4,mixed_1_3_4;mixed_2_3_4;mode_3;mode_4,0.24000000000000002,False,0.5
no_reinforcement,63,120,mode_3,0.4341703198371902,1.334387904382551,0.0,0.0,4,mixed_1_3_4;mixed_2_3_4;mode_3;mode_4,0.24000000000000002,False,0.5
no_reinforcement,63,140,mode_3,0.4390608000800544,1.3349691789389972,0.0,0.0,4,mixed_1_3_4;mixed_2_3_4;mode_3;mode_4,0.30000000000000004,False,0.5
no_reinforcement,63,160,mode_3,0.4327300927820321,1.3339074803219928,0.0,0.0,4,mixed_1_3_4;mixed_2_3_4;mode_3;mode_4,0.24000000000000002,False,0.5
no_reinforcement,63,180,mode_3,0.4333411665352955,1.3399797879961493,0.0,0.0,4,mixed_1_3_4;mixed_2_3_4;mode_3;mode_4,0.24000000000000002,False,0.5
no_reinforcement,63,200,mode_3,0.44106178302043675,1.341639993207341,0.0,0.0,4,mixed_1_3_4;mixed_2_3_4;mode_3;mode_4,0.30000000000000004,False,0.5
no_reinforcement,63,220,mode_3,0.4534410290980067,1.3218861622433005,0.0,0.0,3,mixed_2_3_4;mode_3;mode_4,0.30000000000000004,False,0.5
no_reinforcement,63,240,mode_3,0.4606325644420963,1.3237764451257337,0.0,0.0,3,mixed_2_3_4;mode_3;mode_4,0.36,False,0.5
