regime,replicate,generation,best_correctness,best_stability,best_score,best_frozen_fraction,best_lambda,best_cycle_length,mean_correctness,mean_stability,mean_frozen_fraction,mean_lambda,mean_cycle_length,threshold_generation
selected,0,0,0.6458333333333334,0.9375,0.8333333333333334,0.5833333333333334,1.125,2,0.4813988095238095,0.8980654761904763,0.4955357142857143,1.3258928571428572,7.178571428571429,
selected,0,1,0.6875,0.8958333333333334,0.8666666666666667,0.625,1.75,15,0.5498511904761905,0.9360119047619048,0.5907738095238095,1.2723214285714286,10.035714285714286,
selected,0,2,0.7291666666666666,0.8958333333333334,0.9083333333333333,0.16666666666666666,3.0,14,0.5959821428571429,0.9077380952380952,0.543154761904762,1.3883928571428572,10.785714285714286,
selected,0,3,0.7083333333333334,0.875,0.8833333333333334,0.625,2.625,15,0.6011904761904762,0.9255952380952381,0.47470238095238093,1.2008928571428572,8.142857142857142,
selected,0,4,0.6875,0.9166666666666667,0.8708333333333333,0.5,1.0,15,0.5892857142857143,0.9188988095238095,0.5639880952380952,1.2455357142857142,7.321428571428571,
selected,0,5,0.7083333333333334,0.9166666666666667,0.8916666666666667,0.20833333333333334,1.25,3,0.5870535714285714,0.9449404761904762,0.6339285714285714,1.1607142857142858,4.678571428571429,
selected,0,6,0.6666666666666666,0.9791666666666666,0.8624999999999999,0.20833333333333334,1.0,5,0.6026785714285714,0.9546130952380952,0.6741071428571429,1.1651785714285714,3.5357142857142856,
selected,0,7,0.7083333333333334,0.8958333333333334,0.8875000000000001,0.20833333333333334,0.75,3,0.6279761904761905,0.9806547619047619,0.6741071428571429,1.0803571428571428,3.5714285714285716,
selected,0,8,0.6666666666666666,0.8958333333333334,0.8458333333333333,1.0,1.625,1,0.6101190476190476,0.9523809523809524,0.587797619047619,1.1339285714285714,3.2857142857142856,
selected,0,9,0.6875,1.0,0.8875,0.125,1.875,5,0.6183035714285714,0.9724702380952381,0.7232142857142857,1.0892857142857142,4.678571428571429,
selected,0,10,0.75,0.9166666666666666,0.9333333333333333,0.16666666666666666,0.75,10,0.6026785714285714,0.9494047619047619,0.4538690476190476,1.0892857142857142,6.678571428571429,
selected,0,11,0.6875,0.9583333333333334,0.8791666666666667,0.125,0.75,5,0.6049107142857143,0.9337797619047619,0.3095238095238095,1.1473214285714286,6.785714285714286,
selected,0,12,0.6875,0.9375,0.875,0.4166666666666667,0.875,4,0.6086309523809524,0.9367559523809524,0.25,1.2008928571428572,7.75,
selected,0,13,0.6666666666666666,0.9791666666666666,0.8624999999999999,0.16666666666666666,0.75,5,0.6197916666666667,0.9337797619047619,0.28273809523809523,1.2142857142857142,10.035714285714286,
selected,0,14,0.7291666666666666,0.9791666666666666,0.9249999999999999,0.5,1.5,2,0.6175595238095238,0.9538690476190476,0.2648809523809524,1.3348214285714286,9.642857142857142,
selected,0,15,0.7083333333333334,0.9166666666666667,0.8916666666666667,0.25,1.75,14,0.6101190476190476,0.9427083333333334,0.3199404761904762,1.1517857142857142,10.285714285714286,
selected,0,16,0.7291666666666666,0.9166666666666667,0.9125,0.0,1.5,11,0.6183035714285714,0.9241071428571429,0.41220238095238093,1.1875,7.107142857142857,
selected,0,17,0.7083333333333334,0.9375,0.8958333333333334,0.041666666666666664,0.625,8,0.6168154761904762,0.915922619047619,0.3467261904761905,1.2544642857142858,9.035714285714286,
selected,0,18,0.7291666666666666,0.9375,0.9166666666666666,0.125,1.375,10,0.6160714285714286,0.9389880952380952,0.3318452380952381,1.1919642857142858,8.5,
selected,0,19,0.7291666666666666,0.9791666666666666,0.9249999999999999,1.0,0.625,1,0.6168154761904762,0.9270833333333333,0.4925595238095238,1.1875,6.321428571428571,
selected,0,20,0.7083333333333334,0.9791666666666666,0.9041666666666667,1.0,1.375,1,0.6235119047619048,0.9419642857142857,0.6755952380952381,1.0535714285714286,5.571428571428571,
selected,0,21,0.7083333333333334,0.9791666666666666,0.9041666666666667,0.125,0.875,10,0.640625,0.959077380952381,0.6830357142857143,1.2321428571428572,3.857142857142857,
selected,0,22,0.7708333333333334,0.9583333333333334,0.9625,0.125,1.625,10,0.6421130952380952,0.9546130952380952,0.7485119047619048,1.1830357142857142,4.071428571428571,
selected,0,23,0.75,1.0,0.95,0.125,1.0,10,0.6480654761904762,0.9501488095238095,0.7053571428571429,1.0267857142857142,3.6785714285714284,
selected,0,24,0.7708333333333334,0.9791666666666666,0.9666666666666667,1.0,1.0,1,0.650297619047619,0.953125,0.5565476190476191,1.1294642857142858,5.214285714285714,
selected,0,25,0.75,1.0,0.95,1.0,0.375,1,0.6383928571428571,0.9657738095238095,0.6383928571428571,1.0401785714285714,5.285714285714286,
selected,0,26,0.75,1.0,0.95,1.0,1.125,1,0.6793154761904762,0.9717261904761905,0.8110119047619048,1.1116071428571428,2.8214285714285716,
selected,0,27,0.8125,1.0,1.0125,0.9583333333333334,1.125,2,0.6904761904761905,0.9605654761904762,0.625,1.1651785714285714,3.107142857142857,
selected,0,28,0.8125,1.0,1.0125,0.9583333333333334,0.875,2,0.6785714285714286,0.9657738095238095,0.5238095238095238,1.1875,3.8214285714285716,
selected,0,29,0.8125,1.0,1.0125,0.9583333333333334,0.625,2,0.709077380952381,0.9724702380952381,0.4806547619047619,1.1785714285714286,6.928571428571429,
selected,0,30,0.8125,1.0,1.0125,0.9583333333333334,0.875,2,0.728422619047619,0.9776785714285714,0.9136904761904762,1.0133928571428572,2.642857142857143,
selected,0,31,0.8125,1.0,1.0125,0.9583333333333334,1.625,2,0.7485119047619048,0.9806547619047619,0.9211309523809524,1.0267857142857142,1.9285714285714286,
selected,0,32,0.8125,1.0,1.0125,0.9583333333333334,0.875,2,0.7544642857142857,0.9866071428571429,0.9315476190476192,1.1116071428571428,2.0357142857142856,
selected,0,33,0.8333333333333334,0.9791666666666666,1.0291666666666668,0.9583333333333334,1.125,2,0.7388392857142857,0.984375,0.8720238095238095,0.9955357142857143,2.9285714285714284,
selected,0,34,0.8541666666666666,0.9791666666666666,1.05,1.0,0.875,1,0.7276785714285714,0.974702380952381,0.9404761904761906,1.0758928571428572,1.8928571428571428,
selected,0,35,0.8333333333333334,0.9791666666666666,1.0291666666666668,1.0,0.75,1,0.7358630952380952,0.9813988095238095,0.943452380952381,1.1071428571428572,1.8214285714285714,34
selected,0,36,0.8125,1.0,1.0125,0.9583333333333334,1.375,2,0.7172619047619048,0.9821428571428571,0.9583333333333333,0.9241071428571429,1.7142857142857142,34
selected,0,37,0.8125,1.0,1.0125,0.9583333333333334,0.875,2,0.7306547619047619,0.9724702380952381,0.875,1.0044642857142858,2.9285714285714284,34
selected,0,38,0.8125,1.0,1.0125,0.9583333333333334,1.0,2,0.7373511904761905,0.9813988095238095,0.9553571428571429,1.0089285714285714,1.5714285714285714,34
selected,0,39,0.8125,1.0,1.0125,0.9583333333333334,0.875,2,0.6956845238095238,0.984375,0.9702380952380952,0.8928571428571429,1.5357142857142858,34
selected,0,40,0.8125,1.0,1.0125,0.9583333333333334,1.0,2,0.7395833333333333,0.9873511904761905,0.974702380952381,0.875,1.3928571428571428,34
selected,0,41,0.875,1.0,1.075,0.9583333333333334,1.0,2,0.7589285714285714,0.9925595238095238,0.9672619047619048,0.9821428571428571,1.4285714285714286,34
selected,0,42,0.875,1.0,1.075,0.9583333333333334,0.875,2,0.7663690476190476,0.9895833333333333,0.9672619047619049,0.9776785714285714,1.6428571428571428,34
selected,0,43,0.875,1.0,1.075,0.9583333333333334,0.875,2,0.7700892857142857,0.9813988095238095,0.9479166666666667,1.1160714285714286,1.9285714285714286,34
selected,0,44,0.875,1.0,1.075,0.9583333333333334,0.875,2,0.7232142857142857,0.9858630952380952,0.9285714285714286,0.8928571428571429,2.4642857142857144,34
selected,0,45,0.875,1.0,1.075,0.9583333333333334,0.75,2,0.740327380952381,0.9888392857142857,0.9285714285714286,0.9017857142857143,2.2142857142857144,34
selected,0,46,0.875,1.0,1.075,0.9583333333333334,1.125,2,0.7537202380952381,0.9732142857142857,0.9657738095238095,0.9866071428571429,1.6785714285714286,34
selected,0,47,0.875,1.0,1.075,0.9583333333333334,1.125,2,0.7938988095238095,0.9858630952380952,0.9464285714285714,1.0982142857142858,1.6785714285714286,34
selected,0,48,0.875,1.0,1.075,0.9583333333333334,0.875,2,0.7470238095238095,0.9739583333333333,0.900297619047619,1.0714285714285714,2.107142857142857,34
selected,0,49,0.875,1.0,1.075,0.9583333333333334,0.625,2,0.7604166666666667,0.978422619047619,0.9657738095238095,1.0267857142857142,1.5714285714285714,34
selected,0,50,0.875,1.0,1.075,0.9583333333333334,0.625,2,0.7626488095238095,0.9806547619047619,0.9464285714285714,1.1383928571428572,1.8928571428571428,34
selected,0,51,0.9375,1.0,1.1375,0.875,1.5,3,0.8035714285714286,0.9776785714285714,0.8958333333333333,1.0267857142857142,2.7857142857142856,34
selected,0,52,0.9375,1.0,1.1375,0.875,1.125,3,0.7589285714285714,0.9739583333333333,0.9047619047619048,1.0714285714285714,3.142857142857143,34
selected,0,53,0.9375,1.0,1.1375,0.875,1.375,3,0.7931547619047619,0.9836309523809524,0.9241071428571429,1.0,2.0,34
selected,0,54,0.9375,1.0,1.1375,0.875,1.5,3,0.787202380952381,0.9732142857142857,0.9136904761904762,1.15625,2.392857142857143,34
selected,0,55,0.9375,1.0,1.1375,0.875,1.25,3,0.78125,0.9776785714285714,0.9211309523809524,1.0982142857142858,2.142857142857143,34
selected,0,56,0.9375,1.0,1.1375,0.875,1.125,3,0.84375,0.9724702380952381,0.8883928571428571,1.0491071428571428,2.607142857142857,34
selected,0,57,0.9375,1.0,1.1375,1.0,1.0,1,0.8117559523809524,0.9724702380952381,0.9077380952380952,1.0491071428571428,2.2857142857142856,34
selected,0,58,0.9375,1.0,1.1375,1.0,1.25,1,0.806547619047619,0.9739583333333333,0.8764880952380952,1.15625,3.142857142857143,34
selected,0,59,0.9375,1.0,1.1375,1.0,0.625,1,0.8095238095238095,0.9806547619047619,0.9136904761904762,1.1160714285714286,3.0,34
selected,0,60,0.9375,1.0,1.1375,1.0,1.375,1,0.8139880952380952,0.984375,0.9419642857142857,1.1696428571428572,2.1785714285714284,34
selected,0,61,0.9375,1.0,1.1375,1.0,0.75,1,0.8154761904761905,0.9858630952380952,0.962797619047619,1.1116071428571428,1.4642857142857142,34
selected,0,62,1.0,1.0,1.2,1.0,0.5,1,0.8273809523809524,0.9791666666666667,0.931547619047619,1.1651785714285714,1.6428571428571428,34
selected,0,63,1.0,1.0,1.2,1.0,1.5,1,0.8556547619047619,0.9776785714285714,0.9345238095238095,1.1116071428571428,1.6071428571428572,34
selected,0,64,1.0,1.0,1.2,1.0,1.0,1,0.8296130952380952,0.9724702380952381,0.9553571428571429,1.1116071428571428,1.6785714285714286,34
selected,0,65,1.0,1.0,1.2,1.0,0.25,1,0.8444940476190476,0.9732142857142857,0.9360119047619048,1.1383928571428572,1.3928571428571428,34
selected,0,66,1.0,1.0,1.2,1.0,1.625,1,0.8541666666666667,0.9620535714285714,0.9523809523809524,1.0803571428571428,1.75,34
selected,0,67,1.0,1.0,1.2,1.0,1.125,1,0.837797619047619,0.9702380952380952,0.9166666666666667,1.1428571428571428,1.6428571428571428,34
selected,0,68,1.0,1.0,1.2,1.0,1.25,1,0.9077380952380952,0.9880952380952381,0.994047619047619,1.1830357142857142,1.0714285714285714,34
selected,0,69,1.0,1.0,1.2,1.0,0.75,1,0.8504464285714286,0.9791666666666667,0.9389880952380952,1.1026785714285714,1.8571428571428572,34
selected,0,70,1.0,1.0,1.2,1.0,0.75,1,0.8482142857142857,0.9709821428571429,0.8854166666666667,1.125,1.9642857142857142,34
selected,0,71,1.0,1.0,1.2,1.0,1.0,1,0.8697916666666667,0.9858630952380952,0.9389880952380952,1.0848214285714286,1.6428571428571428,34
selected,0,72,1.0,1.0,1.2,1.0,0.875,1,0.8385416666666667,0.978422619047619,0.931547619047619,1.1116071428571428,1.6071428571428572,34
selected,0,73,1.0,1.0,1.2,1.0,1.0,1,0.8876488095238095,0.9866071428571429,0.9821428571428571,1.0267857142857142,1.2857142857142858,34
selected,0,74,1.0,1.0,1.2,1.0,1.25,1,0.8526785714285714,0.9717261904761905,0.9494047619047619,1.0892857142857142,2.0,34
selected,1,0,0.625,1.0,0.825,0.6666666666666666,1.125,2,0.5007440476190477,0.8422619047619048,0.4538690476190476,1.4107142857142858,8.714285714285714,
selected,1,1,0.6666666666666666,0.9791666666666666,0.8624999999999999,1.0,0.875,1,0.546875,0.8616071428571429,0.6383928571428571,1.2767857142857142,6.75,
selected,1,2,0.6875,1.0,0.8875,1.0,1.375,1,0.5907738095238095,0.9099702380952381,0.8258928571428571,1.3080357142857142,1.75,
selected,1,3,0.7083333333333334,0.9583333333333334,0.9,0.875,1.0,2,0.6302083333333333,0.9680059523809524,0.9464285714285714,1.3526785714285714,1.6071428571428572,
selected,1,4,0.7291666666666666,0.9791666666666666,0.9249999999999999,0.9166666666666666,1.875,2,0.6383928571428571,0.9561011904761905,0.8645833333333333,1.3125,3.392857142857143,
selected,1,5,0.75,1.0,0.95,0.9166666666666666,1.125,2,0.6607142857142857,0.9769345238095238,0.8452380952380952,1.3169642857142858,3.1785714285714284,
selected,1,6,0.75,1.0,0.95,0.9166666666666666,1.375,2,0.6525297619047619,0.9739583333333333,0.8214285714285714,1.2142857142857142,3.857142857142857,
selected,1,7,0.75,1.0,0.95,0.9166666666666666,1.75,2,0.6651785714285714,0.974702380952381,0.8095238095238095,1.3169642857142858,3.4285714285714284,
selected,1,8,0.7291666666666666,0.9791666666666666,0.9249999999999999,0.9166666666666666,1.125,2,0.6547619047619048,0.9657738095238095,0.8303571428571429,1.3526785714285714,2.9642857142857144,
selected,1,9,0.75,1.0,0.95,1.0,1.375,1,0.6577380952380952,0.9613095238095238,0.7931547619047619,1.2366071428571428,2.9642857142857144,
selected,1,10,0.75,1.0,0.95,1.0,1.625,1,0.677827380952381,0.9851190476190476,0.8392857142857143,1.3660714285714286,2.3214285714285716,
selected,1,11,0.75,1.0,0.95,1.0,0.5,1,0.6733630952380952,0.9702380952380952,0.7976190476190476,1.2276785714285714,3.6785714285714284,
selected,1,12,0.75,1.0,0.95,0.8333333333333334,1.25,6,0.6867559523809524,0.9791666666666667,0.755952380952381,1.2410714285714286,3.8214285714285716,
selected,1,13,0.75,1.0,0.95,0.8333333333333334,0.875,6,0.7001488095238095,0.9761904761904762,0.7901785714285714,1.1875,3.25,
selected,1,14,0.7916666666666666,0.9791666666666666,0.9874999999999999,0.875,1.0,6,0.6793154761904762,0.9732142857142857,0.8467261904761905,1.1696428571428572,3.8214285714285716,
selected,1,15,0.75,1.0,0.95,0.8333333333333334,1.0,6,0.6696428571428571,0.9665178571428571,0.8660714285714286,1.1205357142857142,3.9285714285714284,
selected,1,16,0.75,1.0,0.95,0.8333333333333334,1.25,6,0.6822916666666667,0.9724702380952381,0.8467261904761905,1.1741071428571428,4.392857142857143,
selected,1,17,0.75,1.0,0.95,0.8333333333333334,0.875,6,0.6785714285714286,0.9769345238095238,0.8973214285714286,1.2098214285714286,5.071428571428571,
selected,1,18,0.75,1.0,0.95,0.8333333333333334,1.375,6,0.6681547619047619,0.9732142857142857,0.8839285714285714,1.2544642857142858,4.464285714285714,
selected,1,19,0.75,1.0,0.95,0.8333333333333334,1.0,6,0.6830357142857143,0.978422619047619,0.8764880952380952,1.1607142857142858,3.7857142857142856,
selected,1,20,0.75,1.0,0.95,0.8333333333333334,1.125,6,0.6785714285714286,0.9754464285714286,0.880952380952381,1.2589285714285714,3.75,
selected,1,21,0.75,1.0,0.95,0.8333333333333334,0.875,6,0.6845238095238095,0.9694940476190476,0.9151785714285714,1.1875,2.857142857142857,
selected,1,22,0.75,1.0,0.95,0.9583333333333334,1.125,2,0.6800595238095238,0.9635416666666667,0.8318452380952381,1.1964285714285714,5.821428571428571,
selected,1,23,0.75,1.0,0.95,0.9583333333333334,0.75,2,0.6755952380952381,0.9761904761904762,0.855654761904762,1.1428571428571428,4.964285714285714,
selected,1,24,0.75,1.0,0.95,0.9583333333333334,1.25,2,0.6897321428571429,0.9769345238095238,0.8764880952380952,1.2410714285714286,4.142857142857143,
selected,1,25,0.75,1.0,0.95,0.8333333333333334,0.75,6,0.6941964285714286,0.9880952380952381,0.8839285714285714,1.1205357142857142,4.535714285714286,
selected,1,26,0.75,1.0,0.95,0.9583333333333334,1.25,2,0.693452380952381,0.9880952380952381,0.90625,1.1294642857142858,3.642857142857143,
selected,1,27,0.75,1.0,0.95,0.8333333333333334,0.75,6,0.6726190476190476,0.984375,0.8883928571428571,1.2321428571428572,4.214285714285714,
selected,1,28,0.75,1.0,0.95,0.8333333333333334,1.25,6,0.6703869047619048,0.9769345238095238,0.880952380952381,1.1830357142857142,3.392857142857143,
selected,1,29,0.75,1.0,0.95,0.8333333333333334,1.375,6,0.6741071428571429,0.9836309523809524,0.8363095238095238,1.1026785714285714,5.321428571428571,
selected,1,30,0.75,1.0,0.95,0.8333333333333334,1.0,6,0.6636904761904762,0.9620535714285714,0.8377976190476192,1.2410714285714286,6.107142857142857,
selected,1,31,0.75,1.0,0.95,0.8333333333333334,0.5,6,0.677827380952381,0.9851190476190476,0.8705357142857143,1.2098214285714286,3.7857142857142856,
selected,1,32,0.8333333333333334,0.9791666666666666,1.0291666666666668,0.625,1.25,2,0.6904761904761905,0.974702380952381,0.8363095238095238,1.1517857142857142,4.392857142857143,
selected,1,33,0.7916666666666666,0.9791666666666666,0.9874999999999999,1.0,1.625,1,0.697172619047619,0.9620535714285714,0.875,1.1116071428571428,3.0357142857142856,
selected,1,34,0.7916666666666666,0.9791666666666666,0.9874999999999999,1.0,1.5,1,0.6867559523809524,0.9508928571428571,0.880952380952381,1.3080357142857142,2.5714285714285716,
selected,1,35,0.7916666666666666,0.9791666666666666,0.9874999999999999,1.0,1.375,1,0.6636904761904762,0.9419642857142857,0.9151785714285714,1.2767857142857142,2.2142857142857144,
selected,1,36,0.8125,1.0,1.0125,1.0,1.5,1,0.6904761904761905,0.9680059523809524,0.9866071428571429,1.1696428571428572,1.1785714285714286,
selected,1,37,0.7916666666666666,0.9791666666666666,0.9874999999999999,1.0,1.5,1,0.6584821428571429,0.9479166666666667,0.9851190476190476,1.125,1.1071428571428572,
selected,1,38,0.7916666666666666,0.9791666666666666,0.9874999999999999,1.0,1.125,1,0.6941964285714286,0.959077380952381,0.9241071428571429,1.1875,1.9285714285714286,
selected,1,39,0.8125,1.0,1.0125,1.0,0.75,1,0.6733630952380952,0.9427083333333333,0.9166666666666667,1.2232142857142858,1.9285714285714286,
selected,1,40,0.7916666666666666,0.9791666666666666,0.9874999999999999,1.0,1.875,1,0.6748511904761905,0.9613095238095238,0.9895833333333333,1.1785714285714286,1.2142857142857142,
selected,1,41,0.8125,1.0,1.0125,1.0,1.125,1,0.6614583333333333,0.9523809523809524,0.9836309523809524,1.09375,1.1428571428571428,
selected,1,42,0.8125,1.0,1.0125,1.0,0.875,1,0.6636904761904762,0.9598214285714286,0.9538690476190476,1.1696428571428572,1.3214285714285714,
selected,1,43,0.7916666666666666,0.9791666666666666,0.9874999999999999,1.0,1.5,1,0.6808035714285714,0.9501488095238095,0.8794642857142857,1.0535714285714286,2.607142857142857,
selected,1,44,0.8125,1.0,1.0125,1.0,1.125,1,0.693452380952381,0.9479166666666667,0.8973214285714286,1.1875,2.75,
selected,1,45,0.8125,1.0,1.0125,1.0,1.625,1,0.6964285714285714,0.9389880952380952,0.75,1.2946428571428572,5.642857142857143,
selected,1,46,0.7916666666666666,0.9791666666666666,0.9874999999999999,1.0,1.125,1,0.6681547619047619,0.9427083333333333,0.7648809523809524,1.2946428571428572,5.642857142857143,
selected,1,47,0.7708333333333334,0.9583333333333334,0.9625,1.0,1.125,1,0.6674107142857143,0.9412202380952381,0.7946428571428571,1.2991071428571428,3.25,
selected,1,48,0.7916666666666666,0.9791666666666666,0.9874999999999999,0.25,2.125,13,0.6436011904761905,0.9389880952380952,0.8705357142857143,1.1383928571428572,3.25,
selected,1,49,0.8125,1.0,1.0125,1.0,1.25,1,0.6837797619047619,0.9553571428571429,0.880952380952381,1.2633928571428572,2.8214285714285716,
selected,1,50,0.75,0.9375,0.9375,0.75,0.625,3,0.6540178571428571,0.9397321428571429,0.8035714285714286,1.1116071428571428,3.0714285714285716,
selected,1,51,0.7916666666666666,0.9791666666666666,0.9874999999999999,1.0,1.875,1,0.681547619047619,0.953125,0.8779761904761905,1.3258928571428572,2.0714285714285716,
selected,1,52,0.7708333333333334,0.9583333333333334,0.9625,1.0,1.25,1,0.6666666666666667,0.9516369047619048,0.9255952380952381,1.2232142857142858,1.8571428571428572,
selected,1,53,0.7916666666666666,0.9791666666666666,0.9874999999999999,1.0,1.375,1,0.6904761904761905,0.9657738095238095,0.9226190476190476,1.2455357142857142,1.6428571428571428,
selected,1,54,0.7916666666666666,0.9791666666666666,0.9874999999999999,1.0,1.25,1,0.6644345238095238,0.9642857142857143,0.912202380952381,1.2366071428571428,1.9642857142857142,
selected,1,55,0.8125,1.0,1.0125,1.0,1.75,1,0.665922619047619,0.9456845238095238,0.9464285714285714,1.1696428571428572,1.5,
selected,1,56,0.7708333333333334,0.9583333333333334,0.9625,1.0,1.375,1,0.6793154761904762,0.943452380952381,0.9583333333333333,1.1875,1.4642857142857142,
selected,1,57,0.7708333333333334,0.9583333333333334,0.9625,1.0,1.375,1,0.6711309523809524,0.959077380952381,0.9895833333333333,1.1116071428571428,1.25,
selected,1,58,0.8125,1.0,1.0125,1.0,0.75,1,0.6986607142857143,0.9456845238095238,0.9598214285714286,1.1741071428571428,1.6428571428571428,
selected,1,59,0.8333333333333334,0.9583333333333334,1.0250000000000001,1.0,1.5,1,0.7001488095238095,0.9375,0.9642857142857143,1.2232142857142858,1.3214285714285714,
selected,1,60,0.8333333333333334,0.9791666666666666,1.0291666666666668,1.0,1.25,1,0.7157738095238095,0.9523809523809524,0.96875,1.1339285714285714,1.3214285714285714,
selected,1,61,0.8541666666666666,0.9791666666666666,1.05,1.0,1.0,1,0.7232142857142857,0.9464285714285714,0.9449404761904762,1.1696428571428572,2.107142857142857,
selected,1,62,0.8541666666666666,0.9791666666666666,1.05,1.0,0.75,1,0.6919642857142857,0.9427083333333333,0.9821428571428571,1.25,1.1785714285714286,61
selected,1,63,0.8125,1.0,1.0125,1.0,1.125,1,0.6808035714285714,0.9352678571428571,0.96875,1.2544642857142858,1.6428571428571428,61
selected,1,64,0.8125,1.0,1.0125,1.0,0.875,1,0.6837797619047619,0.9389880952380952,0.9136904761904762,1.2991071428571428,2.857142857142857,61
selected,1,65,0.8333333333333334,0.9583333333333334,1.0250000000000001,1.0,1.5,1,0.7105654761904762,0.9583333333333333,0.9494047619047619,1.2767857142857142,1.8214285714285714,61
selected,1,66,0.8125,1.0,1.0125,1.0,1.0,1,0.6904761904761905,0.9427083333333333,0.912202380952381,1.2991071428571428,1.8571428571428572,61
selected,1,67,0.8125,0.9583333333333334,1.0041666666666667,1.0,0.875,1,0.6882440476190476,0.9449404761904762,0.9196428571428571,1.1830357142857142,2.0714285714285716,61
selected,1,68,0.8125,0.9583333333333334,1.0041666666666667,1.0,1.625,1,0.6540178571428571,0.9352678571428571,0.9508928571428571,1.1294642857142858,1.4642857142857142,61
selected,1,69,0.8333333333333334,0.9583333333333334,1.0250000000000001,1.0,1.25,1,0.6674107142857143,0.9352678571428571,0.9047619047619048,1.2455357142857142,2.392857142857143,61
selected,1,70,0.8541666666666666,0.9791666666666666,1.05,1.0,1.125,1,0.6741071428571429,0.9389880952380952,0.9166666666666667,1.2455357142857142,3.5,61
selected,1,71,0.8125,1.0,1.0125,1.0,1.625,1,0.6979166666666667,0.959077380952381,0.9732142857142857,1.2723214285714286,1.3571428571428572,61
selected,1,72,0.8333333333333334,0.9791666666666666,1.0291666666666668,1.0,1.625,1,0.7053571428571429,0.9494047619047619,0.9241071428571429,1.3392857142857142,1.7857142857142858,61
selected,1,73,0.8541666666666666,0.9791666666666666,1.05,1.0,1.25,1,0.6919642857142857,0.9464285714285714,0.9151785714285714,1.2008928571428572,2.1785714285714284,61
selected,1,74,0.8541666666666666,0.9375,1.0416666666666665,1.0,1.75,1,0.6986607142857143,0.9397321428571429,0.9270833333333333,1.3035714285714286,1.9285714285714286,61
selected,1,75,0.8333333333333334,0.9791666666666666,1.0291666666666668,1.0,1.0,1,0.6733630952380952,0.9568452380952381,0.9866071428571429,1.3616071428571428,1.1785714285714286,61
selected,1,76,0.8333333333333334,0.9583333333333334,1.0250000000000001,1.0,1.5,1,0.693452380952381,0.9419642857142857,0.9568452380952381,1.3258928571428572,2.0357142857142856,61
selected,1,77,0.8333333333333334,0.9791666666666666,1.0291666666666668,1.0,1.25,1,0.7023809523809524,0.9605654761904762,1.0,1.1830357142857142,1.0,61
selected,1,78,0.8333333333333334,0.9791666666666666,1.0291666666666668,1.0,0.875,1,0.7142857142857143,0.9441964285714286,0.9181547619047619,1.3883928571428572,1.7857142857142858,61
selected,1,79,0.8541666666666666,0.9791666666666666,1.05,1.0,1.625,1,0.734375,0.9449404761904762,0.962797619047619,1.21875,1.3571428571428572,61
selected,2,0,0.625,0.9583333333333334,0.8166666666666667,0.5416666666666666,2.0,13,0.4851190476190476,0.8571428571428571,0.40476190476190477,1.4196428571428572,8.25,
selected,2,1,0.625,0.9583333333333334,0.8166666666666667,0.5416666666666666,0.5,28,0.49330357142857145,0.9188988095238095,0.5520833333333333,1.1964285714285714,11.071428571428571,
selected,2,2,0.625,0.9583333333333334,0.8166666666666667,0.5416666666666666,1.5,28,0.5297619047619048,0.8995535714285714,0.5282738095238095,1.1160714285714286,13.428571428571429,
selected,2,3,0.6666666666666666,0.9375,0.8541666666666666,0.5416666666666666,2.25,4,0.5550595238095238,0.9211309523809524,0.5729166666666667,1.375,11.714285714285714,
selected,2,4,0.6875,0.9375,0.875,0.3333333333333333,1.5,14,0.5491071428571429,0.9226190476190476,0.519345238095238,1.3125,13.392857142857142,
selected,2,5,0.6458333333333334,0.8958333333333334,0.8250000000000001,0.3333333333333333,1.5,14,0.5438988095238095,0.9151785714285714,0.6160714285714286,1.3973214285714286,10.964285714285714,
selected,2,6,0.6458333333333334,0.9583333333333334,0.8375,0.75,1.0,4,0.5632440476190477,0.9255952380952381,0.5595238095238095,1.2723214285714286,12.428571428571429,
selected,2,7,0.6875,0.8958333333333334,0.8666666666666667,0.7916666666666666,0.625,4,0.5803571428571429,0.9188988095238095,0.5952380952380952,1.375,9.142857142857142,
selected,2,8,0.6875,0.9583333333333334,0.8791666666666667,0.9166666666666666,1.125,4,0.5863095238095238,0.8943452380952381,0.6383928571428571,1.4017857142857142,7.785714285714286,
selected,2,9,0.6875,0.9583333333333334,0.8791666666666667,0.8333333333333334,1.625,4,0.5989583333333333,0.9270833333333333,0.7470238095238095,1.3392857142857142,5.5,
selected,2,10,0.7083333333333334,0.9166666666666667,0.8916666666666667,1.0,1.625,1,0.5989583333333333,0.9055059523809524,0.7083333333333333,1.4464285714285714,5.0,
selected,2,11,0.7083333333333334,0.9583333333333334,0.9,1.0,1.25,1,0.609375,0.9017857142857143,0.8407738095238095,1.2723214285714286,4.464285714285714,
selected,2,12,0.6875,0.875,0.8625,0.4166666666666667,1.0,3,0.6026785714285714,0.9092261904761905,0.7619047619047619,1.3839285714285714,5.25,
selected,2,13,0.7291666666666666,0.9375,0.9166666666666666,0.8333333333333334,1.125,4,0.6101190476190476,0.90625,0.6443452380952381,1.3482142857142858,8.0,
selected,2,14,0.6875,0.8958333333333334,0.8666666666666667,0.9583333333333334,1.5,2,0.5982142857142857,0.9084821428571429,0.75,1.2857142857142858,7.035714285714286,
selected,2,15,0.7291666666666666,0.9166666666666666,0.9125,0.9583333333333334,1.125,2,0.6272321428571429,0.9337797619047619,0.8139880952380952,1.3794642857142858,3.642857142857143,
selected,2,16,0.7708333333333334,0.9375,0.9583333333333334,0.5416666666666666,1.0,31,0.6227678571428571,0.9017857142857143,0.7857142857142857,1.3348214285714286,7.107142857142857,
selected,2,17,0.7083333333333334,0.9583333333333334,0.9,0.9583333333333334,1.125,2,0.6547619047619048,0.90625,0.8511904761904762,1.2366071428571428,6.25,
selected,2,18,0.75,0.9583333333333334,0.9416666666666667,1.0,1.75,1,0.6220238095238095,0.8913690476190476,0.806547619047619,1.3883928571428572,10.821428571428571,
selected,2,19,0.7291666666666666,0.8958333333333334,0.9083333333333333,1.0,1.875,1,0.6212797619047619,0.8921130952380952,0.8779761904761905,1.3169642857142858,5.178571428571429,
selected,2,20,0.75,0.9583333333333334,0.9416666666666667,0.9583333333333334,1.375,2,0.6428571428571429,0.9129464285714286,0.9151785714285714,1.2767857142857142,1.9285714285714286,
selected,2,21,0.7916666666666666,0.9791666666666666,0.9874999999999999,1.0,1.25,1,0.6614583333333333,0.9382440476190476,0.9166666666666667,1.2857142857142858,3.25,
selected,2,22,0.75,1.0,0.95,0.9583333333333334,1.0,2,0.6674107142857143,0.9382440476190476,0.8973214285714286,1.1294642857142858,2.7142857142857144,
selected,2,23,0.7916666666666666,0.9791666666666666,0.9874999999999999,0.7916666666666666,1.25,2,0.677827380952381,0.9449404761904762,0.9077380952380952,1.3348214285714286,1.9642857142857142,
selected,2,24,0.75,1.0,0.95,0.9166666666666666,1.125,2,0.6651785714285714,0.9300595238095238,0.7380952380952381,1.3973214285714286,4.75,
selected,2,25,0.7916666666666666,0.9791666666666666,0.9874999999999999,0.5833333333333334,0.875,6,0.6726190476190476,0.9375,0.7321428571428571,1.1026785714285714,4.25,
selected,2,26,0.7708333333333334,0.9791666666666666,0.9666666666666667,0.9583333333333334,1.5,2,0.7113095238095238,0.9568452380952381,0.8139880952380952,1.2098214285714286,3.4285714285714284,
selected,2,27,0.7708333333333334,0.9791666666666666,0.9666666666666667,0.9583333333333334,1.75,2,0.677827380952381,0.9546130952380952,0.7842261904761905,1.4151785714285714,3.3214285714285716,
selected,2,28,0.7916666666666666,0.9791666666666666,0.9874999999999999,0.9583333333333334,0.625,2,0.709077380952381,0.9650297619047619,0.8392857142857143,1.2098214285714286,3.392857142857143,
selected,2,29,0.8125,1.0,1.0125,0.9583333333333334,1.625,2,0.6867559523809524,0.9553571428571429,0.8452380952380952,1.3214285714285714,5.107142857142857,
selected,2,30,0.8125,1.0,1.0125,0.9583333333333334,1.25,2,0.6852678571428571,0.9635416666666667,0.880952380952381,1.15625,2.25,
selected,2,31,0.8125,1.0,1.0125,1.0,0.5,1,0.7075892857142857,0.959077380952381,0.8273809523809524,1.0491071428571428,3.142857142857143,
selected,2,32,0.8125,1.0,1.0125,1.0,0.75,1,0.7217261904761905,0.9694940476190476,0.8169642857142857,1.1205357142857142,4.821428571428571,
selected,2,33,0.7916666666666666,0.9791666666666666,0.9874999999999999,1.0,1.125,1,0.6919642857142857,0.9546130952380952,0.6919642857142857,1.2232142857142858,3.9285714285714284,
selected,2,34,0.7708333333333334,0.9791666666666666,0.9666666666666667,0.4583333333333333,1.375,5,0.703125,0.96875,0.7797619047619048,1.125,2.6785714285714284,
selected,2,35,0.7916666666666666,0.9791666666666666,0.9874999999999999,0.4583333333333333,1.625,5,0.71875,0.9657738095238095,0.712797619047619,1.0401785714285714,3.5,
selected,2,36,0.8125,1.0,1.0125,1.0,1.25,1,0.7046130952380952,0.9546130952380952,0.818452380952381,1.2366071428571428,2.5,
selected,2,37,0.8125,1.0,1.0125,1.0,1.25,1,0.7135416666666667,0.9501488095238095,0.78125,1.0892857142857142,3.142857142857143,
selected,2,38,0.8125,1.0,1.0125,1.0,0.5,1,0.6919642857142857,0.9479166666666667,0.6666666666666667,1.1473214285714286,4.857142857142857,
selected,2,39,0.7916666666666666,0.9791666666666666,0.9874999999999999,1.0,0.875,1,0.6629464285714286,0.9412202380952381,0.724702380952381,1.2366071428571428,4.321428571428571,
selected,2,40,0.8125,1.0,1.0125,0.25,1.875,14,0.6897321428571429,0.9538690476190476,0.8154761904761905,1.2544642857142858,3.0357142857142856,
selected,2,41,0.7916666666666666,0.9791666666666666,0.9874999999999999,0.25,1.125,14,0.6919642857142857,0.953125,0.7827380952380952,1.2857142857142858,3.142857142857143,
selected,2,42,0.8125,1.0,1.0125,1.0,1.625,1,0.7217261904761905,0.9605654761904762,0.8601190476190476,1.1830357142857142,3.0714285714285716,
selected,2,43,0.8125,1.0,1.0125,1.0,0.5,1,0.71875,0.9680059523809524,0.8571428571428571,1.1696428571428572,3.1785714285714284,
selected,2,44,0.8125,1.0,1.0125,1.0,1.625,1,0.724702380952381,0.9538690476190476,0.8541666666666667,1.1741071428571428,2.892857142857143,
selected,2,45,0.8125,1.0,1.0125,1.0,1.0,1,0.7068452380952381,0.9494047619047619,0.9389880952380952,1.03125,2.2857142857142856,
selected,2,46,0.7916666666666666,0.9791666666666666,0.9874999999999999,1.0,1.375,1,0.677827380952381,0.9494047619047619,0.8958333333333333,1.1517857142857142,2.75,
selected,2,47,0.8125,1.0,1.0125,1.0,1.5,1,0.6912202380952381,0.9508928571428571,0.8541666666666667,1.09375,2.9642857142857144,
selected,2,48,0.8125,1.0,1.0125,1.0,0.75,1,0.6770833333333333,0.9404761904761905,0.744047619047619,1.1339285714285714,4.642857142857143,
selected,2,49,0.7916666666666666,0.9791666666666666,0.9874999999999999,1.0,1.0,1,0.6897321428571429,0.9568452380952381,0.849702380952381,1.15625,3.9642857142857144,
selected,2,50,0.8125,1.0,1.0125,1.0,1.125,1,0.712797619047619,0.9538690476190476,0.9166666666666667,1.1741071428571428,1.6428571428571428,
selected,2,51,0.8125,1.0,1.0125,1.0,1.625,1,0.7120535714285714,0.9553571428571429,0.900297619047619,1.2321428571428572,2.107142857142857,
selected,2,52,0.8125,1.0,1.0125,1.0,0.75,1,0.7217261904761905,0.9598214285714286,0.9702380952380952,1.1473214285714286,1.3214285714285714,
selected,2,53,0.8125,1.0,1.0125,1.0,1.375,1,0.6822916666666667,0.9382440476190476,0.9136904761904762,1.15625,2.7142857142857144,
selected,2,54,0.8125,1.0,1.0125,1.0,0.375,1,0.7135416666666667,0.9523809523809524,0.9761904761904762,1.1116071428571428,1.5714285714285714,
selected,2,55,0.8125,1.0,1.0125,1.0,0.625,1,0.7313988095238095,0.9583333333333333,0.9300595238095238,1.0446428571428572,2.142857142857143,
selected,2,56,0.8125,1.0,1.0125,1.0,1.5,1,0.7008928571428571,0.9635416666666667,0.9255952380952381,1.0446428571428572,2.142857142857143,
selected,2,57,0.8333333333333334,0.9166666666666667,1.0166666666666666,0.75,1.0,4,0.7224702380952381,0.9523809523809524,0.9300595238095238,1.1607142857142858,2.0357142857142856,
selected,2,58,0.7916666666666666,0.9791666666666666,0.9874999999999999,1.0,1.375,1,0.7239583333333333,0.9456845238095238,0.9017857142857143,1.0803571428571428,2.4285714285714284,
selected,2,59,0.8125,0.9375,1.0,0.5416666666666666,0.75,5,0.7098214285714286,0.9516369047619048,0.78125,1.0803571428571428,4.25,
selected,2,60,0.8333333333333334,0.9583333333333334,1.0250000000000001,0.9583333333333334,1.125,2,0.7075892857142857,0.9456845238095238,0.8616071428571429,1.0669642857142858,2.5,
selected,2,61,0.8125,1.0,1.0125,1.0,0.75,1,0.6726190476190476,0.9337797619047619,0.8154761904761905,1.0580357142857142,3.5357142857142856,
selected,2,62,0.8125,1.0,1.0125,1.0,1.375,1,0.693452380952381,0.943452380952381,0.8318452380952381,1.1026785714285714,4.642857142857143,
selected,2,63,0.8125,1.0,1.0125,1.0,1.125,1,0.7008928571428571,0.953125,0.880952380952381,1.1116071428571428,2.142857142857143,
selected,2,64,0.8125,1.0,1.0125,1.0,1.375,1,0.7232142857142857,0.9665178571428571,0.9196428571428571,1.1785714285714286,1.5357142857142858,
selected,2,65,0.8125,1.0,1.0125,1.0,1.25,1,0.7172619047619048,0.9583333333333333,0.8705357142857143,1.2410714285714286,2.3214285714285716,
selected,2,66,0.8125,1.0,1.0125,1.0,1.25,1,0.7299107142857143,0.9523809523809524,0.9836309523809524,1.1205357142857142,1.2142857142857142,
selected,2,67,0.8125,1.0,1.0125,1.0,1.125,1,0.7098214285714286,0.9605654761904762,0.9553571428571429,1.2321428571428572,1.7857142857142858,
selected,2,68,0.8125,1.0,1.0125,1.0,1.875,1,0.7209821428571429,0.9613095238095238,0.8854166666666667,1.2455357142857142,2.857142857142857,
selected,2,69,0.8125,1.0,1.0125,0.875,1.125,4,0.7537202380952381,0.9575892857142857,0.78125,1.2008928571428572,3.5357142857142856,
selected,2,70,0.8125,1.0,1.0125,0.875,1.5,4,0.7105654761904762,0.9479166666666667,0.8392857142857143,1.3214285714285714,3.4642857142857144,
selected,2,71,0.8125,1.0,1.0125,0.875,2.0,4,0.724702380952381,0.9605654761904762,0.8511904761904762,1.2633928571428572,4.178571428571429,
selected,2,72,0.8125,1.0,1.0125,0.875,1.125,4,0.7425595238095238,0.9613095238095238,0.8869047619047619,1.1741071428571428,3.607142857142857,
selected,2,73,0.8125,1.0,1.0125,0.875,0.875,4,0.7291666666666667,0.9613095238095238,0.8675595238095238,1.2544642857142858,4.25,
selected,2,74,0.8125,1.0,1.0125,0.875,1.0,4,0.75,0.9739583333333333,0.9092261904761905,1.1473214285714286,2.857142857142857,
selected,2,75,0.8125,1.0,1.0125,0.875,1.25,4,0.7537202380952381,0.9754464285714286,0.8928571428571429,1.25,3.2857142857142856,
selected,2,76,0.8125,1.0,1.0125,0.875,1.875,4,0.7269345238095238,0.9717261904761905,0.8779761904761905,1.0803571428571428,3.75,
selected,2,77,0.8125,1.0,1.0125,0.875,1.375,4,0.7254464285714286,0.9717261904761905,0.8482142857142857,1.2276785714285714,3.5357142857142856,
selected,2,78,0.8125,1.0,1.0125,0.875,0.875,4,0.7075892857142857,0.9724702380952381,0.9047619047619048,1.15625,3.0357142857142856,
selected,2,79,0.8125,1.0,1.0125,0.875,1.375,4,0.709077380952381,0.9605654761904762,0.8586309523809524,1.1919642857142858,3.607142857142857,
selected,3,0,0.625,1.0,0.825,0.5833333333333334,1.5,4,0.49330357142857145,0.8571428571428571,0.5342261904761905,1.1964285714285714,8.107142857142858,
selected,3,1,0.625,1.0,0.825,0.5833333333333334,1.0,4,0.5282738095238095,0.8921130952380952,0.4851190476190476,1.3392857142857142,14.464285714285714,
selected,3,2,0.6875,0.875,0.8625,0.25,1.375,5,0.5989583333333333,0.9568452380952381,0.5818452380952381,1.3258928571428572,5.464285714285714,
selected,3,3,0.6458333333333334,0.9375,0.8333333333333334,0.75,0.875,11,0.5967261904761905,0.9419642857142857,0.5401785714285714,1.1339285714285714,6.964285714285714,
selected,3,4,0.6875,0.9375,0.875,1.0,1.375,1,0.609375,0.96875,0.6666666666666667,1.2991071428571428,8.75,
selected,3,5,0.6666666666666666,0.9375,0.8541666666666666,1.0,0.75,1,0.6108630952380952,0.9427083333333333,0.6785714285714286,1.25,9.392857142857142,
selected,3,6,0.6875,0.9583333333333334,0.8791666666666667,1.0,1.5,1,0.619047619047619,0.9501488095238095,0.6294642857142857,1.2991071428571428,11.214285714285714,
selected,3,7,0.6875,0.9583333333333334,0.8791666666666667,0.8333333333333334,0.875,4,0.6175595238095238,0.9575892857142857,0.6354166666666667,1.2633928571428572,8.285714285714286,
selected,3,8,0.6875,0.9375,0.875,0.7916666666666666,1.0,6,0.609375,0.9322916666666667,0.7172619047619048,1.1607142857142858,5.642857142857143,
selected,3,9,0.6458333333333334,0.9791666666666666,0.8416666666666667,0.7916666666666666,1.0,4,0.6056547619047619,0.9308035714285714,0.724702380952381,1.2053571428571428,7.464285714285714,
selected,3,10,0.7083333333333334,0.9583333333333334,0.9,0.9166666666666666,1.25,4,0.6183035714285714,0.9389880952380952,0.7485119047619048,1.1875,6.428571428571429,
selected,3,11,0.6875,0.9375,0.875,1.0,1.375,1,0.6183035714285714,0.9330357142857143,0.8452380952380952,1.2455357142857142,4.25,
selected,3,12,0.6875,0.9375,0.875,1.0,1.375,1,0.6078869047619048,0.9241071428571429,0.875,1.2142857142857142,2.3214285714285716,
selected,3,13,0.7083333333333334,0.9583333333333334,0.9,1.0,1.0,1,0.6071428571428571,0.9263392857142857,0.9255952380952381,1.125,1.9642857142857142,
selected,3,14,0.6666666666666666,0.9166666666666667,0.85,1.0,1.125,1,0.6071428571428571,0.9203869047619049,0.8630952380952381,1.1294642857142858,2.4285714285714284,
selected,3,15,0.7291666666666666,0.9375,0.9166666666666666,0.5416666666666666,1.125,5,0.6004464285714286,0.912202380952381,0.8735119047619048,1.34375,2.2857142857142856,
selected,3,16,0.6875,0.8958333333333334,0.8666666666666667,1.0,1.375,1,0.6011904761904762,0.9107142857142857,0.8660714285714286,1.375,2.2142857142857144,
selected,3,17,0.7291666666666666,0.9166666666666667,0.9125,1.0,1.125,1,0.6183035714285714,0.9077380952380952,0.90625,1.3125,2.0357142857142856,
selected,3,18,0.6875,0.8958333333333334,0.8666666666666667,0.20833333333333334,1.375,5,0.5974702380952381,0.896577380952381,0.8363095238095238,1.2857142857142858,2.642857142857143,
selected,3,19,0.6875,0.9166666666666667,0.8708333333333333,1.0,1.875,1,0.609375,0.9159226190476192,0.8735119047619048,1.3616071428571428,2.2857142857142856,
selected,3,20,0.7291666666666666,0.9375,0.9166666666666666,1.0,1.25,1,0.6011904761904762,0.9263392857142857,0.8244047619047619,1.2589285714285714,2.892857142857143,
selected,3,21,0.6666666666666666,0.9791666666666666,0.8624999999999999,1.0,0.75,1,0.6212797619047619,0.9270833333333334,0.9389880952380952,1.3616071428571428,1.4285714285714286,
selected,3,22,0.6875,0.9166666666666667,0.8708333333333333,0.625,1.25,3,0.6138392857142857,0.9151785714285714,0.84375,1.25,2.5714285714285716,
selected,3,23,0.7083333333333334,0.9166666666666666,0.8916666666666667,1.0,1.625,1,0.6123511904761905,0.9144345238095238,0.744047619047619,1.34375,3.4285714285714284,
selected,3,24,0.6875,0.9583333333333334,0.8791666666666667,1.0,1.875,1,0.6019345238095238,0.9255952380952381,0.7678571428571429,1.3616071428571428,3.7142857142857144,
selected,3,25,0.7291666666666666,0.9583333333333334,0.9208333333333333,0.4583333333333333,2.0,5,0.6235119047619048,0.9293154761904763,0.7961309523809524,1.4464285714285714,3.642857142857143,
selected,3,26,0.7291666666666666,0.9583333333333334,0.9208333333333333,0.4583333333333333,1.0,5,0.6101190476190476,0.896577380952381,0.8035714285714286,1.3616071428571428,3.0714285714285716,
selected,3,27,0.6875,0.9375,0.875,1.0,1.25,1,0.603422619047619,0.9010416666666667,0.7842261904761905,1.3660714285714286,3.392857142857143,
selected,3,28,0.6875,0.9583333333333334,0.8791666666666667,1.0,1.5,1,0.5959821428571429,0.9077380952380952,0.7425595238095238,1.4598214285714286,4.107142857142857,
selected,3,29,0.7083333333333334,0.8958333333333334,0.8875000000000001,1.0,1.25,1,0.6004464285714286,0.9211309523809524,0.8154761904761905,1.3080357142857142,3.5357142857142856,
selected,3,30,0.7083333333333334,0.9791666666666666,0.9041666666666667,0.7916666666666666,1.25,15,0.5974702380952381,0.9181547619047619,0.7946428571428571,1.3526785714285714,5.5,
selected,3,31,0.7083333333333334,0.9791666666666666,0.9041666666666667,0.7916666666666666,2.0,15,0.6183035714285714,0.921875,0.7961309523809524,1.2321428571428572,5.357142857142857,
selected,3,32,0.7083333333333334,0.9375,0.8958333333333334,1.0,2.0,1,0.6026785714285714,0.9188988095238095,0.7946428571428571,1.5357142857142858,6.25,
selected,3,33,0.75,0.9375,0.9375,0.5,0.875,7,0.6272321428571429,0.9330357142857143,0.724702380952381,1.0848214285714286,7.214285714285714,
selected,3,34,0.8125,0.8958333333333334,0.9916666666666667,0.125,0.875,21,0.619047619047619,0.9144345238095238,0.6681547619047619,1.4017857142857142,7.464285714285714,
selected,3,35,0.7708333333333334,0.9375,0.9583333333333334,0.125,1.5,21,0.6130952380952381,0.9025297619047619,0.5044642857142857,1.34375,12.642857142857142,
selected,3,36,0.7916666666666666,0.8958333333333334,0.9708333333333333,0.125,1.25,21,0.603422619047619,0.8988095238095238,0.4226190476190476,1.3214285714285714,9.857142857142858,
selected,3,37,0.7708333333333334,0.9166666666666666,0.9541666666666667,0.125,1.75,6,0.6443452380952381,0.9114583333333333,0.3199404761904762,1.3526785714285714,16.5,
selected,3,38,0.7916666666666666,0.9791666666666666,0.9874999999999999,0.3333333333333333,1.125,16,0.6354166666666667,0.8988095238095238,0.2886904761904762,1.4955357142857142,12.821428571428571,
selected,3,39,0.7708333333333334,0.9375,0.9583333333333334,0.3333333333333333,0.625,8,0.6361607142857143,0.9181547619047619,0.4880952380952381,1.2633928571428572,8.607142857142858,
selected,3,40,0.7708333333333334,0.9791666666666666,0.9666666666666667,0.3333333333333333,1.875,8,0.6540178571428571,0.9055059523809524,0.48958333333333337,1.4910714285714286,7.892857142857143,
selected,3,41,0.8125,0.9583333333333334,1.0041666666666667,0.3333333333333333,0.375,8,0.6599702380952381,0.8913690476190476,0.375,1.2232142857142858,10.321428571428571,
selected,3,42,0.8333333333333334,0.9166666666666667,1.0166666666666666,0.4583333333333333,1.75,8,0.6584821428571429,0.9322916666666667,0.47916666666666663,1.4107142857142858,7.857142857142857,
selected,3,43,0.8333333333333334,0.9583333333333334,1.0250000000000001,0.3333333333333333,1.0,8,0.7001488095238095,0.9285714285714286,0.4494047619047619,1.3883928571428572,8.178571428571429,
selected,3,44,0.8541666666666666,0.9791666666666666,1.05,0.875,0.625,2,0.7046130952380952,0.9375,0.5461309523809523,1.3258928571428572,6.928571428571429,
selected,3,45,0.8125,1.0,1.0125,0.875,1.0,2,0.6867559523809524,0.9501488095238095,0.6919642857142857,1.3616071428571428,4.678571428571429,44
selected,3,46,0.8541666666666666,0.9791666666666666,1.05,0.3333333333333333,1.875,9,0.7001488095238095,0.9486607142857143,0.6741071428571429,1.2321428571428572,4.392857142857143,44
selected,3,47,0.8333333333333334,0.9791666666666666,1.0291666666666668,0.7916666666666666,1.375,2,0.7120535714285714,0.9337797619047619,0.6547619047619048,1.3080357142857142,5.357142857142857,44
selected,3,48,0.875,0.8958333333333334,1.0541666666666667,1.0,1.75,1,0.7150297619047619,0.9412202380952381,0.8020833333333333,1.1473214285714286,4.035714285714286,44
selected,3,49,0.8958333333333334,0.9583333333333334,1.0875000000000001,1.0,0.875,1,0.7418154761904762,0.9501488095238095,0.9196428571428571,1.3660714285714286,1.7142857142857142,44
selected,3,50,0.8333333333333334,0.9791666666666666,1.0291666666666668,0.875,0.5,2,0.6897321428571429,0.9575892857142857,0.9017857142857143,1.2633928571428572,2.0714285714285716,44
selected,3,51,0.8333333333333334,0.9791666666666666,1.0291666666666668,0.875,1.125,2,0.7313988095238095,0.9694940476190476,0.900297619047619,1.1517857142857142,2.2857142857142856,44
selected,3,52,0.8333333333333334,0.9375,1.0208333333333335,1.0,1.0,1,0.7075892857142857,0.9575892857142857,0.8303571428571429,1.3080357142857142,3.0,44
selected,3,53,0.8541666666666666,0.9583333333333334,1.0458333333333334,1.0,1.25,1,0.7306547619047619,0.9613095238095238,0.9270833333333333,1.3392857142857142,1.6428571428571428,44
selected,3,54,0.8958333333333334,0.9583333333333334,1.0875000000000001,1.0,1.5,1,0.7447916666666667,0.9635416666666667,0.9345238095238095,1.3035714285714286,2.0714285714285716,44
selected,3,55,0.8125,1.0,1.0125,1.0,1.625,1,0.7113095238095238,0.9657738095238095,0.9241071428571429,1.3169642857142858,1.7142857142857142,44
selected,3,56,0.8541666666666666,0.9791666666666666,1.05,1.0,1.5,1,0.728422619047619,0.9776785714285714,0.9672619047619048,1.1651785714285714,1.2142857142857142,44
selected,3,57,0.8333333333333334,0.9791666666666666,1.0291666666666668,1.0,1.0,1,0.71875,0.943452380952381,0.8943452380952381,1.2008928571428572,2.0357142857142856,44
selected,3,58,0.9166666666666666,0.9791666666666666,1.1125,1.0,2.375,1,0.6592261904761905,0.9702380952380952,0.8839285714285714,1.2008928571428572,2.357142857142857,44
selected,3,59,0.8333333333333334,0.9791666666666666,1.0291666666666668,1.0,0.625,1,0.724702380952381,0.962797619047619,0.8586309523809524,1.28125,3.0357142857142856,44
selected,3,60,0.9375,1.0,1.1375,1.0,0.875,1,0.7023809523809524,0.9754464285714286,0.9702380952380952,1.2589285714285714,1.7857142857142858,44
selected,3,61,0.9375,1.0,1.1375,1.0,0.875,1,0.7544642857142857,0.9761904761904762,0.9419642857142857,1.1294642857142858,1.9642857142857142,44
selected,3,62,0.9166666666666666,0.9791666666666666,1.1125,1.0,0.875,1,0.7239583333333333,0.9724702380952381,0.8258928571428571,1.2455357142857142,3.1785714285714284,44
selected,3,63,0.9166666666666666,0.9791666666666666,1.1125,1.0,1.375,1,0.744047619047619,0.9724702380952381,0.9613095238095238,1.1919642857142858,1.9285714285714286,44
selected,3,64,0.9166666666666666,0.9791666666666666,1.1125,1.0,1.625,1,0.7686011904761905,0.9449404761904762,0.931547619047619,1.1830357142857142,1.6785714285714286,44
selected,3,65,0.9166666666666666,0.9791666666666666,1.1125,1.0,2.375,1,0.7351190476190476,0.9322916666666667,0.7946428571428571,1.2946428571428572,4.178571428571429,44
selected,3,66,0.9166666666666666,0.9791666666666666,1.1125,1.0,0.875,1,0.7380952380952381,0.9337797619047619,0.900297619047619,1.2276785714285714,2.0714285714285716,44
selected,3,67,0.9166666666666666,0.9791666666666666,1.1125,1.0,1.25,1,0.7433035714285714,0.9419642857142857,0.9598214285714286,1.3482142857142858,1.7857142857142858,44
selected,3,68,0.9375,1.0,1.1375,1.0,1.5,1,0.7745535714285714,0.9546130952380952,0.9851190476190476,1.3258928571428572,1.0714285714285714,44
selected,3,69,0.9166666666666666,0.9791666666666666,1.1125,1.0,0.25,1,0.7581845238095238,0.9538690476190476,0.9449404761904762,1.15625,1.2857142857142858,44
selected,3,70,0.8958333333333334,0.9791666666666666,1.0916666666666668,1.0,1.5,1,0.75,0.9479166666666667,0.9241071428571429,1.0714285714285714,1.5,44
selected,3,71,0.9166666666666666,0.9791666666666666,1.1125,1.0,2.25,1,0.7723214285714286,0.953125,0.8928571428571429,1.2232142857142858,3.0357142857142856,44
selected,3,72,0.9375,1.0,1.1375,1.0,1.5,1,0.7916666666666667,0.9605654761904762,0.9136904761904762,1.3303571428571428,3.8214285714285716,44
selected,3,73,0.9375,1.0,1.1375,1.0,1.125,1,0.7924107142857143,0.9598214285714286,0.9226190476190476,1.3392857142857142,1.7142857142857142,44
selected,3,74,0.9583333333333334,0.9583333333333334,1.1500000000000001,1.0,1.375,1,0.7686011904761905,0.9613095238095238,0.9285714285714286,1.3080357142857142,2.0,44
selected,3,75,0.9583333333333334,0.9583333333333334,1.1500000000000001,1.0,1.25,1,0.7767857142857143,0.9613095238095238,0.90625,1.2410714285714286,1.6071428571428572,44
selected,3,76,0.9375,1.0,1.1375,1.0,1.125,1,0.8318452380952381,0.9516369047619048,0.9270833333333333,1.2946428571428572,2.0357142857142856,44
selected,3,77,0.9375,1.0,1.1375,1.0,1.375,1,0.8043154761904762,0.9419642857142857,0.9330357142857143,1.3035714285714286,1.6071428571428572,44
selected,3,78,0.9375,1.0,1.1375,1.0,1.375,1,0.7842261904761905,0.9620535714285714,0.9449404761904762,1.3258928571428572,1.3214285714285714,44
selected,3,79,0.9583333333333334,0.9791666666666666,1.1541666666666668,1.0,1.375,1,0.7827380952380952,0.9642857142857143,0.912202380952381,1.2901785714285714,2.0,44
selected,4,0,0.6666666666666666,0.8541666666666666,0.8374999999999999,0.25,1.5,3,0.49851190476190477,0.8742559523809524,0.5372023809523809,1.2276785714285714,9.107142857142858,
selected,4,1,0.6666666666666666,0.8541666666666666,0.8374999999999999,1.0,1.0,1,0.5476190476190477,0.8348214285714286,0.4970238095238095,1.1428571428571428,8.178571428571429,
selected,4,2,0.7291666666666666,0.875,0.9041666666666667,0.625,0.875,4,0.5892857142857143,0.8571428571428571,0.5654761904761905,1.2366071428571428,4.928571428571429,
selected,4,3,0.75,0.8958333333333334,0.9291666666666667,0.5416666666666666,2.25,4,0.5863095238095238,0.8630952380952381,0.5848214285714286,1.2410714285714286,4.821428571428571,
selected,4,4,0.7083333333333334,0.875,0.8833333333333334,0.125,1.25,20,0.5900297619047619,0.8459821428571429,0.48660714285714285,1.2857142857142858,5.321428571428571,
selected,4,5,0.8125,0.9375,1.0,0.6666666666666666,1.0,4,0.6049107142857143,0.8697916666666667,0.5535714285714286,1.2589285714285714,5.714285714285714,
selected,4,6,0.7916666666666666,0.9375,0.9791666666666666,0.6666666666666666,1.375,4,0.6049107142857143,0.8988095238095238,0.6369047619047619,1.1964285714285714,4.964285714285714,
selected,4,7,0.8958333333333334,0.9583333333333334,1.0875000000000001,0.6666666666666666,1.75,31,0.693452380952381,0.9330357142857143,0.6979166666666667,1.2589285714285714,5.642857142857143,
selected,4,8,0.8958333333333334,0.9791666666666666,1.0916666666666668,0.875,0.75,2,0.7328869047619048,0.9337797619047619,0.7291666666666667,1.09375,7.857142857142857,7
selected,4,9,0.8958333333333334,0.9791666666666666,1.0916666666666668,0.5416666666666666,1.625,4,0.7767857142857143,0.931547619047619,0.6830357142857143,1.3571428571428572,7.857142857142857,7
selected,4,10,0.9166666666666666,0.9791666666666666,1.1125,0.875,1.375,2,0.7633928571428571,0.9508928571428571,0.712797619047619,1.1383928571428572,6.5,7
selected,4,11,0.9166666666666666,0.9791666666666666,1.1125,0.875,1.125,4,0.7916666666666667,0.9709821428571429,0.7916666666666667,1.3169642857142858,2.8214285714285716,7
selected,4,12,0.9166666666666666,0.9791666666666666,1.1125,0.875,0.875,2,0.8132440476190476,0.9546130952380952,0.8169642857142857,1.2098214285714286,3.8214285714285716,7
selected,4,13,0.9166666666666666,0.9791666666666666,1.1125,0.875,0.875,2,0.7700892857142857,0.959077380952381,0.8958333333333333,1.1830357142857142,2.9285714285714284,7
selected,4,14,0.8958333333333334,0.9791666666666666,1.0916666666666668,0.875,0.75,2,0.771577380952381,0.9620535714285714,0.9345238095238095,1.21875,1.5,7
selected,4,15,0.9166666666666666,0.9791666666666666,1.1125,1.0,1.125,1,0.8110119047619048,0.9598214285714286,0.9032738095238095,1.5044642857142858,2.0714285714285716,7
selected,4,16,0.9166666666666666,0.9791666666666666,1.1125,1.0,0.75,1,0.8087797619047619,0.9635416666666667,0.9241071428571429,1.2678571428571428,1.8214285714285714,7
selected,4,17,0.9375,1.0,1.1375,1.0,1.125,1,0.7693452380952381,0.9657738095238095,0.9270833333333333,1.3705357142857142,1.4642857142857142,7
selected,4,18,0.9375,1.0,1.1375,1.0,1.5,1,0.8110119047619048,0.9754464285714286,0.9360119047619048,1.21875,1.75,7
selected,4,19,0.9375,1.0,1.1375,1.0,1.125,1,0.7998511904761905,0.9665178571428571,0.8869047619047619,1.15625,2.1785714285714284,7
selected,4,20,0.9375,1.0,1.1375,1.0,1.0,1,0.8102678571428571,0.96875,0.8348214285714286,1.3125,2.9285714285714284,7
selected,4,21,0.9375,1.0,1.1375,1.0,1.125,1,0.787202380952381,0.947172619047619,0.7261904761904762,1.4866071428571428,5.178571428571429,7
selected,4,22,0.9375,1.0,1.1375,1.0,1.0,1,0.8273809523809524,0.9657738095238095,0.7976190476190476,1.4241071428571428,4.392857142857143,7
selected,4,23,0.9375,1.0,1.1375,1.0,1.625,1,0.8422619047619048,0.9739583333333333,0.8526785714285714,1.5,2.357142857142857,7
selected,4,24,0.9375,1.0,1.1375,1.0,1.125,1,0.7991071428571429,0.9724702380952381,0.8839285714285714,1.2544642857142858,2.8214285714285716,7
selected,4,25,0.9375,1.0,1.1375,1.0,0.875,1,0.8043154761904762,0.9412202380952381,0.7961309523809524,1.3125,4.607142857142857,7
selected,4,26,0.9375,1.0,1.1375,1.0,1.375,1,0.818452380952381,0.9709821428571429,0.9136904761904762,1.3705357142857142,1.9285714285714286,7
selected,4,27,0.9375,1.0,1.1375,1.0,2.0,1,0.7819940476190476,0.9613095238095238,0.837797619047619,1.21875,3.0714285714285716,7
selected,4,28,0.9375,1.0,1.1375,0.4583333333333333,1.5,15,0.7894345238095238,0.962797619047619,0.7946428571428571,1.2589285714285714,3.9642857142857144,7
selected,4,29,0.9375,1.0,1.1375,0.4583333333333333,1.75,15,0.8080357142857143,0.9538690476190476,0.7455357142857143,1.4017857142857142,5.285714285714286,7
selected,4,30,0.9375,1.0,1.1375,1.0,2.25,1,0.7879464285714286,0.9508928571428571,0.8005952380952381,1.2857142857142858,4.535714285714286,7
selected,4,31,0.9375,1.0,1.1375,1.0,0.75,1,0.759672619047619,0.9464285714285714,0.7202380952380952,1.2678571428571428,10.107142857142858,7
selected,4,32,0.9375,1.0,1.1375,1.0,1.125,1,0.7738095238095238,0.959077380952381,0.7455357142857143,1.2589285714285714,6.035714285714286,7
selected,4,33,0.9375,1.0,1.1375,1.0,1.25,1,0.8050595238095238,0.9553571428571429,0.6651785714285714,1.2991071428571428,10.25,7
selected,4,34,0.9375,1.0,1.1375,0.75,2.0,2,0.7775297619047619,0.962797619047619,0.7351190476190476,1.3705357142857142,6.107142857142857,7
selected,4,35,0.9375,1.0,1.1375,1.0,0.75,1,0.8385416666666667,0.9702380952380952,0.8526785714285714,1.3080357142857142,4.642857142857143,7
selected,4,36,0.9375,1.0,1.1375,1.0,1.5,1,0.7864583333333333,0.959077380952381,0.7574404761904762,1.3348214285714286,4.25,7
selected,4,37,0.9375,1.0,1.1375,0.75,0.875,2,0.8474702380952381,0.96875,0.8080357142857143,1.1205357142857142,4.714285714285714,7
selected,4,38,0.9375,1.0,1.1375,1.0,2.5,1,0.7827380952380952,0.9575892857142857,0.8571428571428571,1.3571428571428572,3.2857142857142856,7
selected,4,39,0.9583333333333334,0.9791666666666666,1.1541666666666668,1.0,1.5,1,0.8266369047619048,0.9680059523809524,0.7961309523809524,1.1830357142857142,6.785714285714286,7
selected,4,40,0.9375,1.0,1.1375,1.0,1.25,1,0.8348214285714286,0.9732142857142857,0.8973214285714286,1.3482142857142858,5.285714285714286,7
selected,4,41,0.9375,1.0,1.1375,1.0,0.875,1,0.8526785714285714,0.9754464285714286,0.8586309523809524,1.1339285714285714,4.892857142857143,7
selected,4,42,0.9375,1.0,1.1375,1.0,1.125,1,0.7819940476190476,0.9680059523809524,0.9270833333333333,1.1875,1.6071428571428572,7
selected,4,43,0.9375,1.0,1.1375,1.0,1.125,1,0.8385416666666667,0.9650297619047619,0.8958333333333333,1.0714285714285714,2.75,7
selected,4,44,0.9375,1.0,1.1375,1.0,2.0,1,0.7544642857142857,0.9389880952380952,0.8005952380952381,1.2366071428571428,3.5357142857142856,7
selected,4,45,0.9583333333333334,0.9791666666666666,1.1541666666666668,1.0,0.625,1,0.8318452380952381,0.9613095238095238,0.8928571428571429,1.0892857142857142,4.285714285714286,7
selected,4,46,0.9583333333333334,0.9583333333333334,1.1500000000000001,1.0,1.125,1,0.8102678571428571,0.9553571428571429,0.9523809523809524,1.2633928571428572,1.7857142857142858,7
selected,4,47,0.9791666666666666,0.9791666666666666,1.175,1.0,1.25,1,0.8191964285714286,0.9672619047619048,0.9345238095238095,1.1741071428571428,2.357142857142857,7
selected,5,0,0.5833333333333334,0.875,0.7583333333333334,0.041666666666666664,0.875,5,0.49851190476190477,0.8772321428571429,0.5178571428571429,1.2633928571428572,9.0,
selected,5,1,0.6041666666666666,0.9583333333333334,0.7958333333333333,0.041666666666666664,1.625,5,0.5133928571428571,0.8720238095238095,0.4092261904761905,1.1785714285714286,9.428571428571429,
selected,5,2,0.625,0.9583333333333334,0.8166666666666667,0.041666666666666664,1.5,5,0.5,0.9025297619047619,0.5133928571428571,1.2633928571428572,6.678571428571429,
selected,5,3,0.625,0.8541666666666667,0.7958333333333334,0.041666666666666664,2.375,5,0.5186011904761905,0.9166666666666667,0.33482142857142855,1.3348214285714286,9.964285714285714,
selected,5,4,0.625,0.875,0.8,0.041666666666666664,0.625,5,0.53125,0.8995535714285714,0.4419642857142857,1.2053571428571428,4.857142857142857,
selected,5,5,0.6875,0.9583333333333334,0.8791666666666667,0.5833333333333334,2.0,6,0.5565476190476191,0.9092261904761905,0.48660714285714285,1.4553571428571428,5.892857142857143,
selected,5,6,0.6458333333333334,0.9791666666666666,0.8416666666666667,1.0,1.25,1,0.5476190476190477,0.9293154761904762,0.6696428571428571,1.4642857142857142,5.928571428571429,
selected,5,7,0.7291666666666666,0.9166666666666666,0.9125,0.5833333333333334,1.25,6,0.609375,0.9389880952380952,0.8050595238095238,1.4107142857142858,3.9285714285714284,
selected,5,8,0.6666666666666666,0.875,0.8416666666666667,0.5833333333333334,1.25,2,0.5944940476190476,0.9397321428571429,0.7886904761904762,1.4241071428571428,2.8214285714285716,
selected,5,9,0.7083333333333334,0.8541666666666667,0.8791666666666668,1.0,1.75,1,0.5982142857142857,0.9360119047619048,0.6770833333333333,1.3660714285714286,3.5,
selected,5,10,0.6875,1.0,0.8875,1.0,1.25,1,0.603422619047619,0.947172619047619,0.8452380952380952,1.4910714285714286,2.607142857142857,
selected,5,11,0.6875,1.0,0.8875,1.0,0.625,1,0.6019345238095238,0.9412202380952381,0.8020833333333333,1.3080357142857142,2.4642857142857144,
selected,5,12,0.7708333333333334,0.9583333333333334,0.9625,1.0,1.375,1,0.6339285714285714,0.9605654761904762,0.8199404761904762,1.2633928571428572,2.642857142857143,
selected,5,13,0.8125,1.0,1.0125,1.0,0.375,1,0.6614583333333333,0.9694940476190476,0.8660714285714286,1.1875,2.2857142857142856,
selected,5,14,0.8125,1.0,1.0125,1.0,1.625,1,0.6808035714285714,0.9538690476190476,0.8616071428571429,1.34375,4.642857142857143,
selected,5,15,0.8333333333333334,0.9791666666666666,1.0291666666666668,1.0,2.375,1,0.6956845238095238,0.9367559523809524,0.7633928571428571,1.4464285714285714,6.142857142857143,
selected,5,16,0.8333333333333334,0.9791666666666666,1.0291666666666668,0.7916666666666666,1.625,4,0.7194940476190476,0.9337797619047619,0.8348214285714286,1.2589285714285714,3.3214285714285716,
selected,5,17,0.8541666666666666,0.9791666666666666,1.05,0.7916666666666666,1.25,4,0.7209821428571429,0.9546130952380952,0.8705357142857143,1.2946428571428572,3.2857142857142856,
selected,5,18,0.8541666666666666,0.9791666666666666,1.05,0.7916666666666666,1.5,4,0.709077380952381,0.9441964285714286,0.8318452380952381,1.3348214285714286,2.9285714285714284,17
selected,5,19,0.8333333333333334,0.9791666666666666,1.0291666666666668,0.8333333333333334,1.5,4,0.7358630952380952,0.9568452380952381,0.8214285714285714,1.3035714285714286,3.392857142857143,17
selected,5,20,0.8541666666666667,0.9166666666666667,1.0375,0.5833333333333334,1.625,8,0.7313988095238095,0.9568452380952381,0.8110119047619048,1.3482142857142858,3.1785714285714284,17
selected,5,21,0.8333333333333334,0.9791666666666666,1.0291666666666668,0.8333333333333334,1.125,4,0.7373511904761905,0.9293154761904762,0.6488095238095238,1.2723214285714286,5.75,17
selected,5,22,0.8541666666666666,0.9791666666666666,1.05,0.75,0.75,4,0.7514880952380952,0.9508928571428571,0.7157738095238095,1.2276785714285714,5.214285714285714,17
selected,5,23,0.875,1.0,1.075,0.8333333333333334,1.375,4,0.7566964285714286,0.9441964285714286,0.7648809523809524,1.1294642857142858,5.035714285714286,17
selected,5,24,0.875,0.9583333333333334,1.0666666666666667,0.9583333333333334,1.125,2,0.7477678571428571,0.9553571428571429,0.7663690476190476,1.2232142857142858,4.25,17
selected,5,25,0.8333333333333334,0.9791666666666666,1.0291666666666668,0.8333333333333334,0.25,4,0.7485119047619048,0.9501488095238095,0.8005952380952381,1.2008928571428572,4.035714285714286,17
selected,5,26,0.875,1.0,1.075,0.9583333333333334,1.375,2,0.7366071428571429,0.9441964285714286,0.7604166666666667,1.3258928571428572,5.5,17
selected,5,27,0.875,1.0,1.075,0.9583333333333334,1.0,2,0.7366071428571429,0.947172619047619,0.8005952380952381,1.0803571428571428,4.285714285714286,17
selected,5,28,0.875,1.0,1.075,0.9583333333333334,1.125,2,0.7425595238095238,0.9330357142857143,0.7693452380952381,1.2321428571428572,4.857142857142857,17
selected,5,29,0.875,1.0,1.075,0.9583333333333334,0.875,2,0.7604166666666667,0.962797619047619,0.7723214285714286,1.1116071428571428,4.785714285714286,17
selected,5,30,0.875,1.0,1.075,0.9583333333333334,1.0,2,0.7998511904761905,0.9873511904761905,0.9538690476190477,1.0401785714285714,1.8928571428571428,17
selected,5,31,0.875,1.0,1.075,0.9583333333333334,0.625,2,0.7641369047619048,0.9761904761904762,0.9047619047619048,1.09375,2.1785714285714284,17
selected,5,32,0.875,1.0,1.075,0.9583333333333334,1.375,2,0.7529761904761905,0.9650297619047619,0.8928571428571429,1.2901785714285714,2.392857142857143,17
selected,5,33,0.875,1.0,1.075,0.9583333333333334,0.875,2,0.790922619047619,0.9724702380952381,0.8511904761904762,1.2098214285714286,2.857142857142857,17
selected,5,34,0.875,1.0,1.075,0.9583333333333334,0.375,2,0.7849702380952381,0.9858630952380952,0.9241071428571429,0.9955357142857143,2.2857142857142856,17
selected,5,35,0.875,1.0,1.075,0.9583333333333334,0.875,2,0.7864583333333333,0.9866071428571429,0.9151785714285714,1.1428571428571428,2.0714285714285716,17
selected,5,36,0.875,1.0,1.075,0.9583333333333334,1.375,2,0.7678571428571429,0.974702380952381,0.875,1.0803571428571428,2.7857142857142856,17
selected,5,37,0.875,1.0,1.075,0.9583333333333334,1.5,2,0.8117559523809524,0.984375,0.931547619047619,1.1116071428571428,1.9642857142857142,17
selected,5,38,0.875,1.0,1.075,0.9583333333333334,1.125,2,0.7738095238095238,0.9836309523809524,0.8854166666666667,1.0714285714285714,2.1785714285714284,17
selected,5,39,0.875,1.0,1.075,0.9583333333333334,0.25,2,0.8110119047619048,0.978422619047619,0.9047619047619049,1.2455357142857142,2.0357142857142856,17
selected,5,40,0.875,1.0,1.075,0.9583333333333334,2.0,2,0.7790178571428571,0.9791666666666667,0.8958333333333334,1.1964285714285714,2.7142857142857144,17
selected,5,41,0.875,1.0,1.075,0.9583333333333334,1.25,2,0.7492559523809524,0.9605654761904762,0.8199404761904762,1.1785714285714286,2.9642857142857144,17
selected,5,42,0.875,1.0,1.075,0.9583333333333334,1.75,2,0.7924107142857143,0.9821428571428571,0.9047619047619049,1.2321428571428572,2.7142857142857144,17
selected,5,43,0.875,1.0,1.075,0.9583333333333334,0.875,2,0.8191964285714286,0.9858630952380952,0.918154761904762,1.2544642857142858,2.2857142857142856,17
selected,5,44,0.875,1.0,1.075,0.9583333333333334,1.125,2,0.7901785714285714,0.974702380952381,0.8913690476190477,1.1651785714285714,3.0357142857142856,17
selected,5,45,0.875,1.0,1.075,0.9583333333333334,1.125,2,0.8303571428571429,0.9851190476190476,0.8898809523809524,1.2232142857142858,2.7142857142857144,17
selected,5,46,0.875,1.0,1.075,0.9583333333333334,0.75,2,0.7976190476190476,0.974702380952381,0.8660714285714286,1.0535714285714286,3.107142857142857,17
selected,5,47,0.875,1.0,1.075,0.9583333333333334,1.125,2,0.7767857142857143,0.9709821428571429,0.8407738095238095,1.125,2.5714285714285716,17
selected,5,48,0.875,1.0,1.075,0.9583333333333334,1.0,2,0.8035714285714286,0.9880952380952381,0.8913690476190477,1.1160714285714286,2.25,17
selected,5,49,0.875,1.0,1.075,0.9583333333333334,1.375,2,0.7797619047619048,0.9858630952380952,0.9017857142857143,1.1294642857142858,2.107142857142857,17
selected,5,50,0.875,1.0,1.075,0.9583333333333334,0.875,2,0.7767857142857143,0.9709821428571429,0.8511904761904763,1.1294642857142858,2.9285714285714284,17
selected,5,51,0.875,1.0,1.075,0.9583333333333334,0.5,2,0.7775297619047619,0.9761904761904762,0.8035714285714286,1.2633928571428572,3.5,17
selected,5,52,0.875,1.0,1.075,0.9583333333333334,1.0,2,0.7745535714285714,0.974702380952381,0.8779761904761906,1.1473214285714286,2.2142857142857144,17
selected,5,53,0.875,1.0,1.075,0.9583333333333334,0.75,2,0.8013392857142857,0.9821428571428571,0.8318452380952381,1.1696428571428572,2.7142857142857144,17
selected,5,54,0.875,1.0,1.075,0.9583333333333334,1.5,2,0.775297619047619,0.9813988095238095,0.8601190476190476,1.1785714285714286,2.142857142857143,17
selected,5,55,0.875,1.0,1.075,0.9583333333333334,0.625,2,0.8125,0.9918154761904762,0.880952380952381,1.2946428571428572,2.3214285714285716,17
selected,5,56,0.875,1.0,1.075,0.9583333333333334,1.125,2,0.8318452380952381,0.9962797619047619,0.9077380952380952,1.3035714285714286,2.142857142857143,17
selected,5,57,0.875,1.0,1.075,0.9583333333333334,1.25,2,0.8043154761904762,0.978422619047619,0.918154761904762,1.2633928571428572,2.107142857142857,17
selected,6,0,0.7083333333333334,0.875,0.8833333333333334,0.20833333333333334,0.875,19,0.4970238095238095,0.8563988095238095,0.5163690476190477,1.2544642857142858,8.785714285714286,
selected,6,1,0.6875,0.8333333333333334,0.8541666666666667,0.5,1.375,6,0.5342261904761905,0.8444940476190476,0.44345238095238093,1.3392857142857142,13.035714285714286,
selected,6,2,0.625,0.9375,0.8125,0.7083333333333334,0.625,2,0.5215773809523809,0.8355654761904762,0.35267857142857145,1.21875,11.321428571428571,
selected,6,3,0.6666666666666666,0.8541666666666666,0.8374999999999999,0.3333333333333333,0.875,22,0.5372023809523809,0.8199404761904762,0.5059523809523809,1.2276785714285714,8.428571428571429,
selected,6,4,0.8125,0.8958333333333334,0.9916666666666667,0.3333333333333333,0.375,22,0.5669642857142857,0.8355654761904762,0.5133928571428571,1.25,7.75,
selected,6,5,0.7291666666666666,0.8333333333333334,0.8958333333333333,0.16666666666666666,1.25,14,0.5773809523809524,0.8705357142857143,0.5223214285714286,1.2589285714285714,11.107142857142858,
selected,6,6,0.6875,0.8541666666666667,0.8583333333333334,0.3333333333333333,1.375,3,0.5892857142857143,0.869047619047619,0.4404761904761905,1.09375,10.642857142857142,
selected,6,7,0.7083333333333334,0.8541666666666667,0.8791666666666668,0.25,0.875,4,0.5967261904761905,0.859375,0.6279761904761905,1.1830357142857142,2.9285714285714284,
selected,6,8,0.75,0.8541666666666667,0.9208333333333334,0.4166666666666667,0.875,24,0.6116071428571429,0.8779761904761905,0.4925595238095238,1.3482142857142858,6.0,
selected,6,9,0.7291666666666666,0.9583333333333334,0.9208333333333333,0.5416666666666666,1.5,2,0.5989583333333333,0.8816964285714286,0.5297619047619048,1.3571428571428572,5.821428571428571,
selected,6,10,0.75,0.8958333333333334,0.9291666666666667,0.25,1.625,10,0.6376488095238095,0.9196428571428571,0.5,1.0982142857142858,7.0,
selected,6,11,0.7083333333333334,0.9583333333333334,0.9,0.5833333333333334,2.125,2,0.6398809523809524,0.912202380952381,0.4330357142857143,1.2455357142857142,5.142857142857143,
selected,6,12,0.7916666666666666,0.9791666666666666,0.9874999999999999,0.16666666666666666,1.25,4,0.6450892857142857,0.9233630952380952,0.5208333333333334,1.1830357142857142,3.7142857142857144,
selected,6,13,0.7083333333333334,0.9583333333333334,0.9,0.2916666666666667,1.375,4,0.6354166666666667,0.9181547619047619,0.5639880952380952,1.3660714285714286,2.642857142857143,
selected,6,14,0.7083333333333334,0.9583333333333334,0.9,0.2916666666666667,0.875,4,0.6123511904761905,0.9047619047619048,0.43154761904761907,1.1651785714285714,4.75,
selected,6,15,0.7708333333333334,0.9166666666666666,0.9541666666666667,0.20833333333333334,1.0,18,0.6205357142857143,0.915922619047619,0.3482142857142857,1.1875,8.5,
selected,6,16,0.75,0.9583333333333334,0.9416666666666667,0.2916666666666667,0.875,4,0.6599702380952381,0.9203869047619048,0.3407738095238095,1.1026785714285714,9.535714285714286,
selected,6,17,0.7916666666666666,0.9583333333333334,0.9833333333333333,0.20833333333333334,1.0,18,0.6711309523809524,0.9248511904761905,0.3363095238095238,1.1294642857142858,10.785714285714286,
selected,6,18,0.8541666666666666,0.8958333333333334,1.0333333333333332,0.5833333333333334,1.5,4,0.6741071428571429,0.9136904761904762,0.3601190476190476,1.0491071428571428,10.75,
selected,6,19,0.8125,0.9375,1.0,0.3333333333333333,1.625,2,0.6912202380952381,0.9032738095238095,0.42857142857142855,1.1964285714285714,6.928571428571429,18
selected,6,20,0.8541666666666666,0.9583333333333334,1.0458333333333334,0.5,1.625,2,0.671875,0.9069940476190476,0.45089285714285715,1.1205357142857142,6.178571428571429,18
selected,6,21,0.8333333333333334,0.9166666666666666,1.0166666666666666,0.5,1.5,4,0.7001488095238095,0.900297619047619,0.5014880952380952,1.0714285714285714,4.607142857142857,18
selected,6,22,0.8541666666666666,0.8958333333333334,1.0333333333333332,0.5,1.875,4,0.7142857142857143,0.9010416666666667,0.6369047619047619,1.2678571428571428,2.9642857142857144,18
selected,6,23,0.8333333333333334,0.9166666666666666,1.0166666666666666,0.625,1.125,2,0.7336309523809524,0.9084821428571429,0.6636904761904762,1.2723214285714286,2.75,18
selected,6,24,0.8541666666666666,0.875,1.0291666666666666,0.5,1.625,4,0.7180059523809524,0.9308035714285714,0.6011904761904762,1.4151785714285714,3.142857142857143,18
selected,6,25,0.8333333333333334,0.9583333333333334,1.0250000000000001,0.5,1.5,4,0.6845238095238095,0.9360119047619048,0.5535714285714286,1.1785714285714286,4.178571428571429,18
selected,6,26,0.8333333333333334,0.9583333333333334,1.0250000000000001,0.4583333333333333,1.625,4,0.7306547619047619,0.9114583333333333,0.4136904761904762,1.2767857142857142,5.071428571428571,18
selected,6,27,0.875,0.8958333333333334,1.0541666666666667,0.5,0.875,4,0.7105654761904762,0.8958333333333333,0.45089285714285715,1.25,4.464285714285714,18
selected,6,28,0.8541666666666666,0.9166666666666666,1.0375,0.8333333333333334,1.0,2,0.7306547619047619,0.9040178571428571,0.5401785714285714,1.1741071428571428,3.7857142857142856,18
selected,6,29,0.8541666666666666,0.9375,1.0416666666666665,1.0,0.875,1,0.709077380952381,0.9047619047619048,0.7008928571428571,1.1875,2.4642857142857144,18
selected,6,30,0.9375,0.9375,1.125,0.5,1.125,6,0.7462797619047619,0.9166666666666667,0.7261904761904762,1.2678571428571428,2.607142857142857,18
selected,6,31,0.875,1.0,1.075,0.875,1.5,2,0.7209821428571429,0.9084821428571429,0.7038690476190476,1.1785714285714286,2.7857142857142856,18
selected,6,32,0.875,1.0,1.075,1.0,1.75,1,0.7447916666666667,0.9293154761904762,0.7455357142857143,1.1741071428571428,2.5714285714285716,18
selected,6,33,0.875,1.0,1.075,0.875,1.125,2,0.7581845238095238,0.943452380952381,0.84375,1.2008928571428572,2.5,18
selected,6,34,0.875,1.0,1.075,0.8333333333333334,0.25,2,0.7819940476190476,0.9650297619047619,0.8080357142857143,1.1428571428571428,2.0714285714285716,18
selected,6,35,0.875,1.0,1.075,0.8333333333333334,1.125,2,0.7581845238095238,0.9724702380952381,0.7767857142857143,1.0580357142857142,2.0714285714285716,18
selected,6,36,0.875,1.0,1.075,0.8333333333333334,0.875,2,0.7544642857142857,0.953125,0.6919642857142857,1.1517857142857142,5.714285714285714,18
selected,6,37,0.875,1.0,1.075,0.8333333333333334,0.75,2,0.7641369047619048,0.9724702380952381,0.744047619047619,1.1741071428571428,2.392857142857143,18
selected,6,38,0.875,1.0,1.075,0.8333333333333334,1.5,2,0.8117559523809524,0.9657738095238095,0.8110119047619048,1.0625,2.142857142857143,18
selected,6,39,0.875,1.0,1.075,0.8333333333333334,0.875,2,0.771577380952381,0.9680059523809524,0.8214285714285714,1.0625,2.0357142857142856,18
selected,6,40,0.875,1.0,1.075,0.8333333333333334,1.5,2,0.7931547619047619,0.9851190476190476,0.8020833333333333,0.9375,2.142857142857143,18
selected,6,41,0.875,1.0,1.075,0.8333333333333334,1.0,2,0.8020833333333333,0.990327380952381,0.8333333333333333,1.0178571428571428,2.0,18
selected,6,42,0.875,1.0,1.075,0.8333333333333334,0.625,2,0.78125,0.9717261904761905,0.7693452380952381,1.1116071428571428,2.5357142857142856,18
selected,6,43,0.875,1.0,1.075,0.8333333333333334,0.875,2,0.806547619047619,0.9769345238095238,0.8110119047619048,1.0,2.2857142857142856,18
selected,6,44,0.875,1.0,1.075,0.8333333333333334,1.625,2,0.7767857142857143,0.9866071428571429,0.8348214285714286,1.1116071428571428,2.0357142857142856,18
selected,6,45,0.875,1.0,1.075,0.8333333333333334,0.75,2,0.7619047619047619,0.9650297619047619,0.7991071428571429,1.0,2.5357142857142856,18
selected,6,46,0.8958333333333334,0.9583333333333334,1.0875000000000001,0.9166666666666666,0.75,2,0.822172619047619,0.9925595238095238,0.84375,1.15625,1.9642857142857142,18
selected,6,47,0.9166666666666666,0.9791666666666666,1.1125,0.875,1.0,2,0.7730654761904762,0.9680059523809524,0.8214285714285714,1.0580357142857142,2.392857142857143,18
selected,6,48,0.9166666666666666,0.9791666666666666,1.1125,0.875,1.125,2,0.7693452380952381,0.9575892857142857,0.7857142857142857,1.0089285714285714,2.4642857142857144,18
selected,6,49,0.8958333333333334,0.9791666666666666,1.0916666666666668,0.75,0.25,2,0.775297619047619,0.9642857142857143,0.7857142857142857,1.1339285714285714,2.2142857142857144,18
selected,6,50,0.9166666666666666,0.9791666666666666,1.1125,0.75,0.5,2,0.8095238095238095,0.9806547619047619,0.806547619047619,1.0535714285714286,1.9285714285714286,18
selected,6,51,0.8958333333333334,0.9791666666666666,1.0916666666666668,0.875,1.125,2,0.8095238095238095,0.9694940476190476,0.806547619047619,1.0714285714285714,2.0357142857142856,18
selected,6,52,0.8958333333333334,0.9791666666666666,1.0916666666666668,0.875,1.5,2,0.7834821428571429,0.9642857142857143,0.7395833333333333,1.1294642857142858,2.7142857142857144,18
selected,6,53,0.8958333333333334,0.9791666666666666,1.0916666666666668,0.875,0.75,2,0.78125,0.9553571428571429,0.7261904761904762,1.1830357142857142,3.392857142857143,18
selected,6,54,0.9375,0.9583333333333334,1.1291666666666667,0.8333333333333334,1.125,2,0.8139880952380952,0.9799107142857143,0.7961309523809524,1.2098214285714286,3.642857142857143,18
selected,6,55,0.9375,1.0,1.1375,0.75,0.75,2,0.7931547619047619,0.959077380952381,0.6711309523809524,1.1339285714285714,3.607142857142857,18
selected,6,56,0.9375,1.0,1.1375,0.75,1.125,2,0.775297619047619,0.9516369047619048,0.6904761904761905,1.1785714285714286,4.392857142857143,18
selected,6,57,0.9375,1.0,1.1375,0.75,0.75,2,0.8325892857142857,0.9732142857142857,0.7455357142857143,1.4107142857142858,2.642857142857143,18
selected,6,58,0.9375,1.0,1.1375,0.75,1.375,2,0.8087797619047619,0.9694940476190476,0.7410714285714286,1.1205357142857142,2.2142857142857144,18
selected,7,0,0.625,1.0,0.825,0.75,1.75,2,0.48214285714285715,0.8869047619047619,0.47470238095238093,1.2901785714285714,9.071428571428571,
selected,7,1,0.6041666666666666,0.9791666666666666,0.7999999999999999,0.75,0.75,2,0.5208333333333334,0.8973214285714286,0.6785714285714286,1.1651785714285714,6.178571428571429,
selected,7,2,0.6875,1.0,0.8875,0.875,0.75,2,0.5386904761904762,0.9293154761904762,0.7202380952380952,1.1205357142857142,3.9642857142857144,
selected,7,3,0.6875,1.0,0.8875,0.875,1.375,2,0.6138392857142857,0.9761904761904762,0.7961309523809524,1.0580357142857142,2.2142857142857144,
selected,7,4,0.6875,1.0,0.8875,0.875,1.125,2,0.6145833333333333,0.9598214285714286,0.8199404761904762,1.1339285714285714,2.25,
selected,7,5,0.7291666666666666,0.9791666666666666,0.9249999999999999,0.875,0.875,2,0.6450892857142857,0.9620535714285714,0.8452380952380952,1.0982142857142858,2.2857142857142856,
selected,7,6,0.75,0.9166666666666666,0.9333333333333333,0.9166666666666666,1.125,2,0.6458333333333333,0.953125,0.8526785714285714,1.0401785714285714,2.5,
selected,7,7,0.7291666666666666,0.9791666666666666,0.9249999999999999,0.7916666666666666,1.125,2,0.6145833333333333,0.9360119047619048,0.8244047619047619,1.1473214285714286,2.9285714285714284,
selected,7,8,0.7083333333333334,0.9791666666666666,0.9041666666666667,0.7916666666666666,1.125,2,0.6391369047619048,0.9732142857142857,0.8288690476190476,1.2053571428571428,4.357142857142857,
selected,7,9,0.7291666666666666,0.9583333333333334,0.9208333333333333,0.7916666666666666,1.0,2,0.630952380952381,0.96875,0.8139880952380951,1.125,2.3214285714285716,
selected,7,10,0.75,0.9583333333333334,0.9416666666666667,0.7916666666666666,1.0,2,0.6607142857142857,0.9553571428571429,0.8080357142857143,1.1607142857142858,2.7857142857142856,
selected,7,11,0.8333333333333334,0.9791666666666666,1.0291666666666668,0.8333333333333334,1.0,2,0.6793154761904762,0.9694940476190476,0.8869047619047619,1.1026785714285714,2.0,
selected,7,12,0.7708333333333334,0.9583333333333334,0.9625,0.7916666666666666,1.0,2,0.6681547619047619,0.9546130952380952,0.8229166666666667,1.0892857142857142,2.25,
selected,7,13,0.7708333333333334,0.9791666666666666,0.9666666666666667,0.9166666666666666,0.625,2,0.6755952380952381,0.9114583333333333,0.7916666666666667,1.0491071428571428,2.2857142857142856,
selected,7,14,0.7708333333333334,0.9583333333333334,0.9625,0.7916666666666666,1.125,2,0.650297619047619,0.9389880952380952,0.8214285714285714,1.1294642857142858,2.5,
selected,7,15,0.7708333333333334,0.9583333333333334,0.9625,1.0,0.875,1,0.6547619047619048,0.9270833333333333,0.8869047619047619,1.1160714285714286,1.8214285714285714,
selected,7,16,0.8333333333333334,0.9791666666666666,1.0291666666666668,0.9166666666666666,1.375,2,0.6651785714285714,0.9456845238095238,0.8526785714285714,1.1294642857142858,2.0357142857142856,
selected,7,17,0.7916666666666666,0.9791666666666666,0.9874999999999999,0.7916666666666666,2.25,2,0.671875,0.9397321428571429,0.8601190476190476,1.2276785714285714,2.357142857142857,
selected,7,18,0.7916666666666666,0.9791666666666666,0.9874999999999999,0.9166666666666666,1.625,2,0.6711309523809524,0.9508928571428571,0.8779761904761905,1.15625,2.0714285714285716,
selected,7,19,0.8125,0.9583333333333334,1.0041666666666667,0.9166666666666666,0.875,2,0.6674107142857143,0.947172619047619,0.8645833333333333,1.1651785714285714,2.3214285714285716,
selected,7,20,0.8333333333333334,0.9583333333333334,1.0250000000000001,0.9166666666666666,1.25,2,0.6547619047619048,0.9144345238095238,0.7782738095238095,1.0982142857142858,4.035714285714286,
selected,7,21,0.8333333333333334,0.9583333333333334,1.0250000000000001,0.5833333333333334,1.0,5,0.6785714285714286,0.9308035714285714,0.8616071428571429,1.1651785714285714,2.75,
selected,7,22,0.8541666666666666,0.9791666666666666,1.05,0.9166666666666666,2.125,2,0.6986607142857143,0.9367559523809524,0.8095238095238095,1.2410714285714286,3.1785714285714284,
selected,7,23,0.8541666666666666,0.9791666666666666,1.05,0.9166666666666666,1.0,2,0.6956845238095238,0.9494047619047619,0.8005952380952381,1.1294642857142858,3.0,22
selected,7,24,0.8333333333333334,0.9791666666666666,1.0291666666666668,0.9166666666666666,1.125,2,0.6770833333333333,0.9486607142857143,0.9032738095238094,1.1026785714285714,2.107142857142857,22
selected,7,25,0.8541666666666666,0.9791666666666666,1.05,1.0,1.375,1,0.7142857142857143,0.9575892857142857,0.8898809523809523,1.2991071428571428,2.4285714285714284,22
selected,7,26,0.8541666666666666,0.9791666666666666,1.05,1.0,1.125,1,0.7016369047619048,0.9553571428571429,0.9226190476190476,1.1696428571428572,2.2142857142857144,22
selected,7,27,0.8541666666666666,0.9791666666666666,1.05,1.0,1.25,1,0.744047619047619,0.9583333333333333,0.9047619047619048,1.1785714285714286,1.9285714285714286,22
selected,7,28,0.875,1.0,1.075,1.0,1.25,1,0.7313988095238095,0.9694940476190476,0.90625,1.0535714285714286,2.3214285714285716,22
selected,7,29,0.8958333333333334,0.9791666666666666,1.0916666666666668,0.625,0.75,5,0.7507440476190476,0.9441964285714286,0.900297619047619,1.1875,2.0357142857142856,22
selected,7,30,0.875,1.0,1.075,0.9166666666666666,1.375,2,0.7418154761904762,0.9523809523809524,0.869047619047619,1.0714285714285714,2.2142857142857144,22
selected,7,31,0.8541666666666666,0.9791666666666666,1.05,0.9166666666666666,1.375,2,0.7172619047619048,0.9464285714285714,0.9092261904761905,1.2232142857142858,2.2857142857142856,22
selected,7,32,0.9166666666666666,0.9791666666666666,1.1125,0.5833333333333334,1.25,5,0.7135416666666667,0.9561011904761905,0.8660714285714286,1.1071428571428572,2.7857142857142856,22
selected,7,33,0.875,1.0,1.075,1.0,0.875,1,0.6986607142857143,0.9501488095238095,0.8601190476190476,1.1294642857142858,2.3214285714285716,22
selected,7,34,0.875,1.0,1.075,0.9166666666666666,1.375,2,0.693452380952381,0.9501488095238095,0.9166666666666667,1.1696428571428572,1.7857142857142858,22
selected,7,35,0.875,1.0,1.075,0.9166666666666666,1.0,2,0.6904761904761905,0.9680059523809524,0.8973214285714286,1.2008928571428572,3.0357142857142856,22
selected,7,36,0.9375,1.0,1.1375,0.9583333333333334,1.0,2,0.7299107142857143,0.974702380952381,0.9047619047619048,1.125,2.142857142857143,22
selected,7,37,0.9375,1.0,1.1375,0.9583333333333334,1.0,2,0.7276785714285714,0.9732142857142857,0.8958333333333333,1.0089285714285714,2.2857142857142856,22
selected,7,38,0.9375,1.0,1.1375,0.9583333333333334,1.0,2,0.697172619047619,0.9605654761904762,0.9270833333333333,1.1116071428571428,1.8571428571428572,22
selected,7,39,0.9375,1.0,1.1375,0.9583333333333334,0.75,2,0.7834821428571429,0.9709821428571429,0.8958333333333333,1.1294642857142858,3.107142857142857,22
selected,7,40,0.9375,1.0,1.1375,0.9583333333333334,0.875,2,0.7611607142857143,0.9813988095238095,0.9345238095238095,1.0491071428571428,1.8214285714285714,22
selected,7,41,0.9375,1.0,1.1375,0.9583333333333334,1.125,2,0.8043154761904762,0.9761904761904762,0.943452380952381,1.0982142857142858,2.0357142857142856,22
selected,7,42,0.9375,1.0,1.1375,0.9583333333333334,1.0,2,0.8058035714285714,0.9680059523809524,0.9315476190476192,1.09375,2.142857142857143,22
selected,7,43,0.9375,1.0,1.1375,0.9583333333333334,0.875,2,0.8125,0.9813988095238095,0.9508928571428571,1.0133928571428572,1.8214285714285714,22
selected,7,44,0.9375,1.0,1.1375,0.9583333333333334,0.875,2,0.771577380952381,0.962797619047619,0.9017857142857143,1.0,3.0,22
selected,7,45,0.9375,1.0,1.1375,0.9583333333333334,1.375,2,0.7767857142857143,0.9761904761904762,0.9315476190476192,1.0178571428571428,2.25,22
selected,7,46,0.9375,1.0,1.1375,0.9583333333333334,1.5,2,0.8229166666666667,0.9732142857142857,0.949404761904762,1.0982142857142858,2.0357142857142856,22
selected,7,47,0.9375,1.0,1.1375,0.9583333333333334,0.75,2,0.7782738095238095,0.9806547619047619,0.9642857142857143,0.9732142857142857,2.0,22
selected,7,48,0.9375,1.0,1.1375,0.9583333333333334,0.5,2,0.759672619047619,0.9813988095238095,0.9449404761904762,1.0982142857142858,1.75,22
selected,7,49,0.9375,1.0,1.1375,0.9583333333333334,0.875,2,0.8043154761904762,0.984375,0.9464285714285714,0.9732142857142857,1.8214285714285714,22
selected,7,50,0.9375,1.0,1.1375,0.9583333333333334,1.25,2,0.7380952380952381,0.9665178571428571,0.9241071428571429,1.0133928571428572,2.5357142857142856,22
selected,7,51,0.9375,1.0,1.1375,0.9583333333333334,0.75,2,0.7470238095238095,0.9821428571428571,0.9553571428571429,1.0044642857142858,1.75,22
selected,7,52,0.9375,1.0,1.1375,0.9583333333333334,1.5,2,0.7351190476190476,0.9717261904761905,0.9270833333333333,1.125,1.8928571428571428,22
selected,7,53,0.9375,1.0,1.1375,0.9583333333333334,1.0,2,0.7485119047619048,0.9598214285714286,0.9404761904761905,1.03125,1.8928571428571428,22
selected,7,54,0.9375,1.0,1.1375,0.9583333333333334,1.0,2,0.7529761904761905,0.9672619047619048,0.9255952380952381,1.0223214285714286,2.0714285714285716,22
selected,7,55,0.9375,1.0,1.1375,0.9583333333333334,1.0,2,0.8348214285714286,0.9836309523809524,0.912202380952381,1.0044642857142858,2.3214285714285716,22
selected,7,56,0.9375,1.0,1.1375,0.9583333333333334,0.875,2,0.7886904761904762,0.9836309523809524,0.9136904761904762,0.9910714285714286,2.0,22
selected,7,57,0.9375,1.0,1.1375,0.9583333333333334,1.125,2,0.7514880952380952,0.9769345238095238,0.8854166666666667,1.1651785714285714,2.142857142857143,22
selected,7,58,0.9375,1.0,1.1375,0.9583333333333334,0.5,2,0.7849702380952381,0.9769345238095238,0.9077380952380952,1.0223214285714286,1.9642857142857142,22
selected,7,59,0.9375,1.0,1.1375,0.9583333333333334,0.375,2,0.7604166666666667,0.9769345238095238,0.8988095238095238,0.9866071428571429,2.142857142857143,22
selected,7,60,0.9375,1.0,1.1375,0.9583333333333334,1.25,2,0.7827380952380952,0.9888392857142857,0.912202380952381,1.0223214285714286,3.9642857142857144,22
selected,7,61,0.9375,1.0,1.1375,0.9583333333333334,1.125,2,0.7901785714285714,0.9739583333333333,0.9077380952380952,1.0133928571428572,2.0,22
selected,7,62,0.9375,1.0,1.1375,0.9583333333333334,0.75,2,0.8043154761904762,0.9665178571428571,0.869047619047619,0.9955357142857143,3.2142857142857144,22
neutral_post_threshold,0,0,0.6666666666666666,0.8333333333333334,0.8333333333333333,0.875,1.625,2,0.4888392857142857,0.865327380952381,0.5163690476190477,1.1294642857142858,7.892857142857143,
neutral_post_threshold,0,1,0.625,1.0,0.825,1.0,1.375,1,0.5386904761904762,0.8988095238095238,0.71875,1.1383928571428572,5.035714285714286,
neutral_post_threshold,0,2,0.6458333333333334,0.9791666666666666,0.8416666666666667,1.0,0.5,1,0.5513392857142857,0.9233630952380952,0.7276785714285714,0.9375,4.928571428571429,
neutral_post_threshold,0,3,0.6458333333333334,0.9791666666666666,0.8416666666666667,1.0,0.5,1,0.5930059523809524,0.9828869047619048,0.9538690476190476,0.9464285714285714,1.6071428571428572,
neutral_post_threshold,0,4,0.6666666666666666,0.9791666666666666,0.8624999999999999,1.0,0.75,1,0.5944940476190476,0.9709821428571429,0.9375,1.0044642857142858,1.3571428571428572,
neutral_post_threshold,0,5,0.6458333333333334,0.9791666666666666,0.8416666666666667,1.0,1.0,1,0.5870535714285714,0.9806547619047619,0.9479166666666667,0.9017857142857143,1.3214285714285714,
neutral_post_threshold,0,6,0.6666666666666666,0.9375,0.8541666666666666,1.0,1.125,1,0.6019345238095238,0.9828869047619048,0.962797619047619,0.9866071428571429,1.2142857142857142,
neutral_post_threshold,0,7,0.6666666666666666,0.9583333333333334,0.8583333333333333,0.6666666666666666,1.125,2,0.5885416666666667,0.9702380952380952,0.962797619047619,1.0892857142857142,1.2142857142857142,
neutral_post_threshold,0,8,0.6666666666666666,0.9583333333333334,0.8583333333333333,0.6666666666666666,1.25,2,0.6004464285714286,0.9613095238095238,0.8883928571428571,1.1205357142857142,1.7857142857142858,
neutral_post_threshold,0,9,0.6875,0.875,0.8625,0.6666666666666666,1.5,2,0.6108630952380952,0.962797619047619,0.8839285714285714,0.9776785714285714,1.7857142857142858,
neutral_post_threshold,0,10,0.6666666666666666,0.9791666666666666,0.8624999999999999,0.4583333333333333,0.625,4,0.6026785714285714,0.959077380952381,0.8110119047619048,0.9241071428571429,1.9642857142857142,
neutral_post_threshold,0,11,0.7083333333333334,0.8958333333333334,0.8875000000000001,0.625,1.125,2,0.6138392857142857,0.9553571428571429,0.7767857142857143,1.0446428571428572,2.5357142857142856,
neutral_post_threshold,0,12,0.7083333333333334,0.875,0.8833333333333334,0.625,0.875,2,0.5632440476190477,0.9196428571428571,0.6949404761904762,1.0223214285714286,3.107142857142857,
neutral_post_threshold,0,13,0.6875,0.9583333333333334,0.8791666666666667,0.5,0.875,2,0.619047619047619,0.9352678571428571,0.7351190476190476,1.0223214285714286,2.0714285714285716,
neutral_post_threshold,0,14,0.75,0.9375,0.9375,0.6666666666666666,0.875,2,0.6116071428571429,0.9322916666666667,0.7157738095238095,0.9330357142857143,2.4285714285714284,
neutral_post_threshold,0,15,0.7083333333333334,0.8958333333333334,0.8875000000000001,1.0,1.125,1,0.6116071428571429,0.9449404761904762,0.7053571428571429,1.0,2.0714285714285716,
neutral_post_threshold,0,16,0.7083333333333334,0.9791666666666666,0.9041666666666667,0.5,0.75,2,0.5982142857142857,0.9605654761904762,0.7678571428571429,1.0223214285714286,1.9642857142857142,
neutral_post_threshold,0,17,0.6666666666666666,0.9583333333333334,0.8583333333333333,0.625,1.75,2,0.609375,0.9404761904761905,0.7336309523809524,1.34375,2.357142857142857,
neutral_post_threshold,0,18,0.75,1.0,0.95,1.0,1.125,1,0.5714285714285714,0.9293154761904762,0.7217261904761905,1.0357142857142858,3.0357142857142856,
neutral_post_threshold,0,19,0.7291666666666666,0.9583333333333334,0.9208333333333333,1.0,1.25,1,0.5825892857142857,0.9360119047619048,0.8601190476190476,1.0491071428571428,2.357142857142857,
neutral_post_threshold,0,20,0.75,0.9583333333333334,0.9416666666666667,1.0,0.5,1,0.5930059523809524,0.9233630952380952,0.8482142857142857,1.1339285714285714,2.2142857142857144,
neutral_post_threshold,0,21,0.6875,0.9375,0.875,0.7916666666666666,1.125,3,0.5952380952380952,0.9151785714285714,0.7663690476190476,1.15625,2.25,
neutral_post_threshold,0,22,0.7083333333333334,0.875,0.8833333333333334,0.6666666666666666,1.0,3,0.5967261904761905,0.9032738095238095,0.8169642857142857,1.0803571428571428,2.607142857142857,
neutral_post_threshold,0,23,0.7083333333333334,0.9166666666666666,0.8916666666666667,1.0,1.25,1,0.6063988095238095,0.9129464285714286,0.8095238095238095,1.1160714285714286,2.7142857142857144,
neutral_post_threshold,0,24,0.7291666666666666,0.9583333333333334,0.9208333333333333,1.0,0.875,1,0.6019345238095238,0.8988095238095238,0.7976190476190476,1.1830357142857142,3.5714285714285716,
neutral_post_threshold,0,25,0.7083333333333334,0.9583333333333334,0.9,1.0,1.0,1,0.6063988095238095,0.921875,0.8035714285714286,1.2053571428571428,2.0,
neutral_post_threshold,0,26,0.7916666666666666,0.9166666666666666,0.975,1.0,1.125,1,0.6011904761904762,0.912202380952381,0.9375,1.2053571428571428,1.5,
neutral_post_threshold,0,27,0.75,0.9583333333333334,0.9416666666666667,1.0,1.0,1,0.6160714285714286,0.9017857142857143,0.8794642857142857,1.0982142857142858,1.9642857142857142,
neutral_post_threshold,0,28,0.8541666666666667,0.9166666666666667,1.0375,1.0,1.0,1,0.6681547619047619,0.9114583333333333,0.9032738095238095,1.2276785714285714,2.642857142857143,
neutral_post_threshold,0,29,0.8541666666666666,0.9375,1.0416666666666665,1.0,1.0,1,0.7061011904761905,0.8898809523809524,0.9404761904761905,1.1517857142857142,1.4642857142857142,28
neutral_post_threshold,0,30,0.8958333333333334,0.9583333333333334,1.0875000000000001,1.0,1.125,1,0.7083333333333333,0.8921130952380952,0.8660714285714286,1.1607142857142858,3.25,28
neutral_post_threshold,0,31,0.8541666666666666,0.9791666666666666,1.05,1.0,1.0,1,0.7232142857142857,0.9017857142857143,0.9345238095238095,1.3348214285714286,1.5357142857142858,28
neutral_post_threshold,0,32,0.8541666666666666,0.9375,1.0416666666666665,1.0,1.0,1,0.7001488095238095,0.8883928571428571,0.8273809523809524,1.2366071428571428,2.392857142857143,28
neutral_post_threshold,0,33,0.8541666666666666,0.9375,1.0416666666666665,1.0,1.5,1,0.709077380952381,0.9017857142857143,0.8705357142857143,1.2276785714285714,2.357142857142857,28
neutral_post_threshold,0,34,0.8541666666666666,0.9166666666666666,1.0375,1.0,1.5,1,0.7180059523809524,0.9151785714285714,0.8258928571428571,1.1919642857142858,2.4642857142857144,28
neutral_post_threshold,0,35,0.9166666666666666,0.9166666666666666,1.1,1.0,1.125,1,0.734375,0.8816964285714286,0.8258928571428571,1.2142857142857142,2.7857142857142856,28
neutral_post_threshold,0,36,0.9375,1.0,1.1375,1.0,1.125,1,0.7157738095238095,0.8913690476190476,0.7961309523809524,1.21875,3.607142857142857,28
neutral_post_threshold,0,37,0.9166666666666666,0.9583333333333334,1.1083333333333334,1.0,1.25,1,0.6956845238095238,0.8601190476190476,0.7529761904761905,1.1026785714285714,3.5714285714285716,28
neutral_post_threshold,0,38,0.8958333333333334,0.9583333333333334,1.0875000000000001,1.0,0.875,1,0.6822916666666667,0.8675595238095238,0.7604166666666667,1.3035714285714286,4.428571428571429,28
neutral_post_threshold,0,39,0.9375,0.9583333333333334,1.1291666666666667,1.0,2.0,1,0.7678571428571429,0.9084821428571429,0.8511904761904762,1.2901785714285714,5.535714285714286,28
neutral_post_threshold,0,40,0.9166666666666666,0.9375,1.1041666666666665,1.0,1.0,1,0.7380952380952381,0.8891369047619048,0.869047619047619,1.2053571428571428,3.8214285714285716,28
neutral_post_threshold,0,41,0.9583333333333334,0.9583333333333334,1.1500000000000001,1.0,0.875,1,0.7239583333333333,0.8831845238095238,0.9389880952380952,1.2544642857142858,2.4642857142857144,28
neutral_post_threshold,0,42,0.9375,1.0,1.1375,1.0,0.875,1,0.7760416666666667,0.9025297619047619,0.8973214285714286,1.2410714285714286,4.464285714285714,28
neutral_post_threshold,0,43,0.9375,1.0,1.1375,1.0,1.25,1,0.7611607142857143,0.9047619047619048,0.9360119047619048,1.3660714285714286,1.7857142857142858,28
neutral_post_threshold,0,44,0.9375,0.9583333333333334,1.1291666666666667,1.0,1.5,1,0.7514880952380952,0.9077380952380952,0.8348214285714286,1.1383928571428572,3.1785714285714284,28
neutral_post_threshold,0,45,0.9583333333333334,0.9791666666666666,1.1541666666666668,1.0,1.5,1,0.7745535714285714,0.9270833333333333,0.8854166666666667,1.1741071428571428,2.142857142857143,28
neutral_post_threshold,0,46,0.9166666666666666,0.9166666666666666,1.1,1.0,1.75,1,0.7395833333333333,0.9129464285714286,0.8883928571428571,1.2142857142857142,4.178571428571429,28
neutral_post_threshold,0,47,0.9375,0.9583333333333334,1.1291666666666667,1.0,1.0,1,0.7276785714285714,0.9002976190476192,0.9300595238095238,1.2455357142857142,1.7142857142857142,28
neutral_post_threshold,0,48,0.9375,1.0,1.1375,1.0,1.0,1,0.7663690476190476,0.915922619047619,0.8839285714285714,1.1919642857142858,3.357142857142857,28
neutral_post_threshold,0,49,0.9583333333333334,0.9583333333333334,1.1500000000000001,1.0,1.25,1,0.7723214285714286,0.9211309523809524,0.9077380952380952,1.0625,2.142857142857143,28
neutral_post_threshold,0,50,0.9375,1.0,1.1375,1.0,1.125,1,0.7529761904761905,0.915922619047619,0.8913690476190476,1.2991071428571428,2.7142857142857144,28
neutral_post_threshold,0,51,0.9375,1.0,1.1375,1.0,2.0,1,0.7991071428571429,0.9375,0.9419642857142857,1.1383928571428572,1.4642857142857142,28
neutral_post_threshold,0,52,0.9375,1.0,1.1375,1.0,1.375,1,0.8236607142857143,0.9516369047619048,0.9211309523809524,1.1517857142857142,2.4642857142857144,28
neutral_post_threshold,0,53,0.9791666666666666,0.9791666666666666,1.175,1.0,1.625,1,0.796875,0.9650297619047619,0.9494047619047619,1.0669642857142858,1.4285714285714286,28
neutral_post_threshold,0,54,0.9375,1.0,1.1375,1.0,1.875,1,0.818452380952381,0.9508928571428571,0.9523809523809524,1.0892857142857142,1.4285714285714286,28
neutral_post_threshold,0,55,0.9791666666666666,0.9791666666666666,1.175,1.0,1.25,1,0.8020833333333333,0.9367559523809524,0.9538690476190476,1.0892857142857142,1.8571428571428572,28
neutral_post_threshold,0,56,0.9375,1.0,1.1375,1.0,1.375,1,0.7693452380952381,0.9382440476190476,0.8645833333333333,1.1339285714285714,3.392857142857143,28
neutral_post_threshold,0,57,0.9583333333333334,0.9791666666666666,1.1541666666666668,1.0,1.125,1,0.8482142857142857,0.9635416666666667,0.9419642857142857,1.1071428571428572,1.9642857142857142,28
neutral_post_threshold,0,58,0.9583333333333334,0.9791666666666666,1.1541666666666668,1.0,0.75,1,0.7946428571428571,0.947172619047619,0.8958333333333333,1.0892857142857142,2.107142857142857,28
neutral_post_threshold,0,59,0.9791666666666666,0.9791666666666666,1.175,1.0,1.0,1,0.755952380952381,0.9367559523809524,0.9047619047619048,1.0625,2.9285714285714284,28
neutral_post_threshold,0,60,0.9791666666666666,0.9791666666666666,1.175,1.0,1.375,1,0.7938988095238095,0.9546130952380952,0.9508928571428571,1.09375,1.8214285714285714,28
neutral_post_threshold,0,61,0.9791666666666666,0.9791666666666666,1.175,1.0,1.0,1,0.828125,0.9494047619047619,0.9181547619047619,1.1741071428571428,1.9285714285714286,28
neutral_post_threshold,0,62,0.9791666666666666,0.9791666666666666,1.175,1.0,1.0,1,0.7529761904761905,0.9330357142857143,0.7976190476190476,1.2544642857142858,5.392857142857143,28
neutral_post_threshold,0,63,0.9583333333333334,0.9583333333333334,1.1500000000000001,1.0,1.375,1,0.7916666666666667,0.9352678571428571,0.8735119047619048,1.1473214285714286,2.5357142857142856,28
neutral_post_threshold,0,64,0.9791666666666666,0.9791666666666666,1.175,1.0,1.25,1,0.8117559523809524,0.9501488095238095,0.8630952380952381,1.2366071428571428,3.9285714285714284,28
neutral_post_threshold,0,65,0.9791666666666666,0.9791666666666666,1.175,1.0,1.0,1,0.8169642857142857,0.9508928571428571,0.8943452380952381,1.2366071428571428,3.1785714285714284,28
neutral_post_threshold,0,66,1.0,1.0,1.2,1.0,1.25,1,0.8333333333333333,0.9583333333333333,0.8660714285714286,1.1383928571428572,2.607142857142857,28
neutral_post_threshold,0,67,0.9791666666666666,0.9791666666666666,1.175,1.0,1.125,1,0.802827380952381,0.9419642857142857,0.8288690476190476,1.1919642857142858,3.3214285714285716,28
neutral_post_threshold,0,68,0.9791666666666666,0.9791666666666666,1.175,1.0,1.375,1,0.8206845238095238,0.9568452380952381,0.8913690476190476,1.1696428571428572,2.6785714285714284,28
neutral_post_threshold,1,0,0.5416666666666666,0.9791666666666666,0.7374999999999999,0.625,1.625,11,0.4836309523809524,0.869047619047619,0.6860119047619048,1.3258928571428572,5.25,
neutral_post_threshold,1,1,0.6041666666666666,0.8541666666666667,0.775,0.08333333333333333,1.25,6,0.5111607142857143,0.9151785714285714,0.6116071428571429,1.2544642857142858,6.285714285714286,
neutral_post_threshold,1,2,0.6458333333333334,0.9375,0.8333333333333334,1.0,1.0,1,0.527529761904762,0.9114583333333333,0.8050595238095238,1.3080357142857142,4.678571428571429,
neutral_post_threshold,1,3,0.6666666666666666,0.8541666666666666,0.8374999999999999,0.625,0.75,3,0.5416666666666666,0.8586309523809524,0.5788690476190476,1.3616071428571428,8.678571428571429,
neutral_post_threshold,1,4,0.7083333333333334,0.8333333333333334,0.875,0.7916666666666666,1.5,3,0.5319940476190477,0.8370535714285714,0.5907738095238095,1.2276785714285714,5.714285714285714,
neutral_post_threshold,1,5,0.6875,0.9583333333333334,0.8791666666666667,0.7916666666666666,1.5,3,0.5424107142857143,0.8296130952380952,0.6979166666666667,1.3080357142857142,7.321428571428571,
neutral_post_threshold,1,6,0.7291666666666666,0.875,0.9041666666666667,0.7916666666666666,1.125,4,0.5922619047619048,0.8519345238095238,0.78125,1.2946428571428572,3.5714285714285716,
neutral_post_threshold,1,7,0.7083333333333334,0.8958333333333334,0.8875000000000001,1.0,1.875,1,0.5930059523809524,0.875,0.7663690476190476,1.1964285714285714,4.107142857142857,
neutral_post_threshold,1,8,0.7083333333333334,0.8958333333333334,0.8875000000000001,1.0,1.625,1,0.6078869047619048,0.8995535714285714,0.8392857142857143,1.5178571428571428,3.7857142857142856,
neutral_post_threshold,1,9,0.7291666666666666,0.875,0.9041666666666667,0.7916666666666666,1.25,3,0.6242559523809524,0.9293154761904762,0.931547619047619,1.3303571428571428,2.2142857142857144,
neutral_post_threshold,1,10,0.75,0.9375,0.9375,0.7916666666666666,1.0,3,0.6130952380952381,0.9308035714285714,0.7693452380952381,1.2723214285714286,3.75,
neutral_post_threshold,1,11,0.6875,0.9375,0.875,0.875,1.875,3,0.6145833333333333,0.9233630952380952,0.7544642857142857,1.2723214285714286,4.035714285714286,
neutral_post_threshold,1,12,0.7083333333333334,0.9375,0.8958333333333334,0.7916666666666666,1.25,6,0.5982142857142857,0.912202380952381,0.7291666666666667,1.2232142857142858,5.214285714285714,
neutral_post_threshold,1,13,0.7083333333333334,0.9375,0.8958333333333334,1.0,1.375,1,0.5930059523809524,0.9077380952380952,0.6919642857142857,1.3660714285714286,7.214285714285714,
neutral_post_threshold,1,14,0.7083333333333334,0.9166666666666667,0.8916666666666667,1.0,1.625,1,0.5959821428571429,0.9330357142857143,0.7931547619047619,1.3258928571428572,3.7857142857142856,
neutral_post_threshold,1,15,0.7291666666666666,0.9375,0.9166666666666666,1.0,0.75,1,0.6227678571428571,0.9322916666666667,0.8541666666666667,1.2276785714285714,2.2857142857142856,
neutral_post_threshold,1,16,0.7083333333333334,0.9375,0.8958333333333334,1.0,1.625,1,0.6272321428571429,0.9263392857142857,0.7991071428571429,1.3616071428571428,4.75,
neutral_post_threshold,1,17,0.7083333333333334,0.9375,0.8958333333333334,0.75,1.625,5,0.6019345238095238,0.9211309523809524,0.7842261904761905,1.3392857142857142,4.714285714285714,
neutral_post_threshold,1,18,0.7291666666666666,0.9375,0.9166666666666666,1.0,1.375,1,0.6279761904761905,0.9263392857142857,0.8258928571428571,1.34375,4.071428571428571,
neutral_post_threshold,1,19,0.7083333333333334,0.9791666666666666,0.9041666666666667,1.0,2.0,1,0.6279761904761905,0.9345238095238095,0.8586309523809524,1.3214285714285714,4.0,
neutral_post_threshold,1,20,0.7083333333333334,0.9791666666666666,0.9041666666666667,1.0,1.125,1,0.6168154761904762,0.9352678571428571,0.7693452380952381,1.28125,3.1785714285714284,
neutral_post_threshold,1,21,0.7291666666666666,0.9375,0.9166666666666666,1.0,1.75,1,0.6272321428571429,0.9263392857142857,0.8199404761904762,1.2723214285714286,3.7142857142857144,
neutral_post_threshold,1,22,0.7291666666666666,0.9791666666666666,0.9249999999999999,1.0,1.5,1,0.6443452380952381,0.9293154761904762,0.7901785714285714,1.28125,3.6785714285714284,
neutral_post_threshold,1,23,0.7708333333333334,0.9791666666666666,0.9666666666666667,1.0,1.25,1,0.6413690476190476,0.9241071428571429,0.8169642857142857,1.2857142857142858,3.0,
neutral_post_threshold,1,24,0.7291666666666666,0.9791666666666666,0.9249999999999999,1.0,1.5,1,0.6383928571428571,0.9270833333333334,0.8080357142857143,1.4330357142857142,4.785714285714286,
neutral_post_threshold,1,25,0.7291666666666666,0.9166666666666667,0.9125,1.0,1.125,1,0.6123511904761905,0.9159226190476192,0.8229166666666667,1.3035714285714286,5.285714285714286,
neutral_post_threshold,1,26,0.7291666666666666,0.9583333333333334,0.9208333333333333,1.0,1.25,1,0.6175595238095238,0.9308035714285714,0.8928571428571429,1.3080357142857142,1.75,
neutral_post_threshold,1,27,0.7291666666666666,0.9166666666666667,0.9125,1.0,1.875,1,0.630952380952381,0.9077380952380952,0.806547619047619,1.2678571428571428,2.607142857142857,
neutral_post_threshold,1,28,0.7291666666666666,0.9791666666666666,0.9249999999999999,1.0,1.625,1,0.6450892857142857,0.9285714285714286,0.9479166666666667,1.34375,1.6428571428571428,
neutral_post_threshold,1,29,0.7291666666666666,0.9791666666666666,0.9249999999999999,1.0,1.125,1,0.6488095238095238,0.9635416666666667,0.9226190476190476,1.3526785714285714,2.107142857142857,
neutral_post_threshold,1,30,0.7291666666666666,0.9791666666666666,0.9249999999999999,1.0,0.625,1,0.6264880952380952,0.9456845238095238,0.9211309523809524,1.1830357142857142,1.6785714285714286,
neutral_post_threshold,1,31,0.7291666666666666,0.9791666666666666,0.9249999999999999,1.0,1.25,1,0.6376488095238095,0.9717261904761905,0.9196428571428571,1.2008928571428572,1.7857142857142858,
neutral_post_threshold,1,32,0.7291666666666666,0.9583333333333334,0.9208333333333333,1.0,1.5,1,0.6488095238095238,0.9568452380952381,0.9717261904761905,1.1607142857142858,1.2142857142857142,
neutral_post_threshold,1,33,0.7083333333333334,0.9791666666666666,0.9041666666666667,1.0,0.625,1,0.6316964285714286,0.9516369047619048,0.8913690476190476,1.1696428571428572,2.25,
neutral_post_threshold,1,34,0.7083333333333334,0.9791666666666666,0.9041666666666667,1.0,0.625,1,0.6443452380952381,0.9642857142857143,0.9255952380952381,1.2008928571428572,1.8571428571428572,
neutral_post_threshold,1,35,0.7083333333333334,0.9583333333333334,0.9,1.0,0.875,1,0.6361607142857143,0.9620535714285714,0.8839285714285714,1.0580357142857142,2.392857142857143,
neutral_post_threshold,1,36,0.75,1.0,0.95,0.625,0.625,3,0.6324404761904762,0.9523809523809524,0.8125,1.1741071428571428,2.607142857142857,
neutral_post_threshold,1,37,0.75,1.0,0.95,1.0,1.375,1,0.6302083333333333,0.9494047619047619,0.8541666666666667,1.1919642857142858,2.3214285714285716,
neutral_post_threshold,1,38,0.7083333333333334,0.9583333333333334,0.9,1.0,1.75,1,0.6257440476190476,0.9553571428571429,0.8348214285714286,1.2455357142857142,2.7142857142857144,
neutral_post_threshold,1,39,0.7083333333333334,0.9791666666666666,0.9041666666666667,0.875,1.125,3,0.6480654761904762,0.9828869047619048,0.9077380952380952,1.1696428571428572,2.75,
neutral_post_threshold,1,40,0.7708333333333334,0.9791666666666666,0.9666666666666667,1.0,1.0,1,0.6755952380952381,0.974702380952381,0.931547619047619,1.1160714285714286,2.2142857142857144,
neutral_post_threshold,1,41,0.75,1.0,0.95,1.0,1.125,1,0.646577380952381,0.9553571428571429,0.8675595238095238,1.1741071428571428,3.392857142857143,
neutral_post_threshold,1,42,0.75,1.0,0.95,1.0,1.125,1,0.6651785714285714,0.9702380952380952,0.9032738095238095,1.2276785714285714,3.0714285714285716,
neutral_post_threshold,1,43,0.7708333333333334,0.9791666666666666,0.9666666666666667,1.0,1.5,1,0.6674107142857143,0.953125,0.9211309523809524,1.125,1.8214285714285714,
neutral_post_threshold,1,44,0.75,1.0,0.95,1.0,1.625,1,0.6674107142857143,0.9464285714285714,0.7321428571428571,1.2008928571428572,3.7142857142857144,
neutral_post_threshold,1,45,0.75,1.0,0.95,1.0,1.75,1,0.6808035714285714,0.9665178571428571,0.9241071428571429,1.1875,1.5357142857142858,
neutral_post_threshold,1,46,0.7708333333333334,0.9791666666666666,0.9666666666666667,1.0,1.0,1,0.6614583333333333,0.9680059523809524,0.9241071428571429,1.2455357142857142,1.75,
neutral_post_threshold,1,47,0.75,1.0,0.95,1.0,1.5,1,0.6979166666666667,0.96875,0.931547619047619,1.3169642857142858,1.5,
neutral_post_threshold,1,48,0.75,1.0,0.95,1.0,1.125,1,0.6741071428571429,0.9575892857142857,0.9270833333333333,1.2008928571428572,2.3214285714285716,
neutral_post_threshold,1,49,0.7916666666666666,0.9791666666666666,0.9874999999999999,1.0,1.375,1,0.6979166666666667,0.9799107142857143,0.974702380952381,1.21875,1.5714285714285714,
neutral_post_threshold,1,50,0.8125,1.0,1.0125,1.0,2.0,1,0.6904761904761905,0.9657738095238095,0.9494047619047619,1.3660714285714286,1.7142857142857142,
neutral_post_threshold,1,51,0.8125,1.0,1.0125,1.0,1.25,1,0.6964285714285714,0.9546130952380952,0.9553571428571429,1.1607142857142858,1.7142857142857142,
neutral_post_threshold,1,52,0.8125,1.0,1.0125,1.0,0.75,1,0.7098214285714286,0.9806547619047619,0.9404761904761905,1.0982142857142858,1.3571428571428572,
neutral_post_threshold,1,53,0.8125,1.0,1.0125,1.0,0.875,1,0.7023809523809524,0.9717261904761905,0.8303571428571429,1.3839285714285714,3.7142857142857144,
neutral_post_threshold,1,54,0.8125,1.0,1.0125,1.0,1.5,1,0.709077380952381,0.9665178571428571,0.8854166666666667,1.3392857142857142,3.3214285714285716,
neutral_post_threshold,1,55,0.8125,1.0,1.0125,1.0,1.0,1,0.693452380952381,0.9657738095238095,0.90625,1.2723214285714286,2.142857142857143,
neutral_post_threshold,1,56,0.8125,1.0,1.0125,1.0,1.625,1,0.7172619047619048,0.9709821428571429,0.9017857142857143,1.2232142857142858,2.2857142857142856,
neutral_post_threshold,1,57,0.875,1.0,1.075,1.0,1.5,1,0.734375,0.959077380952381,0.8645833333333333,1.28125,3.0714285714285716,
neutral_post_threshold,1,58,0.875,1.0,1.075,1.0,1.625,1,0.7552083333333333,0.9665178571428571,0.8794642857142857,1.2232142857142858,4.107142857142857,57
neutral_post_threshold,1,59,0.875,1.0,1.075,1.0,0.875,1,0.7648809523809524,0.9776785714285714,0.9464285714285714,1.1294642857142858,1.3928571428571428,57
neutral_post_threshold,1,60,0.875,1.0,1.075,1.0,0.875,1,0.7380952380952381,0.9665178571428571,0.8482142857142857,1.1428571428571428,5.428571428571429,57
neutral_post_threshold,1,61,0.875,1.0,1.075,1.0,0.75,1,0.7321428571428571,0.9694940476190476,0.9449404761904762,1.0803571428571428,2.0714285714285716,57
neutral_post_threshold,1,62,0.875,1.0,1.075,1.0,2.0,1,0.7276785714285714,0.9598214285714286,0.8779761904761905,1.1473214285714286,2.25,57
neutral_post_threshold,1,63,0.875,1.0,1.075,1.0,0.75,1,0.771577380952381,0.9799107142857143,0.8675595238095238,1.2901785714285714,3.6785714285714284,57
neutral_post_threshold,1,64,0.875,1.0,1.075,1.0,1.625,1,0.7834821428571429,0.9680059523809524,0.8735119047619048,1.3080357142857142,2.6785714285714284,57
neutral_post_threshold,1,65,0.875,1.0,1.075,1.0,1.25,1,0.8013392857142857,0.9851190476190476,0.8794642857142857,1.1071428571428572,2.0357142857142856,57
neutral_post_threshold,1,66,0.875,1.0,1.075,1.0,1.125,1,0.8318452380952381,0.9873511904761905,0.9211309523809524,1.1517857142857142,1.75,57
neutral_post_threshold,1,67,0.875,1.0,1.075,1.0,1.0,1,0.7589285714285714,0.9732142857142857,0.9136904761904762,1.1294642857142858,2.357142857142857,57
neutral_post_threshold,1,68,0.875,1.0,1.075,1.0,0.5,1,0.7380952380952381,0.9821428571428571,0.8333333333333333,1.2678571428571428,3.0714285714285716,57
neutral_post_threshold,1,69,0.875,1.0,1.075,1.0,1.0,1,0.7797619047619048,0.9739583333333333,0.8973214285714286,1.2008928571428572,2.392857142857143,57
neutral_post_threshold,1,70,0.875,1.0,1.075,1.0,1.25,1,0.7894345238095238,0.9635416666666667,0.71875,1.2544642857142858,5.607142857142857,57
neutral_post_threshold,1,71,0.875,1.0,1.075,1.0,1.0,1,0.8273809523809524,0.9739583333333333,0.8571428571428571,1.2455357142857142,2.7857142857142856,57
neutral_post_threshold,1,72,0.875,1.0,1.075,1.0,1.375,1,0.7901785714285714,0.9791666666666667,0.9047619047619048,1.2946428571428572,2.5,57
neutral_post_threshold,1,73,0.875,1.0,1.075,1.0,1.25,1,0.8058035714285714,0.9866071428571429,0.9404761904761905,1.25,1.9285714285714286,57
neutral_post_threshold,1,74,0.875,1.0,1.075,1.0,1.5,1,0.7544642857142857,0.9680059523809524,0.8898809523809524,1.2142857142857142,2.7142857142857144,57
neutral_post_threshold,1,75,0.875,1.0,1.075,1.0,1.25,1,0.78125,0.9791666666666667,0.9032738095238095,1.0758928571428572,2.9642857142857144,57
neutral_post_threshold,1,76,0.875,1.0,1.075,1.0,1.25,1,0.7901785714285714,0.9709821428571429,0.9404761904761905,1.1339285714285714,2.107142857142857,57
neutral_post_threshold,1,77,0.875,1.0,1.075,1.0,0.875,1,0.7819940476190476,0.974702380952381,0.9092261904761905,1.0803571428571428,2.6785714285714284,57
neutral_post_threshold,1,78,0.875,1.0,1.075,1.0,1.0,1,0.755952380952381,0.9620535714285714,0.8571428571428571,1.1785714285714286,3.142857142857143,57
neutral_post_threshold,1,79,0.875,1.0,1.075,1.0,0.625,1,0.7767857142857143,0.9657738095238095,0.8794642857142857,1.125,2.607142857142857,57
neutral_post_threshold,2,0,0.625,0.9375,0.8125,0.875,1.25,2,0.5148809523809523,0.8519345238095238,0.5520833333333334,1.2946428571428572,7.357142857142857,
neutral_post_threshold,2,1,0.6666666666666666,0.875,0.8416666666666667,1.0,1.875,1,0.5714285714285714,0.8831845238095238,0.681547619047619,1.1919642857142858,5.607142857142857,
neutral_post_threshold,2,2,0.6875,0.9583333333333334,0.8791666666666667,1.0,1.0,1,0.584077380952381,0.9055059523809524,0.8214285714285714,1.3035714285714286,2.357142857142857,
neutral_post_threshold,2,3,0.7708333333333334,0.9166666666666666,0.9541666666666667,1.0,0.625,1,0.6160714285714286,0.9174107142857143,0.9419642857142857,1.09375,1.6785714285714286,
neutral_post_threshold,2,4,0.6875,1.0,0.8875,0.5,0.875,2,0.6101190476190476,0.915922619047619,0.880952380952381,1.2544642857142858,3.107142857142857,
neutral_post_threshold,2,5,0.6666666666666666,0.9791666666666666,0.8624999999999999,0.5,1.125,2,0.5863095238095238,0.9233630952380952,0.8020833333333333,1.4151785714285714,2.892857142857143,
neutral_post_threshold,2,6,0.7083333333333334,0.9791666666666666,0.9041666666666667,0.4583333333333333,1.5,2,0.6450892857142857,0.96875,0.7946428571428571,1.1696428571428572,1.5714285714285714,
neutral_post_threshold,2,7,0.75,0.9583333333333334,0.9416666666666667,0.4583333333333333,2.625,2,0.6577380952380952,0.9561011904761905,0.7306547619047619,1.2366071428571428,1.5714285714285714,
neutral_post_threshold,2,8,0.7708333333333334,0.9166666666666667,0.9541666666666667,1.0,0.75,1,0.665922619047619,0.9412202380952381,0.6755952380952381,1.2723214285714286,3.7857142857142856,
neutral_post_threshold,2,9,0.8125,0.9375,1.0,1.0,1.875,1,0.6681547619047619,0.9077380952380952,0.6979166666666667,1.2053571428571428,3.7142857142857144,
neutral_post_threshold,2,10,0.7916666666666666,0.9166666666666667,0.975,1.0,1.375,1,0.6808035714285714,0.921875,0.8526785714285714,1.2678571428571428,2.0357142857142856,
neutral_post_threshold,2,11,0.8125,0.9583333333333334,1.0041666666666667,0.4583333333333333,0.875,2,0.6927083333333333,0.9241071428571429,0.7217261904761905,1.28125,2.4642857142857144,
neutral_post_threshold,2,12,0.8541666666666666,0.9791666666666666,1.05,0.5416666666666666,0.875,2,0.6867559523809524,0.921875,0.5833333333333333,1.2633928571428572,2.857142857142857,
neutral_post_threshold,2,13,0.8541666666666666,0.9791666666666666,1.05,0.5416666666666666,1.75,2,0.7544642857142857,0.9382440476190476,0.6056547619047619,1.2321428571428572,2.0,12
neutral_post_threshold,2,14,0.875,1.0,1.075,0.5416666666666666,0.875,2,0.7351190476190476,0.9397321428571429,0.6413690476190476,1.40625,3.2142857142857144,12
neutral_post_threshold,2,15,0.875,1.0,1.075,1.0,1.375,1,0.7633928571428571,0.9561011904761905,0.7901785714285714,1.3839285714285714,1.8571428571428572,12
neutral_post_threshold,2,16,0.875,1.0,1.075,1.0,0.75,1,0.7775297619047619,0.9717261904761905,0.8869047619047619,1.2723214285714286,2.0357142857142856,12
neutral_post_threshold,2,17,0.875,1.0,1.075,1.0,0.875,1,0.8199404761904762,0.9813988095238095,0.875,1.2857142857142858,2.25,12
neutral_post_threshold,2,18,0.875,1.0,1.075,1.0,1.0,1,0.7700892857142857,0.9828869047619048,0.8869047619047619,1.3705357142857142,2.0357142857142856,12
neutral_post_threshold,2,19,0.875,1.0,1.075,1.0,1.125,1,0.7938988095238095,0.978422619047619,0.8080357142857143,1.21875,5.25,12
neutral_post_threshold,2,20,0.875,1.0,1.075,1.0,1.875,1,0.7938988095238095,0.9732142857142857,0.8125,1.2232142857142858,3.1785714285714284,12
neutral_post_threshold,2,21,0.875,1.0,1.075,1.0,0.75,1,0.7529761904761905,0.9523809523809524,0.7157738095238095,1.3125,6.535714285714286,12
neutral_post_threshold,2,22,0.875,1.0,1.075,1.0,1.5,1,0.7782738095238095,0.9799107142857143,0.9181547619047619,1.2991071428571428,2.892857142857143,12
neutral_post_threshold,2,23,0.875,1.0,1.075,1.0,1.25,1,0.7760416666666667,0.9739583333333333,0.8779761904761905,1.3303571428571428,2.6785714285714284,12
neutral_post_threshold,2,24,0.875,1.0,1.075,1.0,0.875,1,0.7723214285714286,0.9880952380952381,0.869047619047619,1.1875,3.3214285714285716,12
neutral_post_threshold,2,25,0.875,1.0,1.075,1.0,1.625,1,0.818452380952381,0.9821428571428571,0.9345238095238095,1.4151785714285714,2.392857142857143,12
neutral_post_threshold,2,26,0.875,1.0,1.075,1.0,1.25,1,0.8020833333333333,0.9821428571428571,0.8764880952380952,1.3482142857142858,2.1785714285714284,12
neutral_post_threshold,2,27,0.875,1.0,1.075,1.0,1.125,1,0.7678571428571429,0.9754464285714286,0.8824404761904762,1.3616071428571428,3.25,12
neutral_post_threshold,2,28,0.875,1.0,1.075,1.0,1.25,1,0.7611607142857143,0.9709821428571429,0.9211309523809524,1.3839285714285714,1.7142857142857142,12
neutral_post_threshold,2,29,0.875,1.0,1.075,1.0,1.5,1,0.7514880952380952,0.962797619047619,0.9494047619047619,1.2053571428571428,2.3214285714285716,12
neutral_post_threshold,2,30,0.875,1.0,1.075,1.0,1.5,1,0.7886904761904762,0.9732142857142857,0.8586309523809524,1.4285714285714286,3.5357142857142856,12
neutral_post_threshold,2,31,0.875,1.0,1.075,1.0,0.5,1,0.7760416666666667,0.9761904761904762,0.8883928571428571,1.4642857142857142,2.642857142857143,12
neutral_post_threshold,2,32,0.875,1.0,1.075,1.0,1.375,1,0.7931547619047619,0.9739583333333333,0.8363095238095238,1.4375,4.535714285714286,12
neutral_post_threshold,2,33,0.875,1.0,1.075,1.0,1.125,1,0.759672619047619,0.9613095238095238,0.8214285714285714,1.3125,4.285714285714286,12
neutral_post_threshold,2,34,0.875,1.0,1.075,1.0,1.25,1,0.8102678571428571,0.9709821428571429,0.880952380952381,1.3571428571428572,2.142857142857143,12
neutral_post_threshold,2,35,0.875,1.0,1.075,1.0,2.625,1,0.8102678571428571,0.9806547619047619,0.90625,1.5580357142857142,2.0714285714285716,12
neutral_post_threshold,2,36,0.875,1.0,1.075,1.0,1.25,1,0.7961309523809524,0.9769345238095238,0.9077380952380952,1.1473214285714286,2.5,12
neutral_post_threshold,2,37,0.875,1.0,1.075,1.0,1.625,1,0.7760416666666667,0.9732142857142857,0.9017857142857143,1.2678571428571428,2.4285714285714284,12
neutral_post_threshold,2,38,0.875,1.0,1.075,1.0,1.25,1,0.787202380952381,0.9680059523809524,0.8839285714285714,1.3080357142857142,2.0,12
neutral_post_threshold,2,39,0.875,1.0,1.075,1.0,1.0,1,0.8117559523809524,0.9776785714285714,0.8824404761904762,1.25,2.75,12
neutral_post_threshold,2,40,0.875,1.0,1.075,1.0,0.75,1,0.8087797619047619,0.9732142857142857,0.8541666666666667,1.3616071428571428,3.5357142857142856,12
neutral_post_threshold,2,41,0.875,1.0,1.075,1.0,0.625,1,0.8147321428571429,0.984375,0.9553571428571429,1.4241071428571428,1.5357142857142858,12
neutral_post_threshold,2,42,0.875,1.0,1.075,1.0,1.75,1,0.7805059523809524,0.9657738095238095,0.8333333333333333,1.375,3.0357142857142856,12
neutral_post_threshold,2,43,0.8958333333333334,0.9791666666666666,1.0916666666666668,1.0,1.5,1,0.7901785714285714,0.974702380952381,0.8229166666666667,1.4910714285714286,4.357142857142857,12
neutral_post_threshold,2,44,0.8958333333333334,0.9791666666666666,1.0916666666666668,1.0,0.875,1,0.7991071428571429,0.9799107142857143,0.9494047619047619,1.3258928571428572,1.6428571428571428,12
neutral_post_threshold,2,45,0.9166666666666666,0.9791666666666666,1.1125,1.0,1.625,1,0.8020833333333333,0.9866071428571429,0.9583333333333333,1.4330357142857142,1.5357142857142858,12
neutral_post_threshold,2,46,0.8958333333333334,0.9791666666666666,1.0916666666666668,1.0,2.375,1,0.765625,0.9732142857142857,0.9419642857142857,1.25,1.4285714285714286,12
neutral_post_threshold,2,47,0.8958333333333334,0.9583333333333334,1.0875000000000001,1.0,0.875,1,0.7849702380952381,0.962797619047619,0.84375,1.3035714285714286,3.9285714285714284,12
neutral_post_threshold,2,48,0.9166666666666666,0.9791666666666666,1.1125,1.0,1.5,1,0.7328869047619048,0.9575892857142857,0.9136904761904762,1.2410714285714286,2.3214285714285716,12
neutral_post_threshold,2,49,0.9166666666666666,0.9791666666666666,1.1125,0.9583333333333334,1.0,2,0.7938988095238095,0.9523809523809524,0.9255952380952381,1.1919642857142858,1.6071428571428572,12
neutral_post_threshold,2,50,0.9375,1.0,1.1375,0.9583333333333334,0.625,2,0.7827380952380952,0.9702380952380952,0.9449404761904762,1.3571428571428572,1.8928571428571428,12
neutral_post_threshold,2,51,0.9375,1.0,1.1375,0.9583333333333334,2.125,2,0.7700892857142857,0.9598214285714286,0.9151785714285714,1.21875,2.0357142857142856,12
neutral_post_threshold,2,52,0.9375,1.0,1.1375,0.9583333333333334,1.25,2,0.7328869047619048,0.9538690476190476,0.9047619047619048,1.4642857142857142,2.357142857142857,12
neutral_post_threshold,3,0,0.6666666666666666,0.9791666666666666,0.8624999999999999,0.7083333333333334,1.375,4,0.4970238095238095,0.8638392857142857,0.47023809523809523,1.4330357142857142,8.107142857142858,
neutral_post_threshold,3,1,0.6666666666666666,0.9375,0.8541666666666666,0.3333333333333333,1.125,14,0.5491071428571429,0.8876488095238095,0.5223214285714286,1.1696428571428572,11.035714285714286,
neutral_post_threshold,3,2,0.6666666666666666,0.9375,0.8541666666666666,0.4166666666666667,0.875,5,0.5922619047619048,0.9375,0.6264880952380952,1.1785714285714286,7.035714285714286,
neutral_post_threshold,3,3,0.6875,0.8958333333333334,0.8666666666666667,1.0,1.25,1,0.609375,0.9553571428571429,0.7366071428571429,1.0714285714285714,6.178571428571429,
neutral_post_threshold,3,4,0.6875,1.0,0.8875,1.0,1.125,1,0.6130952380952381,0.9501488095238095,0.8095238095238095,0.9866071428571429,3.357142857142857,
neutral_post_threshold,3,5,0.6875,1.0,0.8875,1.0,0.875,1,0.6175595238095238,0.9583333333333333,0.7723214285714286,1.0178571428571428,4.178571428571429,
neutral_post_threshold,3,6,0.6875,1.0,0.8875,1.0,0.625,1,0.6294642857142857,0.962797619047619,0.7410714285714286,1.0446428571428572,4.714285714285714,
neutral_post_threshold,3,7,0.7291666666666666,0.9166666666666667,0.9125,0.5416666666666666,1.375,4,0.65625,0.9717261904761905,0.8452380952380952,1.0044642857142858,2.357142857142857,
neutral_post_threshold,3,8,0.75,1.0,0.95,1.0,1.875,1,0.6577380952380952,0.9553571428571429,0.7291666666666667,1.0625,3.392857142857143,
neutral_post_threshold,3,9,0.75,1.0,0.95,1.0,0.875,1,0.6510416666666667,0.9821428571428571,0.8988095238095238,1.0044642857142858,1.6428571428571428,
neutral_post_threshold,3,10,0.75,1.0,0.95,1.0,1.0,1,0.6822916666666667,0.9895833333333333,0.8988095238095238,1.1517857142857142,1.6071428571428572,
neutral_post_threshold,3,11,0.75,1.0,0.95,1.0,0.375,1,0.6852678571428571,0.9858630952380952,0.9196428571428571,1.0491071428571428,1.6428571428571428,
neutral_post_threshold,3,12,0.75,1.0,0.95,1.0,1.25,1,0.6763392857142857,0.9962797619047619,0.8735119047619048,1.1428571428571428,2.0357142857142856,
neutral_post_threshold,3,13,0.75,1.0,0.95,1.0,1.125,1,0.7157738095238095,0.9947916666666667,0.90625,1.0,1.8571428571428572,
neutral_post_threshold,3,14,0.75,1.0,0.95,1.0,1.5,1,0.671875,0.9873511904761905,0.8928571428571429,1.125,2.25,
neutral_post_threshold,3,15,0.8125,0.9583333333333334,1.0041666666666667,1.0,1.875,1,0.6852678571428571,0.9866071428571429,0.8943452380952381,1.1428571428571428,2.25,
neutral_post_threshold,3,16,0.8333333333333334,0.9791666666666666,1.0291666666666668,1.0,0.875,1,0.697172619047619,0.9947916666666667,0.9479166666666667,1.1428571428571428,1.6071428571428572,
neutral_post_threshold,3,17,0.7916666666666666,0.9791666666666666,0.9874999999999999,1.0,1.375,1,0.7038690476190476,0.9866071428571429,0.9598214285714286,1.25,1.4285714285714286,
neutral_post_threshold,3,18,0.8541666666666666,0.9791666666666666,1.05,1.0,0.75,1,0.7150297619047619,0.9761904761904762,0.9017857142857143,1.0178571428571428,1.7857142857142858,
neutral_post_threshold,3,19,0.875,1.0,1.075,1.0,1.25,1,0.7723214285714286,0.9806547619047619,0.8467261904761905,1.2410714285714286,2.9285714285714284,18
neutral_post_threshold,3,20,0.875,1.0,1.075,1.0,0.75,1,0.7983630952380952,0.9851190476190476,0.8869047619047619,1.2276785714285714,1.8214285714285714,18
neutral_post_threshold,3,21,0.875,1.0,1.075,1.0,1.0,1,0.775297619047619,0.978422619047619,0.787202380952381,1.1875,2.7142857142857144,18
neutral_post_threshold,3,22,0.875,1.0,1.075,1.0,1.625,1,0.7723214285714286,0.978422619047619,0.8779761904761905,1.2321428571428572,2.2857142857142856,18
neutral_post_threshold,3,23,0.875,1.0,1.075,1.0,0.875,1,0.78125,0.9813988095238095,0.84375,1.1696428571428572,3.0714285714285716,18
neutral_post_threshold,3,24,0.875,1.0,1.075,1.0,1.375,1,0.8072916666666667,0.990327380952381,0.8645833333333333,1.28125,2.107142857142857,18
neutral_post_threshold,3,25,0.875,1.0,1.075,1.0,0.5,1,0.78125,0.9813988095238095,0.8422619047619048,1.2410714285714286,2.7142857142857144,18
neutral_post_threshold,3,26,0.875,1.0,1.075,1.0,0.25,1,0.7842261904761905,0.9813988095238095,0.90625,1.0982142857142858,1.75,18
neutral_post_threshold,3,27,0.875,1.0,1.075,1.0,1.375,1,0.7834821428571429,0.9828869047619048,0.8839285714285714,1.1919642857142858,1.7857142857142858,18
neutral_post_threshold,3,28,0.875,1.0,1.075,1.0,1.625,1,0.8020833333333333,0.990327380952381,0.8988095238095238,1.1026785714285714,1.8571428571428572,18
neutral_post_threshold,3,29,0.875,1.0,1.075,1.0,0.875,1,0.8013392857142857,0.9836309523809524,0.8675595238095238,1.2276785714285714,1.8928571428571428,18
neutral_post_threshold,3,30,0.875,1.0,1.075,1.0,1.125,1,0.8005952380952381,0.9799107142857143,0.9389880952380952,1.0892857142857142,1.5357142857142858,18
neutral_post_threshold,3,31,0.875,1.0,1.075,1.0,1.0,1,0.8229166666666667,0.9813988095238095,0.8645833333333333,0.9508928571428571,3.142857142857143,18
neutral_post_threshold,3,32,0.875,1.0,1.075,1.0,0.875,1,0.8072916666666667,0.9821428571428571,0.8407738095238095,1.1428571428571428,2.8214285714285716,18
neutral_post_threshold,3,33,0.875,1.0,1.075,1.0,1.0,1,0.7879464285714286,0.9858630952380952,0.8645833333333333,1.2232142857142858,2.5,18
neutral_post_threshold,3,34,0.875,1.0,1.075,1.0,1.125,1,0.790922619047619,0.9880952380952381,0.8616071428571429,1.1919642857142858,4.714285714285714,18
neutral_post_threshold,3,35,0.875,1.0,1.075,1.0,0.625,1,0.7819940476190476,0.9933035714285714,0.8958333333333333,1.0580357142857142,2.9285714285714284,18
neutral_post_threshold,3,36,0.875,1.0,1.075,1.0,1.0,1,0.8005952380952381,0.9933035714285714,0.9196428571428571,1.2098214285714286,2.25,18
neutral_post_threshold,3,37,0.8958333333333334,0.9791666666666666,1.0916666666666668,1.0,0.5,1,0.8117559523809524,0.9895833333333333,0.9166666666666667,1.1026785714285714,2.5,18
neutral_post_threshold,3,38,0.875,1.0,1.075,1.0,1.25,1,0.7938988095238095,0.9680059523809524,0.8794642857142857,1.125,1.9285714285714286,18
neutral_post_threshold,3,39,0.875,1.0,1.075,1.0,1.25,1,0.8147321428571429,0.9806547619047619,0.8839285714285714,1.2098214285714286,2.2142857142857144,18
neutral_post_threshold,3,40,0.875,1.0,1.075,1.0,1.625,1,0.8117559523809524,0.9799107142857143,0.8452380952380952,1.1116071428571428,2.7857142857142856,18
neutral_post_threshold,3,41,0.875,1.0,1.075,1.0,0.875,1,0.7805059523809524,0.9813988095238095,0.7961309523809524,1.2455357142857142,3.5,18
neutral_post_threshold,3,42,0.875,1.0,1.075,1.0,1.125,1,0.7574404761904762,0.974702380952381,0.7157738095238095,1.1294642857142858,4.285714285714286,18
neutral_post_threshold,3,43,0.875,1.0,1.075,1.0,1.125,1,0.822172619047619,0.9985119047619048,0.9285714285714286,1.2723214285714286,1.7857142857142858,18
neutral_post_threshold,3,44,0.875,1.0,1.075,1.0,1.625,1,0.7991071428571429,0.9813988095238095,0.8407738095238095,1.25,2.75,18
neutral_post_threshold,3,45,0.875,1.0,1.075,1.0,2.125,1,0.7946428571428571,0.990327380952381,0.818452380952381,1.375,3.7142857142857144,18
neutral_post_threshold,3,46,0.875,1.0,1.075,1.0,1.625,1,0.8035714285714286,0.9799107142857143,0.75,1.3571428571428572,5.178571428571429,18
neutral_post_threshold,3,47,0.875,1.0,1.075,1.0,1.375,1,0.806547619047619,0.9910714285714286,0.8928571428571429,1.1875,3.392857142857143,18
neutral_post_threshold,3,48,0.875,1.0,1.075,1.0,1.25,1,0.7961309523809524,0.990327380952381,0.9360119047619048,1.1964285714285714,1.8571428571428572,18
neutral_post_threshold,3,49,0.875,1.0,1.075,1.0,0.875,1,0.7834821428571429,0.994047619047619,0.9806547619047619,1.3125,1.3571428571428572,18
neutral_post_threshold,3,50,0.875,1.0,1.075,1.0,1.625,1,0.7983630952380952,0.9880952380952381,0.9389880952380952,1.2455357142857142,2.0357142857142856,18
neutral_post_threshold,3,51,0.875,1.0,1.075,1.0,1.125,1,0.8177083333333333,0.9947916666666667,0.9389880952380952,1.25,1.8214285714285714,18
neutral_post_threshold,3,52,0.875,1.0,1.075,1.0,1.25,1,0.7961309523809524,0.978422619047619,0.8764880952380952,1.1116071428571428,2.0357142857142856,18
neutral_post_threshold,3,53,0.875,1.0,1.075,1.0,1.25,1,0.8080357142857143,0.9851190476190476,0.9151785714285714,1.1651785714285714,2.357142857142857,18
neutral_post_threshold,3,54,0.875,1.0,1.075,1.0,0.625,1,0.8087797619047619,0.9754464285714286,0.8392857142857143,1.125,3.1785714285714284,18
neutral_post_threshold,3,55,0.875,1.0,1.075,1.0,1.0,1,0.8072916666666667,0.9836309523809524,0.8973214285714286,1.2767857142857142,2.7857142857142856,18
neutral_post_threshold,3,56,0.875,1.0,1.075,1.0,1.125,1,0.7901785714285714,0.9739583333333333,0.9077380952380952,1.2366071428571428,2.2142857142857144,18
neutral_post_threshold,3,57,0.875,1.0,1.075,1.0,1.625,1,0.8206845238095238,0.984375,0.8943452380952381,1.3526785714285714,2.0714285714285716,18
neutral_post_threshold,3,58,0.875,1.0,1.075,1.0,1.25,1,0.8177083333333333,0.9880952380952381,0.9032738095238095,1.2544642857142858,2.607142857142857,18
neutral_post_threshold,4,0,0.7083333333333334,0.8958333333333334,0.8875000000000001,1.0,1.125,1,0.4769345238095238,0.8772321428571429,0.6011904761904762,1.2232142857142858,7.071428571428571,
neutral_post_threshold,4,1,0.5833333333333334,0.8125,0.7458333333333333,0.16666666666666666,1.625,56,0.49776785714285715,0.9077380952380952,0.5952380952380952,1.1964285714285714,7.857142857142857,
neutral_post_threshold,4,2,0.6875,0.7708333333333333,0.8416666666666667,0.25,1.375,9,0.5282738095238095,0.875,0.38839285714285715,1.2142857142857142,15.75,
neutral_post_threshold,4,3,0.7083333333333334,0.8333333333333334,0.875,0.25,2.0,8,0.5825892857142857,0.818452380952381,0.3244047619047619,1.2991071428571428,18.464285714285715,
neutral_post_threshold,4,4,0.7083333333333334,0.8125,0.8708333333333333,0.4166666666666667,1.0,11,0.5811011904761905,0.8415178571428571,0.26785714285714285,1.2142857142857142,19.285714285714285,
neutral_post_threshold,4,5,0.75,0.8333333333333334,0.9166666666666667,0.5833333333333334,0.75,5,0.5803571428571429,0.8430059523809524,0.3675595238095238,1.3705357142857142,10.821428571428571,
neutral_post_threshold,4,6,0.75,0.9375,0.9375,0.5416666666666666,0.875,3,0.6019345238095238,0.8638392857142857,0.5625,1.0669642857142858,7.392857142857143,
neutral_post_threshold,4,7,0.7708333333333334,0.8333333333333334,0.9375,0.25,1.625,5,0.6138392857142857,0.8697916666666667,0.5654761904761905,1.3526785714285714,5.107142857142857,
neutral_post_threshold,4,8,0.75,0.8958333333333334,0.9291666666666667,0.25,2.5,5,0.6555059523809524,0.8712797619047619,0.5252976190476191,1.2098214285714286,4.964285714285714,
neutral_post_threshold,4,9,0.7708333333333334,0.875,0.9458333333333334,0.5416666666666666,2.875,2,0.665922619047619,0.884672619047619,0.587797619047619,1.3303571428571428,3.6785714285714284,
neutral_post_threshold,4,10,0.7708333333333334,0.8958333333333334,0.9500000000000001,0.2916666666666667,1.0,4,0.6569940476190476,0.9166666666666667,0.6547619047619048,1.2544642857142858,4.035714285714286,
neutral_post_threshold,4,11,0.7291666666666666,0.9791666666666666,0.9249999999999999,0.9166666666666666,1.25,4,0.6651785714285714,0.9166666666666667,0.6473214285714286,1.2321428571428572,4.178571428571429,
neutral_post_threshold,4,12,0.75,1.0,0.95,0.875,0.625,4,0.6763392857142857,0.9345238095238095,0.6696428571428571,1.2008928571428572,5.214285714285714,
neutral_post_threshold,4,13,0.8125,1.0,1.0125,0.875,0.75,2,0.6994047619047619,0.9620535714285714,0.7693452380952381,1.2232142857142858,4.178571428571429,
neutral_post_threshold,4,14,0.875,1.0,1.075,0.9166666666666666,0.75,2,0.7180059523809524,0.9561011904761905,0.6919642857142857,1.1830357142857142,6.821428571428571,
neutral_post_threshold,4,15,0.875,1.0,1.075,0.9166666666666666,1.25,2,0.7321428571428571,0.962797619047619,0.8660714285714286,1.2008928571428572,2.357142857142857,14
neutral_post_threshold,4,16,0.875,1.0,1.075,0.9166666666666666,1.25,2,0.7388392857142857,0.9546130952380952,0.8616071428571429,1.2991071428571428,2.142857142857143,14
neutral_post_threshold,4,17,0.875,1.0,1.075,0.9166666666666666,1.0,2,0.8020833333333333,0.9680059523809524,0.8898809523809524,1.1875,2.142857142857143,14
neutral_post_threshold,4,18,0.875,1.0,1.075,0.9166666666666666,1.125,2,0.7797619047619048,0.974702380952381,0.8869047619047619,1.1160714285714286,2.107142857142857,14
neutral_post_threshold,4,19,0.875,1.0,1.075,0.9583333333333334,1.125,2,0.7641369047619048,0.978422619047619,0.8973214285714286,0.9464285714285714,2.0357142857142856,14
neutral_post_threshold,4,20,0.875,1.0,1.075,0.9583333333333334,0.625,2,0.771577380952381,0.9813988095238095,0.8988095238095238,1.0714285714285714,2.1785714285714284,14
neutral_post_threshold,4,21,0.875,1.0,1.075,0.9583333333333334,1.375,2,0.7931547619047619,0.9724702380952381,0.8928571428571429,1.2410714285714286,2.0,14
neutral_post_threshold,4,22,0.875,1.0,1.075,0.9166666666666666,0.75,2,0.7641369047619048,0.9769345238095238,0.849702380952381,1.2098214285714286,2.7142857142857144,14
neutral_post_threshold,4,23,0.875,1.0,1.075,0.9166666666666666,0.875,2,0.7514880952380952,0.9709821428571429,0.8407738095238095,1.1383928571428572,2.357142857142857,14
neutral_post_threshold,4,24,0.875,1.0,1.075,0.875,1.25,2,0.7842261904761905,0.9635416666666667,0.8913690476190476,1.1160714285714286,2.2857142857142856,14
neutral_post_threshold,4,25,0.875,1.0,1.075,0.875,1.0,2,0.818452380952381,0.9806547619047619,0.8705357142857143,1.125,2.2142857142857144,14
neutral_post_threshold,4,26,0.875,1.0,1.075,0.875,1.375,2,0.7827380952380952,0.9605654761904762,0.8764880952380952,1.0714285714285714,2.0714285714285716,14
neutral_post_threshold,4,27,0.875,1.0,1.075,0.875,0.75,2,0.7693452380952381,0.959077380952381,0.8199404761904762,1.1339285714285714,2.5714285714285716,14
neutral_post_threshold,4,28,0.875,1.0,1.075,0.875,0.875,2,0.7619047619047619,0.9680059523809524,0.8779761904761905,1.0892857142857142,2.1785714285714284,14
neutral_post_threshold,4,29,0.875,1.0,1.075,0.875,1.625,2,0.7418154761904762,0.9761904761904762,0.8943452380952381,1.0803571428571428,1.9285714285714286,14
neutral_post_threshold,4,30,0.875,1.0,1.075,0.875,1.5,2,0.7946428571428571,0.9635416666666667,0.8214285714285714,1.2633928571428572,2.9285714285714284,14
neutral_post_threshold,4,31,0.875,1.0,1.075,0.875,0.75,2,0.7775297619047619,0.9732142857142857,0.8869047619047619,1.1339285714285714,2.0714285714285716,14
neutral_post_threshold,4,32,0.875,1.0,1.075,0.875,1.875,2,0.7700892857142857,0.9694940476190476,0.8601190476190476,1.15625,2.25,14
neutral_post_threshold,4,33,0.875,1.0,1.075,0.875,1.625,2,0.7380952380952381,0.959077380952381,0.8214285714285714,1.3616071428571428,2.4285714285714284,14
neutral_post_threshold,4,34,0.875,1.0,1.075,1.0,0.625,1,0.822172619047619,0.984375,0.8883928571428571,1.0669642857142858,1.9642857142857142,14
neutral_post_threshold,4,35,0.875,1.0,1.075,1.0,1.125,1,0.7693452380952381,0.9828869047619048,0.8452380952380952,1.1651785714285714,3.2857142857142856,14
neutral_post_threshold,4,36,0.875,1.0,1.075,1.0,0.5,1,0.7730654761904762,0.9650297619047619,0.8630952380952381,1.0848214285714286,1.8571428571428572,14
neutral_post_threshold,4,37,0.875,1.0,1.075,1.0,1.5,1,0.7522321428571429,0.9635416666666667,0.9017857142857143,1.1160714285714286,1.6785714285714286,14
neutral_post_threshold,4,38,0.875,1.0,1.075,1.0,0.75,1,0.7819940476190476,0.9650297619047619,0.8779761904761905,1.21875,2.2857142857142856,14
neutral_post_threshold,4,39,0.875,1.0,1.075,1.0,0.875,1,0.7686011904761905,0.9598214285714286,0.9107142857142857,1.2321428571428572,1.9285714285714286,14
neutral_post_threshold,4,40,0.875,1.0,1.075,1.0,1.5,1,0.7857142857142857,0.959077380952381,0.8958333333333333,1.1741071428571428,2.107142857142857,14
neutral_post_threshold,4,41,0.875,1.0,1.075,1.0,0.75,1,0.8110119047619048,0.9791666666666667,0.9107142857142857,1.15625,2.7857142857142856,14
neutral_post_threshold,4,42,0.875,1.0,1.075,1.0,0.5,1,0.7738095238095238,0.9598214285714286,0.9211309523809524,1.03125,1.7142857142857142,14
neutral_post_threshold,4,43,0.875,1.0,1.075,1.0,1.25,1,0.7663690476190476,0.9605654761904762,0.96875,1.09375,1.1071428571428572,14
neutral_post_threshold,4,44,0.875,1.0,1.075,1.0,0.75,1,0.8110119047619048,0.9873511904761905,0.9761904761904762,1.1339285714285714,1.2857142857142858,14
neutral_post_threshold,4,45,0.875,1.0,1.075,1.0,1.0,1,0.796875,0.9680059523809524,0.9404761904761905,1.0089285714285714,1.6071428571428572,14
neutral_post_threshold,4,46,0.875,1.0,1.075,1.0,1.125,1,0.8072916666666667,0.9799107142857143,0.9196428571428571,1.0089285714285714,1.8571428571428572,14
neutral_post_threshold,4,47,0.9166666666666666,0.9791666666666666,1.1125,0.3333333333333333,0.5,4,0.7485119047619048,0.9456845238095238,0.8318452380952381,1.1205357142857142,3.642857142857143,14
neutral_post_threshold,4,48,0.8958333333333334,0.9791666666666666,1.0916666666666668,0.3333333333333333,1.75,4,0.7797619047619048,0.9717261904761905,0.8169642857142857,1.1428571428571428,2.0357142857142856,14
neutral_post_threshold,4,49,0.8958333333333334,0.9791666666666666,1.0916666666666668,0.4583333333333333,1.125,4,0.806547619047619,0.9635416666666667,0.8273809523809524,1.1428571428571428,2.2142857142857144,14
neutral_post_threshold,4,50,0.875,1.0,1.075,1.0,1.25,1,0.7827380952380952,0.9665178571428571,0.7723214285714286,1.1875,2.392857142857143,14
neutral_post_threshold,4,51,0.875,1.0,1.075,1.0,1.125,1,0.7805059523809524,0.9508928571428571,0.7053571428571429,1.0044642857142858,3.0,14
neutral_post_threshold,4,52,0.875,1.0,1.075,1.0,1.125,1,0.7924107142857143,0.9828869047619048,0.9642857142857143,1.1473214285714286,1.3214285714285714,14
neutral_post_threshold,4,53,0.875,1.0,1.075,1.0,1.375,1,0.7566964285714286,0.9724702380952381,0.9657738095238095,1.1830357142857142,2.2142857142857144,14
neutral_post_threshold,4,54,0.875,1.0,1.075,1.0,1.0,1,0.771577380952381,0.9761904761904762,0.9211309523809524,1.0446428571428572,2.4285714285714284,14
neutral_post_threshold,5,0,0.625,0.8125,0.7875,0.4166666666666667,1.125,4,0.5052083333333334,0.859375,0.5848214285714286,1.2321428571428572,5.678571428571429,
neutral_post_threshold,5,1,0.6666666666666666,0.875,0.8416666666666667,0.9166666666666666,1.125,2,0.5267857142857143,0.8534226190476192,0.5729166666666667,1.3660714285714286,6.75,
neutral_post_threshold,5,2,0.6666666666666666,0.9166666666666667,0.85,0.5,1.0,2,0.546875,0.8638392857142857,0.4925595238095238,1.3392857142857142,7.464285714285714,
neutral_post_threshold,5,3,0.6875,0.875,0.8625,0.375,1.25,3,0.5617559523809523,0.884672619047619,0.3095238095238095,1.3928571428571428,12.714285714285714,
neutral_post_threshold,5,4,0.7083333333333334,0.9583333333333334,0.9,0.5,2.25,2,0.619047619047619,0.8995535714285714,0.5238095238095238,1.3794642857142858,5.071428571428571,
neutral_post_threshold,5,5,0.75,0.8958333333333334,0.9291666666666667,0.5416666666666666,1.75,6,0.6279761904761905,0.9129464285714286,0.5372023809523809,1.3125,5.285714285714286,
neutral_post_threshold,5,6,0.6875,0.8541666666666667,0.8583333333333334,0.0,1.25,8,0.615327380952381,0.9129464285714286,0.6175595238095238,1.2098214285714286,7.678571428571429,
neutral_post_threshold,5,7,0.6666666666666666,0.9375,0.8541666666666666,0.5416666666666666,1.0,6,0.59375,0.9211309523809524,0.4970238095238095,1.2946428571428572,7.285714285714286,
neutral_post_threshold,5,8,0.6875,0.8958333333333334,0.8666666666666667,0.75,1.625,4,0.6212797619047619,0.943452380952381,0.5654761904761905,1.2767857142857142,8.535714285714286,
neutral_post_threshold,5,9,0.6875,0.9583333333333334,0.8791666666666667,1.0,1.625,1,0.6078869047619048,0.9255952380952381,0.6577380952380952,1.3794642857142858,4.928571428571429,
neutral_post_threshold,5,10,0.6875,0.875,0.8625,0.375,1.0,4,0.619047619047619,0.9427083333333333,0.6800595238095238,1.1741071428571428,4.5,
neutral_post_threshold,5,11,0.7083333333333334,0.9375,0.8958333333333334,0.375,1.5,4,0.6205357142857143,0.9315476190476192,0.6577380952380952,1.2991071428571428,4.714285714285714,
neutral_post_threshold,5,12,0.7083333333333334,0.9166666666666666,0.8916666666666667,0.041666666666666664,1.5,16,0.6183035714285714,0.931547619047619,0.5029761904761905,1.5714285714285714,7.821428571428571,
neutral_post_threshold,5,13,0.6666666666666666,0.9375,0.8541666666666666,0.5833333333333334,1.75,2,0.6063988095238095,0.9330357142857143,0.53125,1.3973214285714286,6.75,
neutral_post_threshold,5,14,0.6875,0.9375,0.875,0.5833333333333334,1.5,2,0.6175595238095238,0.9523809523809524,0.6949404761904762,1.2767857142857142,5.678571428571429,
neutral_post_threshold,5,15,0.6875,0.8958333333333334,0.8666666666666667,0.375,1.25,16,0.6101190476190476,0.9159226190476192,0.5342261904761905,1.4330357142857142,8.607142857142858,
neutral_post_threshold,5,16,0.6875,0.8958333333333334,0.8666666666666667,0.375,1.75,4,0.603422619047619,0.9308035714285714,0.5758928571428571,1.1294642857142858,6.107142857142857,
neutral_post_threshold,5,17,0.6666666666666666,0.9375,0.8541666666666666,0.375,1.125,4,0.6063988095238095,0.9263392857142857,0.5744047619047619,1.3660714285714286,7.464285714285714,
neutral_post_threshold,5,18,0.6666666666666666,0.9583333333333334,0.8583333333333333,0.75,0.75,2,0.6101190476190476,0.9360119047619048,0.6324404761904762,1.1339285714285714,5.178571428571429,
neutral_post_threshold,5,19,0.6666666666666666,0.9375,0.8541666666666666,0.7916666666666666,1.0,2,0.6160714285714286,0.9389880952380952,0.693452380952381,1.2455357142857142,4.5,
neutral_post_threshold,5,20,0.7291666666666666,0.8958333333333334,0.9083333333333333,0.375,1.125,4,0.6101190476190476,0.9375,0.7470238095238095,1.1919642857142858,3.1785714285714284,
neutral_post_threshold,5,21,0.6875,0.9166666666666667,0.8708333333333333,0.2916666666666667,1.125,12,0.6049107142857143,0.9293154761904763,0.6488095238095238,1.28125,4.678571428571429,
neutral_post_threshold,5,22,0.7291666666666666,0.9791666666666666,0.9249999999999999,1.0,1.125,1,0.6101190476190476,0.9084821428571429,0.5550595238095238,1.2455357142857142,9.75,
neutral_post_threshold,5,23,0.75,0.8958333333333334,0.9291666666666667,0.6666666666666666,1.125,3,0.6235119047619048,0.9337797619047619,0.8586309523809524,1.2366071428571428,3.0,
neutral_post_threshold,5,24,0.75,1.0,0.95,1.0,0.875,1,0.6555059523809524,0.9441964285714286,0.7961309523809524,1.3794642857142858,3.4285714285714284,
neutral_post_threshold,5,25,0.7708333333333334,0.9791666666666666,0.9666666666666667,1.0,1.125,1,0.6480654761904762,0.9479166666666667,0.9464285714285714,1.2276785714285714,1.5714285714285714,
neutral_post_threshold,5,26,0.7708333333333334,0.9583333333333334,0.9625,1.0,0.625,1,0.6770833333333333,0.9635416666666667,0.931547619047619,1.21875,2.2142857142857144,
neutral_post_threshold,5,27,0.75,1.0,0.95,0.75,1.125,3,0.6867559523809524,0.9702380952380952,0.9226190476190476,1.1651785714285714,2.2857142857142856,
neutral_post_threshold,5,28,0.7708333333333334,0.9791666666666666,0.9666666666666667,1.0,1.375,1,0.6941964285714286,0.9680059523809524,0.9464285714285714,1.1785714285714286,1.5714285714285714,
neutral_post_threshold,5,29,0.75,1.0,0.95,1.0,1.625,1,0.6793154761904762,0.9657738095238095,0.9583333333333333,1.1339285714285714,1.3571428571428572,
neutral_post_threshold,5,30,0.75,1.0,0.95,1.0,0.75,1,0.7075892857142857,0.9761904761904762,0.9449404761904762,1.1830357142857142,1.9642857142857142,
neutral_post_threshold,5,31,0.8541666666666666,0.9791666666666666,1.05,1.0,1.125,1,0.7008928571428571,0.9724702380952381,0.9389880952380952,1.2589285714285714,1.8214285714285714,
neutral_post_threshold,5,32,0.875,1.0,1.075,1.0,0.75,1,0.7916666666666667,0.9583333333333333,0.9449404761904762,1.2053571428571428,2.5,31
neutral_post_threshold,5,33,0.875,1.0,1.075,1.0,1.25,1,0.7507440476190476,0.947172619047619,0.9449404761904762,1.25,2.357142857142857,31
neutral_post_threshold,5,34,0.875,1.0,1.075,1.0,1.125,1,0.740327380952381,0.962797619047619,0.9404761904761905,1.2633928571428572,2.5714285714285716,31
neutral_post_threshold,5,35,0.875,1.0,1.075,1.0,0.875,1,0.775297619047619,0.9553571428571429,0.7946428571428571,1.2544642857142858,9.678571428571429,31
neutral_post_threshold,5,36,0.875,1.0,1.075,1.0,0.875,1,0.7991071428571429,0.9694940476190476,0.943452380952381,1.1607142857142858,3.0714285714285716,31
neutral_post_threshold,5,37,0.875,1.0,1.075,1.0,1.625,1,0.787202380952381,0.9635416666666667,0.8869047619047619,1.2589285714285714,2.1785714285714284,31
neutral_post_threshold,5,38,0.875,1.0,1.075,1.0,1.25,1,0.7842261904761905,0.9665178571428571,0.8973214285714286,1.0714285714285714,2.2857142857142856,31
neutral_post_threshold,5,39,0.875,1.0,1.075,1.0,1.5,1,0.8095238095238095,0.978422619047619,0.9568452380952381,1.1785714285714286,1.6785714285714286,31
neutral_post_threshold,5,40,0.875,1.0,1.075,1.0,1.125,1,0.8050595238095238,0.978422619047619,0.9092261904761905,1.0892857142857142,2.392857142857143,31
neutral_post_threshold,5,41,0.875,1.0,1.075,1.0,0.75,1,0.7827380952380952,0.9761904761904762,0.9017857142857143,1.1517857142857142,2.2142857142857144,31
neutral_post_threshold,5,42,0.875,1.0,1.075,1.0,0.625,1,0.755952380952381,0.9583333333333333,0.9017857142857143,1.1383928571428572,2.7857142857142856,31
neutral_post_threshold,5,43,0.875,1.0,1.075,1.0,1.0,1,0.7953869047619048,0.9799107142857143,0.9464285714285714,1.1875,1.7857142857142858,31
neutral_post_threshold,5,44,0.875,1.0,1.075,1.0,1.0,1,0.7619047619047619,0.9680059523809524,0.9538690476190476,1.1651785714285714,1.6785714285714286,31
neutral_post_threshold,5,45,0.875,1.0,1.075,1.0,1.375,1,0.7708333333333333,0.9776785714285714,0.943452380952381,1.0892857142857142,1.8571428571428572,31
neutral_post_threshold,5,46,0.8958333333333334,0.9791666666666666,1.0916666666666668,1.0,1.5,1,0.7991071428571429,0.9732142857142857,0.9241071428571429,1.0535714285714286,2.5357142857142856,31
neutral_post_threshold,5,47,0.875,1.0,1.075,1.0,1.625,1,0.8206845238095238,0.9769345238095238,0.943452380952381,1.2455357142857142,1.4642857142857142,31
neutral_post_threshold,5,48,0.875,1.0,1.075,1.0,1.125,1,0.771577380952381,0.9791666666666667,0.9151785714285714,1.1875,2.75,31
neutral_post_threshold,5,49,0.875,1.0,1.075,1.0,1.125,1,0.7462797619047619,0.9583333333333333,0.8660714285714286,1.21875,2.4642857142857144,31
neutral_post_threshold,5,50,0.8958333333333334,0.9791666666666666,1.0916666666666668,1.0,1.25,1,0.8072916666666667,0.9732142857142857,0.9836309523809524,1.1383928571428572,1.1428571428571428,31
neutral_post_threshold,5,51,0.875,1.0,1.075,1.0,1.25,1,0.790922619047619,0.962797619047619,0.9166666666666667,1.0580357142857142,2.0714285714285716,31
neutral_post_threshold,5,52,0.875,1.0,1.075,1.0,0.875,1,0.7574404761904762,0.9553571428571429,0.8705357142857143,1.2321428571428572,2.4285714285714284,31
neutral_post_threshold,5,53,0.875,1.0,1.075,1.0,1.125,1,0.8154761904761905,0.978422619047619,0.9181547619047619,1.125,3.2857142857142856,31
neutral_post_threshold,5,54,0.875,1.0,1.075,1.0,1.0,1,0.755952380952381,0.9635416666666667,0.8526785714285714,1.2455357142857142,2.5714285714285716,31
neutral_post_threshold,5,55,0.875,1.0,1.075,1.0,1.0,1,0.7991071428571429,0.9791666666666667,0.9479166666666667,1.0714285714285714,1.3928571428571428,31
neutral_post_threshold,5,56,0.8958333333333334,0.9583333333333334,1.0875000000000001,0.9166666666666666,1.125,4,0.7693452380952381,0.9613095238095238,0.9047619047619048,1.375,2.0,31
neutral_post_threshold,5,57,0.875,1.0,1.075,1.0,1.0,1,0.765625,0.9702380952380952,0.9181547619047619,1.1473214285714286,2.142857142857143,31
neutral_post_threshold,5,58,0.875,1.0,1.075,1.0,1.125,1,0.7730654761904762,0.9672619047619048,0.8988095238095238,1.15625,2.0357142857142856,31
neutral_post_threshold,5,59,0.875,1.0,1.075,1.0,1.375,1,0.7834821428571429,0.9813988095238095,0.9241071428571429,1.2142857142857142,2.7857142857142856,31
neutral_post_threshold,5,60,0.875,1.0,1.075,1.0,1.25,1,0.7961309523809524,0.9918154761904762,0.9449404761904762,1.0758928571428572,1.8928571428571428,31
neutral_post_threshold,5,61,0.875,1.0,1.075,1.0,1.25,1,0.8050595238095238,0.9717261904761905,0.943452380952381,1.1830357142857142,1.7142857142857142,31
neutral_post_threshold,5,62,0.875,1.0,1.075,1.0,1.0,1,0.7991071428571429,0.974702380952381,0.8943452380952381,1.0892857142857142,2.107142857142857,31
neutral_post_threshold,5,63,0.875,1.0,1.075,1.0,1.125,1,0.7470238095238095,0.9650297619047619,0.8869047619047619,1.0625,2.107142857142857,31
neutral_post_threshold,5,64,0.875,1.0,1.075,1.0,0.875,1,0.7879464285714286,0.9821428571428571,0.9032738095238095,1.0758928571428572,2.1785714285714284,31
neutral_post_threshold,5,65,0.875,1.0,1.075,1.0,1.0,1,0.7782738095238095,0.9910714285714286,0.8705357142857143,1.0491071428571428,2.9642857142857144,31
neutral_post_threshold,5,66,0.875,1.0,1.075,1.0,1.125,1,0.8311011904761905,0.9866071428571429,0.9300595238095238,1.0133928571428572,1.8571428571428572,31
neutral_post_threshold,5,67,0.875,1.0,1.075,1.0,1.125,1,0.8199404761904762,0.9836309523809524,0.9136904761904762,1.1205357142857142,1.9642857142857142,31
neutral_post_threshold,5,68,0.875,1.0,1.075,1.0,1.125,1,0.755952380952381,0.978422619047619,0.9285714285714286,0.9955357142857143,2.75,31
neutral_post_threshold,5,69,0.875,1.0,1.075,1.0,1.0,1,0.7767857142857143,0.9776785714285714,0.9895833333333333,1.1205357142857142,1.0357142857142858,31
neutral_post_threshold,5,70,0.875,1.0,1.075,1.0,1.375,1,0.7269345238095238,0.9650297619047619,0.9270833333333333,1.0758928571428572,1.8571428571428572,31
neutral_post_threshold,5,71,0.875,1.0,1.075,1.0,1.25,1,0.7976190476190476,0.9761904761904762,0.9776785714285714,1.1473214285714286,1.1785714285714286,31
neutral_post_threshold,6,0,0.6666666666666666,0.9375,0.8541666666666666,0.7083333333333334,1.375,6,0.49032738095238093,0.859375,0.47916666666666663,1.3526785714285714,10.821428571428571,
neutral_post_threshold,6,1,0.6458333333333334,0.8958333333333334,0.8250000000000001,0.16666666666666666,1.25,28,0.527529761904762,0.8802083333333334,0.662202380952381,1.2366071428571428,7.071428571428571,
neutral_post_threshold,6,2,0.6458333333333334,0.9375,0.8333333333333334,0.75,1.5,6,0.566220238095238,0.8735119047619048,0.6130952380952381,1.2321428571428572,8.857142857142858,
neutral_post_threshold,6,3,0.75,0.8958333333333334,0.9291666666666667,0.7083333333333334,1.0,6,0.5915178571428571,0.8980654761904762,0.619047619047619,1.2901785714285714,6.642857142857143,
neutral_post_threshold,6,4,0.6666666666666666,0.9791666666666666,0.8624999999999999,0.2916666666666667,1.125,38,0.5803571428571429,0.8980654761904762,0.5401785714285714,1.2678571428571428,14.321428571428571,
neutral_post_threshold,6,5,0.7083333333333334,0.9166666666666667,0.8916666666666667,0.16666666666666666,1.625,10,0.6086309523809524,0.9107142857142857,0.3898809523809524,1.2366071428571428,19.428571428571427,
neutral_post_threshold,6,6,0.75,0.9375,0.9375,0.25,0.875,4,0.6108630952380952,0.915922619047619,0.4032738095238095,1.0401785714285714,11.892857142857142,
neutral_post_threshold,6,7,0.7083333333333334,0.875,0.8833333333333334,0.375,1.625,3,0.599702380952381,0.912202380952381,0.4226190476190476,1.2053571428571428,11.892857142857142,
neutral_post_threshold,6,8,0.7083333333333334,0.9583333333333334,0.9,0.25,1.5,15,0.6145833333333333,0.9203869047619048,0.4806547619047619,1.1875,8.25,
neutral_post_threshold,6,9,0.6666666666666666,0.9791666666666666,0.8624999999999999,0.25,2.25,4,0.6063988095238095,0.9032738095238095,0.44345238095238093,1.1875,8.035714285714286,
neutral_post_threshold,6,10,0.6875,1.0,0.8875,0.375,1.5,4,0.6235119047619048,0.9010416666666667,0.3675595238095238,1.2232142857142858,7.464285714285714,
neutral_post_threshold,6,11,0.7083333333333334,0.9791666666666666,0.9041666666666667,0.6666666666666666,1.0,3,0.6235119047619048,0.9114583333333334,0.4375,1.125,9.214285714285714,
neutral_post_threshold,6,12,0.7291666666666666,0.9375,0.9166666666666666,1.0,0.875,1,0.6391369047619048,0.9330357142857143,0.5491071428571429,1.0357142857142858,6.428571428571429,
neutral_post_threshold,6,13,0.7291666666666666,0.9583333333333334,0.9208333333333333,0.6666666666666666,1.25,3,0.650297619047619,0.9665178571428571,0.7291666666666667,1.1294642857142858,3.25,
neutral_post_threshold,6,14,0.7083333333333334,0.9791666666666666,0.9041666666666667,0.6666666666666666,1.5,3,0.6577380952380952,0.9665178571428571,0.7202380952380952,1.1473214285714286,3.392857142857143,
neutral_post_threshold,6,15,0.7708333333333334,0.9583333333333334,0.9625,0.5,0.625,3,0.665922619047619,0.9449404761904762,0.5788690476190476,0.9910714285714286,5.392857142857143,
neutral_post_threshold,6,16,0.75,0.9583333333333334,0.9416666666666667,0.625,0.875,5,0.6666666666666667,0.9724702380952381,0.6369047619047619,1.0758928571428572,4.607142857142857,
neutral_post_threshold,6,17,0.7291666666666666,0.9583333333333334,0.9208333333333333,0.5,1.25,3,0.65625,0.9561011904761905,0.6800595238095238,1.0044642857142858,5.035714285714286,
neutral_post_threshold,6,18,0.7291666666666666,0.9791666666666666,0.9249999999999999,0.5,1.375,3,0.6577380952380952,0.9605654761904762,0.6785714285714286,1.0535714285714286,5.071428571428571,
neutral_post_threshold,6,19,0.7708333333333334,0.9791666666666666,0.9666666666666667,0.4583333333333333,0.375,6,0.6614583333333333,0.9709821428571429,0.681547619047619,1.0892857142857142,4.214285714285714,
neutral_post_threshold,6,20,0.7916666666666666,0.9375,0.9791666666666666,0.4583333333333333,0.875,6,0.6837797619047619,0.9568452380952381,0.49851190476190477,1.0625,5.571428571428571,
neutral_post_threshold,6,21,0.7916666666666666,0.875,0.9666666666666667,0.2916666666666667,1.125,28,0.6584821428571429,0.953125,0.5089285714285714,1.0892857142857142,8.5,
neutral_post_threshold,6,22,0.8333333333333334,0.875,1.0083333333333333,0.2916666666666667,0.875,28,0.6852678571428571,0.9345238095238095,0.3779761904761905,1.0089285714285714,10.535714285714286,
neutral_post_threshold,6,23,0.8125,0.9583333333333334,1.0041666666666667,0.7083333333333334,1.625,3,0.6882440476190476,0.9233630952380952,0.42410714285714285,1.2410714285714286,10.642857142857142,
neutral_post_threshold,6,24,0.8125,0.9583333333333334,1.0041666666666667,0.625,0.75,5,0.6882440476190476,0.9196428571428571,0.4806547619047619,1.09375,9.571428571428571,
neutral_post_threshold,6,25,0.8125,0.9583333333333334,1.0041666666666667,0.2916666666666667,1.25,9,0.6956845238095238,0.921875,0.5059523809523809,1.0446428571428572,10.035714285714286,
neutral_post_threshold,6,26,0.8333333333333334,0.9583333333333334,1.0250000000000001,0.2916666666666667,0.875,6,0.728422619047619,0.9427083333333333,0.5520833333333334,1.1830357142857142,5.142857142857143,
neutral_post_threshold,6,27,0.8541666666666666,0.9375,1.0416666666666665,1.0,0.5,1,0.7135416666666667,0.9270833333333334,0.5684523809523809,1.2901785714285714,5.785714285714286,
neutral_post_threshold,6,28,0.8541666666666666,0.9375,1.0416666666666665,1.0,1.25,1,0.7291666666666667,0.9367559523809524,0.7470238095238095,1.25,3.7142857142857144,27
neutral_post_threshold,6,29,0.8541666666666666,0.9791666666666666,1.05,0.375,1.75,7,0.7477678571428571,0.9412202380952381,0.8348214285714286,1.3035714285714286,2.5714285714285716,27
neutral_post_threshold,6,30,0.8958333333333334,0.9583333333333334,1.0875000000000001,1.0,2.0,1,0.7380952380952381,0.9300595238095238,0.6845238095238095,1.28125,4.642857142857143,27
neutral_post_threshold,6,31,0.7916666666666666,0.9791666666666666,0.9874999999999999,1.0,1.375,1,0.6927083333333333,0.9092261904761905,0.5327380952380952,1.2098214285714286,7.178571428571429,27
neutral_post_threshold,6,32,0.8333333333333334,0.9166666666666667,1.0166666666666666,0.375,0.375,5,0.7395833333333333,0.9211309523809524,0.5803571428571429,1.2857142857142858,4.964285714285714,27
neutral_post_threshold,6,33,0.8958333333333334,0.9583333333333334,1.0875000000000001,0.5,1.0,7,0.7328869047619048,0.9040178571428571,0.5059523809523809,1.2723214285714286,5.928571428571429,27
neutral_post_threshold,6,34,0.8541666666666666,0.8958333333333334,1.0333333333333332,1.0,1.0,1,0.7336309523809524,0.9151785714285714,0.65625,1.3348214285714286,7.035714285714286,27
neutral_post_threshold,6,35,0.8541666666666666,0.9375,1.0416666666666665,1.0,1.125,1,0.7395833333333333,0.9099702380952381,0.7976190476190476,1.3169642857142858,5.178571428571429,27
neutral_post_threshold,6,36,0.7916666666666666,0.9791666666666666,0.9874999999999999,1.0,1.25,1,0.6763392857142857,0.896577380952381,0.8035714285714286,1.3392857142857142,3.0714285714285716,27
neutral_post_threshold,6,37,0.8333333333333334,0.9583333333333334,1.0250000000000001,0.5416666666666666,1.75,4,0.7254464285714286,0.9330357142857143,0.8303571428571429,1.3035714285714286,3.357142857142857,27
neutral_post_threshold,6,38,0.8541666666666666,0.9583333333333334,1.0458333333333334,0.625,1.5,6,0.7142857142857143,0.912202380952381,0.6413690476190476,1.34375,5.357142857142857,27
neutral_post_threshold,6,39,0.8333333333333334,0.9375,1.0208333333333335,0.75,0.875,6,0.7142857142857143,0.902529761904762,0.6413690476190476,1.1607142857142858,5.25,27
neutral_post_threshold,6,40,0.8541666666666666,0.9375,1.0416666666666665,0.2916666666666667,1.25,6,0.7410714285714286,0.9345238095238095,0.5491071428571429,1.4642857142857142,6.571428571428571,27
neutral_post_threshold,6,41,0.8333333333333334,0.9791666666666666,1.0291666666666668,0.2916666666666667,0.75,6,0.7529761904761905,0.9360119047619048,0.4806547619047619,1.3348214285714286,5.25,27
neutral_post_threshold,6,42,0.875,0.9583333333333334,1.0666666666666667,1.0,2.125,1,0.7492559523809524,0.947172619047619,0.7276785714285714,1.2946428571428572,3.142857142857143,27
neutral_post_threshold,6,43,0.8541666666666666,0.9375,1.0416666666666665,1.0,1.125,1,0.7522321428571429,0.9136904761904763,0.8526785714285714,1.3839285714285714,3.357142857142857,27
neutral_post_threshold,6,44,0.875,0.9375,1.0625,1.0,1.625,1,0.7686011904761905,0.9084821428571429,0.8705357142857143,1.3303571428571428,2.142857142857143,27
neutral_post_threshold,6,45,0.8333333333333334,0.9375,1.0208333333333335,1.0,1.875,1,0.7046130952380952,0.9077380952380952,0.8616071428571429,1.1964285714285714,3.892857142857143,27
neutral_post_threshold,6,46,0.8958333333333334,0.9583333333333334,1.0875000000000001,1.0,2.25,1,0.7388392857142857,0.9196428571428571,0.8080357142857143,1.25,3.1785714285714284,27
neutral_post_threshold,6,47,0.8125,0.875,0.9875,1.0,0.875,1,0.7313988095238095,0.9002976190476192,0.6294642857142857,1.2366071428571428,6.928571428571429,27
neutral_post_threshold,6,48,0.8541666666666666,0.9375,1.0416666666666665,0.7916666666666666,1.625,2,0.7180059523809524,0.9226190476190476,0.6175595238095238,1.2455357142857142,4.5,27
neutral_post_threshold,6,49,0.8541666666666666,0.8958333333333334,1.0333333333333332,1.0,1.375,1,0.7269345238095238,0.8936011904761906,0.6979166666666667,1.4419642857142858,7.5,27
neutral_post_threshold,6,50,0.875,0.9583333333333334,1.0666666666666667,0.5416666666666666,1.125,4,0.7038690476190476,0.8772321428571429,0.46726190476190477,1.3616071428571428,12.857142857142858,27
neutral_post_threshold,6,51,0.8541666666666666,0.9375,1.0416666666666665,0.5416666666666666,1.125,4,0.7693452380952381,0.9129464285714286,0.5476190476190477,1.3526785714285714,6.321428571428571,27
neutral_post_threshold,6,52,0.875,0.9375,1.0625,0.5833333333333334,1.625,4,0.7217261904761905,0.8928571428571429,0.5297619047619048,1.2366071428571428,6.964285714285714,27
neutral_post_threshold,6,53,0.8541666666666666,0.9166666666666667,1.0375,0.25,1.375,16,0.7574404761904762,0.9017857142857143,0.6294642857142857,1.3839285714285714,5.857142857142857,27
neutral_post_threshold,6,54,0.9375,0.9583333333333334,1.1291666666666667,1.0,2.0,1,0.7946428571428571,0.9159226190476192,0.4226190476190476,1.3392857142857142,11.464285714285714,27
neutral_post_threshold,6,55,0.9166666666666666,0.9375,1.1041666666666665,0.125,1.375,29,0.7842261904761905,0.9166666666666667,0.693452380952381,1.2633928571428572,7.178571428571429,27
neutral_post_threshold,6,56,0.8958333333333334,0.9583333333333334,1.0875000000000001,1.0,0.875,1,0.7894345238095238,0.9255952380952381,0.6845238095238095,1.3258928571428572,5.714285714285714,27
neutral_post_threshold,6,57,0.9583333333333334,0.9583333333333334,1.1500000000000001,0.16666666666666666,1.25,31,0.7953869047619048,0.9233630952380952,0.5803571428571429,1.3660714285714286,14.535714285714286,27
neutral_post_threshold,6,58,0.9375,1.0,1.1375,0.5,1.375,4,0.7648809523809524,0.927827380952381,0.7008928571428571,1.1830357142857142,7.607142857142857,27
neutral_post_threshold,6,59,0.9375,0.9583333333333334,1.1291666666666667,0.5416666666666666,0.875,4,0.8147321428571429,0.9293154761904762,0.7023809523809524,1.15625,3.7857142857142856,27
neutral_post_threshold,6,60,0.9166666666666666,0.9583333333333334,1.1083333333333334,0.5,1.125,4,0.8125,0.9285714285714286,0.6428571428571429,1.1339285714285714,5.25,27
neutral_post_threshold,6,61,0.9583333333333334,0.9583333333333334,1.1500000000000001,0.375,0.5,8,0.8191964285714286,0.9367559523809524,0.5148809523809523,1.0982142857142858,8.535714285714286,27
neutral_post_threshold,6,62,0.9375,0.9583333333333334,1.1291666666666667,0.5416666666666666,0.375,4,0.8169642857142857,0.931547619047619,0.5327380952380952,1.2633928571428572,5.071428571428571,27
neutral_post_threshold,6,63,0.9375,0.9375,1.125,0.5416666666666666,0.75,4,0.8139880952380952,0.9322916666666667,0.5327380952380952,1.1428571428571428,5.892857142857143,27
neutral_post_threshold,6,64,0.9583333333333334,0.9583333333333334,1.1500000000000001,0.5416666666666666,0.625,4,0.8191964285714286,0.9419642857142857,0.47916666666666663,1.2142857142857142,7.142857142857143,27
neutral_post_threshold,6,65,1.0,1.0,1.2,0.5416666666666666,1.125,4,0.7834821428571429,0.9456845238095238,0.4523809523809524,1.2276785714285714,7.142857142857143,27
neutral_post_threshold,6,66,0.9791666666666666,0.9791666666666666,1.175,1.0,1.75,1,0.8392857142857143,0.9561011904761905,0.5372023809523809,1.2366071428571428,6.535714285714286,27
neutral_post_threshold,6,67,0.9791666666666666,0.9791666666666666,1.175,1.0,1.875,1,0.8206845238095238,0.9561011904761905,0.6383928571428571,1.2723214285714286,4.035714285714286,27
neutral_post_threshold,7,0,0.7083333333333334,0.8333333333333334,0.875,0.125,0.75,9,0.5074404761904762,0.8586309523809524,0.5282738095238095,1.21875,8.25,
neutral_post_threshold,7,1,0.6875,0.8333333333333334,0.8541666666666667,0.041666666666666664,1.75,27,0.5305059523809523,0.8787202380952381,0.6547619047619048,1.2901785714285714,9.857142857142858,
neutral_post_threshold,7,2,0.6875,0.875,0.8625,0.08333333333333333,1.0,9,0.5297619047619048,0.8772321428571429,0.5476190476190477,1.2455357142857142,8.178571428571429,
neutral_post_threshold,7,3,0.7083333333333334,0.8958333333333334,0.8875000000000001,0.08333333333333333,1.0,9,0.5825892857142857,0.8861607142857143,0.4032738095238095,1.2946428571428572,11.75,
neutral_post_threshold,7,4,0.7291666666666666,0.9375,0.9166666666666666,0.4583333333333333,1.125,6,0.609375,0.8876488095238095,0.4211309523809524,1.3258928571428572,11.25,
neutral_post_threshold,7,5,0.7083333333333333,0.9166666666666667,0.8916666666666666,0.4583333333333333,0.75,3,0.6227678571428571,0.8936011904761905,0.4523809523809524,1.3214285714285714,10.892857142857142,
neutral_post_threshold,7,6,0.7083333333333334,0.9375,0.8958333333333334,0.2916666666666667,1.375,4,0.6071428571428571,0.9099702380952381,0.4613095238095238,1.3392857142857142,7.785714285714286,
neutral_post_threshold,7,7,0.7083333333333334,0.9375,0.8958333333333334,0.5416666666666666,1.125,3,0.6197916666666667,0.9151785714285714,0.5446428571428571,1.1428571428571428,3.5357142857142856,
neutral_post_threshold,7,8,0.6875,0.9583333333333334,0.8791666666666667,0.5416666666666666,1.125,3,0.6145833333333333,0.9107142857142857,0.5491071428571429,1.3125,3.2857142857142856,
neutral_post_threshold,7,9,0.75,0.8333333333333334,0.9166666666666667,0.25,1.0,4,0.6316964285714286,0.8958333333333334,0.4642857142857143,1.1517857142857142,4.571428571428571,
neutral_post_threshold,7,10,0.7708333333333334,0.875,0.9458333333333334,0.20833333333333334,1.625,4,0.6056547619047619,0.8831845238095238,0.5580357142857143,1.3526785714285714,4.357142857142857,
neutral_post_threshold,7,11,0.75,0.9166666666666667,0.9333333333333333,0.20833333333333334,1.0,4,0.6257440476190476,0.8936011904761906,0.47470238095238093,1.1607142857142858,7.785714285714286,
neutral_post_threshold,7,12,0.7083333333333334,0.8958333333333334,0.8875000000000001,0.25,1.625,4,0.6279761904761905,0.9084821428571429,0.47916666666666663,1.21875,4.964285714285714,
neutral_post_threshold,7,13,0.7708333333333334,0.8958333333333334,0.9500000000000001,0.25,1.125,4,0.640625,0.8839285714285714,0.42857142857142855,1.2410714285714286,6.75,
neutral_post_threshold,7,14,0.7708333333333334,0.875,0.9458333333333334,0.3333333333333333,1.75,5,0.640625,0.8861607142857143,0.4419642857142857,1.3258928571428572,7.607142857142857,
neutral_post_threshold,7,15,0.7708333333333334,0.8958333333333334,0.9500000000000001,0.25,1.25,5,0.6458333333333333,0.9055059523809524,0.4211309523809524,1.3616071428571428,7.714285714285714,
neutral_post_threshold,7,16,0.75,0.9583333333333334,0.9416666666666667,0.4166666666666667,1.625,7,0.6413690476190476,0.8876488095238095,0.42410714285714285,1.3080357142857142,6.928571428571429,
neutral_post_threshold,7,17,0.7708333333333334,0.9791666666666666,0.9666666666666667,0.4166666666666667,1.125,7,0.6488095238095238,0.9017857142857143,0.4404761904761905,1.2276785714285714,8.142857142857142,
neutral_post_threshold,7,18,0.75,0.9583333333333334,0.9416666666666667,0.4583333333333333,1.125,7,0.6473214285714286,0.9211309523809524,0.48214285714285715,1.0892857142857142,6.071428571428571,
neutral_post_threshold,7,19,0.7916666666666666,0.9166666666666667,0.975,0.20833333333333334,0.625,9,0.6369047619047619,0.9226190476190476,0.6964285714285714,1.1205357142857142,5.142857142857143,
neutral_post_threshold,7,20,0.7708333333333334,0.9583333333333334,0.9625,0.4583333333333333,0.875,7,0.6525297619047619,0.9196428571428571,0.5922619047619048,1.1607142857142858,9.0,
neutral_post_threshold,7,21,0.7916666666666666,0.9166666666666666,0.975,0.7083333333333334,1.125,28,0.6696428571428571,0.9322916666666667,0.7395833333333333,1.1116071428571428,7.964285714285714,
neutral_post_threshold,7,22,0.8333333333333334,0.9583333333333334,1.0250000000000001,0.7916666666666666,0.625,8,0.7172619047619048,0.9479166666666667,0.7425595238095238,1.0669642857142858,12.178571428571429,
neutral_post_threshold,7,23,0.8125,0.9583333333333334,1.0041666666666667,0.7083333333333334,0.75,7,0.6941964285714286,0.9494047619047619,0.7678571428571429,1.1428571428571428,12.571428571428571,
neutral_post_threshold,7,24,0.8125,0.9583333333333334,1.0041666666666667,0.7083333333333334,1.25,28,0.7001488095238095,0.9501488095238095,0.7916666666666667,1.1294642857142858,8.75,
neutral_post_threshold,7,25,0.7916666666666666,0.9791666666666666,0.9874999999999999,0.9166666666666666,1.0,2,0.7172619047619048,0.947172619047619,0.8511904761904762,1.0625,5.821428571428571,
neutral_post_threshold,7,26,0.7916666666666666,0.9791666666666666,0.9874999999999999,0.9166666666666666,1.0,2,0.7098214285714286,0.9575892857142857,0.8333333333333333,1.0535714285714286,5.107142857142857,
neutral_post_threshold,7,27,0.8125,1.0,1.0125,0.9166666666666666,1.375,2,0.7477678571428571,0.9680059523809524,0.9241071428571429,1.1473214285714286,2.642857142857143,
neutral_post_threshold,7,28,0.8125,1.0,1.0125,0.9166666666666666,0.625,4,0.7477678571428571,0.9776785714285714,0.9419642857142857,1.125,2.2142857142857144,
neutral_post_threshold,7,29,0.8125,1.0,1.0125,0.9166666666666666,0.75,2,0.7552083333333333,0.9791666666666667,0.8913690476190476,1.1071428571428572,2.4642857142857144,
neutral_post_threshold,7,30,0.8333333333333334,0.9583333333333334,1.0250000000000001,1.0,1.0,1,0.7358630952380952,0.9754464285714286,0.8764880952380952,1.0580357142857142,3.0,
neutral_post_threshold,7,31,0.875,1.0,1.075,0.9166666666666666,1.375,2,0.7566964285714286,0.9709821428571429,0.8645833333333333,1.0401785714285714,3.0357142857142856,
neutral_post_threshold,7,32,0.9166666666666666,0.9791666666666666,1.1125,0.9166666666666666,1.375,2,0.7827380952380952,0.9620535714285714,0.9032738095238094,1.1205357142857142,2.25,31
neutral_post_threshold,7,33,0.9375,1.0,1.1375,0.9166666666666666,1.0,2,0.8087797619047619,0.9754464285714286,0.8988095238095237,1.1205357142857142,2.107142857142857,31
neutral_post_threshold,7,34,0.9375,1.0,1.1375,0.9166666666666666,1.625,2,0.8147321428571429,0.9635416666666667,0.8616071428571429,1.2455357142857142,2.6785714285714284,31
neutral_post_threshold,7,35,0.9375,1.0,1.1375,0.9166666666666666,1.0,2,0.8080357142857143,0.9813988095238095,0.9181547619047619,1.1696428571428572,2.357142857142857,31
neutral_post_threshold,7,36,0.9375,1.0,1.1375,0.9166666666666666,1.0,2,0.8392857142857143,0.9866071428571429,0.9300595238095238,0.9821428571428571,1.9285714285714286,31
neutral_post_threshold,7,37,0.9375,1.0,1.1375,0.8333333333333334,1.0,2,0.7924107142857143,0.9680059523809524,0.8913690476190476,1.1607142857142858,2.0714285714285716,31
neutral_post_threshold,7,38,0.9375,1.0,1.1375,0.8333333333333334,1.25,2,0.8415178571428571,0.9769345238095238,0.8675595238095238,1.1696428571428572,2.5357142857142856,31
neutral_post_threshold,7,39,0.9375,1.0,1.1375,0.8333333333333334,0.75,2,0.837797619047619,0.9680059523809524,0.8526785714285714,1.2901785714285714,3.2142857142857144,31
neutral_post_threshold,7,40,0.9375,1.0,1.1375,0.7916666666666666,1.125,4,0.8616071428571429,0.974702380952381,0.818452380952381,1.0803571428571428,3.642857142857143,31
neutral_post_threshold,7,41,0.9375,1.0,1.1375,0.7916666666666666,2.125,4,0.8467261904761905,0.974702380952381,0.8348214285714286,1.1116071428571428,4.107142857142857,31
neutral_post_threshold,7,42,0.9375,1.0,1.1375,0.7916666666666666,1.0,4,0.8757440476190476,0.9769345238095238,0.8854166666666667,1.2678571428571428,3.0,31
neutral_post_threshold,7,43,0.9375,1.0,1.1375,0.9166666666666666,1.375,2,0.8214285714285714,0.9694940476190476,0.8616071428571429,1.2008928571428572,3.3214285714285716,31
neutral_post_threshold,7,44,0.9375,1.0,1.1375,0.9166666666666666,1.125,4,0.8348214285714286,0.9754464285714286,0.8541666666666667,0.9821428571428571,3.107142857142857,31
neutral_post_threshold,7,45,0.9375,1.0,1.1375,0.7916666666666666,1.25,4,0.8080357142857143,0.9739583333333333,0.8645833333333333,1.1919642857142858,3.107142857142857,31
neutral_post_threshold,7,46,0.9375,1.0,1.1375,1.0,0.875,1,0.8318452380952381,0.974702380952381,0.8616071428571429,1.0446428571428572,3.142857142857143,31
neutral_post_threshold,7,47,0.9375,1.0,1.1375,1.0,1.625,1,0.802827380952381,0.9709821428571429,0.8586309523809524,1.1785714285714286,2.857142857142857,31
neutral_post_threshold,7,48,0.9375,1.0,1.1375,1.0,1.25,1,0.8102678571428571,0.9665178571428571,0.7946428571428571,1.2232142857142858,3.9285714285714284,31
neutral_post_threshold,7,49,0.9375,1.0,1.1375,1.0,1.125,1,0.7953869047619048,0.9583333333333333,0.837797619047619,1.3214285714285714,5.892857142857143,31
neutral_post_threshold,7,50,0.9375,1.0,1.1375,1.0,0.875,1,0.7842261904761905,0.9635416666666667,0.8601190476190476,1.1473214285714286,5.142857142857143,31
neutral_post_threshold,7,51,0.9375,1.0,1.1375,1.0,0.875,1,0.7745535714285714,0.9650297619047619,0.875,1.09375,5.321428571428571,31
neutral_post_threshold,7,52,0.9375,1.0,1.1375,1.0,1.375,1,0.834077380952381,0.9680059523809524,0.9107142857142857,1.1205357142857142,3.25,31
neutral_post_threshold,7,53,0.9375,1.0,1.1375,1.0,1.0,1,0.8266369047619048,0.96875,0.8616071428571429,1.1428571428571428,4.428571428571429,31
neutral_post_threshold,7,54,0.9375,1.0,1.1375,1.0,1.0,1,0.8035714285714286,0.9680059523809524,0.9017857142857143,1.0758928571428572,2.75,31
neutral_post_threshold,7,55,0.9375,1.0,1.1375,1.0,1.0,1,0.8125,0.9583333333333333,0.8883928571428571,1.0178571428571428,2.5357142857142856,31
neutral_post_threshold,7,56,0.9375,1.0,1.1375,1.0,1.0,1,0.8303571428571429,0.9650297619047619,0.9181547619047619,1.0982142857142858,1.9642857142857142,31
neutral_post_threshold,7,57,0.9375,1.0,1.1375,1.0,1.5,1,0.8013392857142857,0.9694940476190476,0.8660714285714286,1.0758928571428572,2.4285714285714284,31
neutral_post_threshold,7,58,0.9375,1.0,1.1375,1.0,1.75,1,0.7857142857142857,0.9739583333333333,0.8883928571428571,1.1205357142857142,2.142857142857143,31
neutral_post_threshold,7,59,0.9375,1.0,1.1375,1.0,0.875,1,0.8355654761904762,0.9761904761904762,0.9241071428571429,1.0446428571428572,2.2142857142857144,31
neutral_post_threshold,7,60,0.9583333333333334,0.9791666666666666,1.1541666666666668,0.8333333333333334,1.25,4,0.869047619047619,0.9888392857142857,0.9419642857142857,1.0892857142857142,2.642857142857143,31
neutral_post_threshold,7,61,0.9375,1.0,1.1375,1.0,1.125,1,0.8147321428571429,0.978422619047619,0.9226190476190476,1.0803571428571428,1.9642857142857142,31
neutral_post_threshold,7,62,0.9375,1.0,1.1375,1.0,0.625,1,0.822172619047619,0.9769345238095238,0.931547619047619,1.0982142857142858,2.107142857142857,31
neutral_post_threshold,7,63,0.9375,1.0,1.1375,1.0,1.125,1,0.8526785714285714,0.9650297619047619,0.9419642857142857,1.1339285714285714,2.0357142857142856,31
neutral_post_threshold,7,64,0.9375,1.0,1.1375,1.0,0.875,1,0.8430059523809524,0.9828869047619048,0.9538690476190476,1.125,1.7857142857142858,31
neutral_post_threshold,7,65,0.9375,1.0,1.1375,1.0,0.75,1,0.8526785714285714,0.974702380952381,0.9136904761904762,1.03125,2.392857142857143,31
neutral_post_threshold,7,66,0.9375,1.0,1.1375,1.0,0.875,1,0.8556547619047619,0.9799107142857143,0.9404761904761905,1.0892857142857142,2.2142857142857144,31
neutral_post_threshold,7,67,0.9375,1.0,1.1375,1.0,1.0,1,0.8244047619047619,0.9866071428571429,0.9241071428571429,1.0223214285714286,2.5714285714285716,31
neutral_post_threshold,7,68,0.9375,1.0,1.1375,1.0,0.875,1,0.8058035714285714,0.9642857142857143,0.880952380952381,1.1651785714285714,2.857142857142857,31
neutral_post_threshold,7,69,0.9375,1.0,1.1375,1.0,1.0,1,0.7864583333333333,0.962797619047619,0.8958333333333333,0.9553571428571429,2.9642857142857144,31
neutral_post_threshold,7,70,0.9375,1.0,1.1375,1.0,0.75,1,0.8177083333333333,0.9613095238095238,0.9196428571428571,1.1428571428571428,2.142857142857143,31
neutral_post_threshold,7,71,0.9375,1.0,1.1375,1.0,1.0,1,0.7827380952380952,0.9680059523809524,0.9255952380952381,1.125,2.0357142857142856,31
mutation_only,0,0,0.6875,0.9583333333333334,0.8791666666666667,0.5,1.375,12,0.5245535714285714,0.8504464285714286,0.45089285714285715,1.2321428571428572,12.785714285714286,
mutation_only,0,1,0.6875,0.8333333333333334,0.8541666666666667,0.9583333333333334,1.75,2,0.5215773809523809,0.8660714285714286,0.5386904761904762,1.3169642857142858,10.821428571428571,
mutation_only,0,2,0.6666666666666666,0.9166666666666667,0.85,0.4166666666666667,0.75,5,0.5290178571428571,0.8735119047619049,0.4494047619047619,1.3526785714285714,11.321428571428571,
mutation_only,0,3,0.6875,0.9166666666666666,0.8708333333333333,0.6666666666666666,1.25,18,0.527529761904762,0.8727678571428571,0.5148809523809523,1.1964285714285714,7.678571428571429,
mutation_only,0,4,0.6666666666666666,0.8541666666666666,0.8374999999999999,0.4166666666666667,0.875,4,0.5424107142857143,0.8697916666666667,0.38541666666666663,1.2589285714285714,10.642857142857142,
mutation_only,0,5,0.6666666666666666,0.9375,0.8541666666666666,0.5833333333333334,1.375,62,0.5424107142857143,0.8519345238095238,0.3943452380952381,1.3482142857142858,16.535714285714285,
mutation_only,0,6,0.6875,0.7916666666666666,0.8458333333333333,0.08333333333333333,2.0,25,0.5364583333333333,0.8556547619047619,0.3898809523809524,1.1919642857142858,14.321428571428571,
mutation_only,0,7,0.6875,0.8333333333333334,0.8541666666666667,0.08333333333333333,1.0,25,0.5379464285714286,0.8392857142857143,0.3794642857142857,1.2678571428571428,9.178571428571429,
mutation_only,0,8,0.6875,0.7916666666666666,0.8458333333333333,0.20833333333333334,0.5,5,0.5379464285714286,0.8363095238095238,0.4226190476190476,1.3705357142857142,7.607142857142857,
mutation_only,0,9,0.625,0.8333333333333334,0.7916666666666667,0.20833333333333334,0.625,28,0.5141369047619048,0.8452380952380952,0.3705357142857143,1.3125,13.0,
mutation_only,0,10,0.7708333333333334,0.8958333333333334,0.9500000000000001,1.0,1.25,1,0.5491071428571429,0.828125,0.46279761904761907,1.2455357142857142,11.214285714285714,
mutation_only,0,11,0.6875,0.9583333333333334,0.8791666666666667,0.8333333333333334,2.0,4,0.5215773809523809,0.8355654761904762,0.5,1.28125,12.321428571428571,
mutation_only,0,12,0.625,0.875,0.8,0.16666666666666666,2.5,6,0.503720238095238,0.8303571428571429,0.40625,1.1160714285714286,14.178571428571429,
mutation_only,0,13,0.6666666666666666,0.8333333333333334,0.8333333333333333,0.6666666666666666,1.625,3,0.519345238095238,0.8370535714285714,0.41220238095238093,1.2366071428571428,12.107142857142858,
mutation_only,0,14,0.6666666666666666,0.9791666666666666,0.8624999999999999,0.5,1.25,4,0.5186011904761905,0.8363095238095238,0.4538690476190476,1.4419642857142858,9.678571428571429,
mutation_only,0,15,0.6666666666666666,0.8541666666666667,0.8375,0.75,1.75,31,0.5491071428571429,0.8303571428571429,0.5178571428571429,1.3839285714285714,10.428571428571429,
mutation_only,0,16,0.7083333333333334,0.8125,0.8708333333333333,0.875,1.375,2,0.5319940476190477,0.8311011904761905,0.48660714285714285,1.2366071428571428,10.357142857142858,
mutation_only,0,17,0.6458333333333334,0.7916666666666666,0.8041666666666667,0.5,1.125,6,0.5357142857142857,0.8258928571428571,0.4955357142857143,1.2142857142857142,12.892857142857142,
mutation_only,0,18,0.6666666666666666,0.9375,0.8541666666666666,1.0,1.25,1,0.5260416666666666,0.834077380952381,0.49404761904761907,1.3303571428571428,9.285714285714286,
mutation_only,0,19,0.6041666666666666,0.9791666666666666,0.7999999999999999,0.7083333333333334,1.25,4,0.4895833333333333,0.8519345238095238,0.5104166666666666,1.2991071428571428,16.214285714285715,
mutation_only,0,20,0.6458333333333334,0.9791666666666666,0.8416666666666667,0.7916666666666666,1.0,4,0.5171130952380952,0.8764880952380952,0.5357142857142857,1.2946428571428572,10.321428571428571,
mutation_only,0,21,0.625,0.9583333333333334,0.8166666666666667,0.9166666666666666,1.0,2,0.5282738095238095,0.8950892857142857,0.6011904761904762,1.4642857142857142,6.214285714285714,
mutation_only,0,22,0.6458333333333334,0.9791666666666666,0.8416666666666667,1.0,1.25,1,0.5066964285714286,0.8943452380952381,0.6398809523809524,1.2946428571428572,6.428571428571429,
mutation_only,0,23,0.625,0.8958333333333334,0.8041666666666667,0.875,1.375,2,0.503720238095238,0.9010416666666667,0.5654761904761905,1.4151785714285714,6.857142857142857,
mutation_only,0,24,0.6041666666666666,0.9791666666666666,0.7999999999999999,0.25,1.5,8,0.5029761904761905,0.8839285714285714,0.39285714285714285,1.3973214285714286,10.107142857142858,
mutation_only,0,25,0.6666666666666666,0.875,0.8416666666666667,0.5416666666666666,1.25,8,0.5215773809523809,0.8973214285714286,0.45089285714285715,1.2321428571428572,7.5,
mutation_only,0,26,0.625,1.0,0.825,0.6666666666666666,1.625,4,0.48586309523809523,0.8988095238095238,0.3482142857142857,1.3348214285714286,10.785714285714286,
mutation_only,0,27,0.625,0.8958333333333334,0.8041666666666667,0.25,1.125,8,0.5126488095238095,0.8690476190476192,0.43154761904761907,1.2276785714285714,10.714285714285714,
mutation_only,0,28,0.6666666666666666,0.8333333333333334,0.8333333333333333,0.625,1.0,6,0.5074404761904762,0.8846726190476192,0.4925595238095238,1.2544642857142858,9.964285714285714,
mutation_only,0,29,0.6875,0.8541666666666666,0.8583333333333334,0.3333333333333333,1.25,15,0.5111607142857143,0.8712797619047619,0.5252976190476191,1.2366071428571428,10.321428571428571,
mutation_only,0,30,0.6458333333333334,0.9166666666666666,0.8291666666666667,1.0,0.875,1,0.5014880952380952,0.8586309523809524,0.5654761904761905,1.2857142857142858,6.75,
mutation_only,0,31,0.6458333333333334,0.875,0.8208333333333334,0.6666666666666666,1.125,8,0.5029761904761905,0.8697916666666667,0.5773809523809524,1.2098214285714286,9.964285714285714,
mutation_only,0,32,0.6458333333333333,0.8333333333333334,0.8125,0.5416666666666666,1.25,4,0.4962797619047619,0.8586309523809524,0.6592261904761905,1.4375,6.714285714285714,
mutation_only,0,33,0.6041666666666666,0.875,0.7791666666666667,1.0,0.875,1,0.5014880952380952,0.8489583333333334,0.6741071428571429,1.2678571428571428,6.964285714285714,
mutation_only,0,34,0.6458333333333334,0.7708333333333334,0.8,1.0,1.5,1,0.5007440476190477,0.8355654761904762,0.5133928571428571,1.2678571428571428,9.678571428571429,
mutation_only,0,35,0.6458333333333334,0.8958333333333334,0.8250000000000001,0.4583333333333333,1.125,6,0.5014880952380952,0.8422619047619048,0.4255952380952381,1.1741071428571428,10.178571428571429,
mutation_only,0,36,0.6666666666666666,0.7916666666666666,0.825,0.2916666666666667,0.875,3,0.5081845238095238,0.8556547619047619,0.5208333333333334,1.2946428571428572,8.0,
mutation_only,0,37,0.7291666666666666,0.875,0.9041666666666667,0.16666666666666666,0.75,9,0.4992559523809524,0.8474702380952381,0.3794642857142857,1.1696428571428572,10.0,
mutation_only,0,38,0.625,0.75,0.775,0.2916666666666667,0.875,5,0.5029761904761905,0.8407738095238095,0.4404761904761905,1.2142857142857142,8.821428571428571,
mutation_only,0,39,0.6875,0.9166666666666667,0.8708333333333333,0.20833333333333334,1.25,6,0.5290178571428571,0.8325892857142857,0.3869047619047619,1.2946428571428572,11.214285714285714,
mutation_only,0,40,0.6458333333333334,0.875,0.8208333333333334,0.3333333333333333,1.25,5,0.519345238095238,0.8273809523809524,0.550595238095238,1.2946428571428572,8.178571428571429,
mutation_only,0,41,0.5833333333333334,0.9375,0.7708333333333334,0.2916666666666667,1.125,5,0.5089285714285714,0.8258928571428571,0.4538690476190476,1.21875,13.821428571428571,
mutation_only,0,42,0.6875,0.8541666666666667,0.8583333333333334,1.0,1.625,1,0.5133928571428571,0.8266369047619048,0.550595238095238,1.4017857142857142,11.107142857142858,
mutation_only,0,43,0.625,0.9583333333333334,0.8166666666666667,0.25,1.625,6,0.49479166666666663,0.8311011904761905,0.5639880952380952,1.3526785714285714,11.785714285714286,
mutation_only,0,44,0.625,0.8333333333333334,0.7916666666666667,0.20833333333333334,2.0,16,0.5044642857142857,0.8355654761904762,0.3720238095238095,1.2321428571428572,16.107142857142858,
mutation_only,0,45,0.6458333333333334,0.7708333333333334,0.8,0.08333333333333333,1.625,8,0.5223214285714286,0.8162202380952381,0.38541666666666663,1.4151785714285714,9.535714285714286,
mutation_only,0,46,0.6041666666666666,0.9375,0.7916666666666666,0.2916666666666667,1.125,3,0.5111607142857143,0.8273809523809524,0.36904761904761907,1.2053571428571428,12.607142857142858,
mutation_only,0,47,0.5833333333333334,0.9583333333333334,0.775,0.375,1.125,3,0.5014880952380952,0.8363095238095238,0.3869047619047619,1.2723214285714286,12.285714285714286,
mutation_only,0,48,0.6458333333333334,0.7916666666666666,0.8041666666666667,0.5,1.5,4,0.5066964285714286,0.8348214285714286,0.4211309523809524,1.1830357142857142,11.892857142857142,
mutation_only,0,49,0.625,0.9375,0.8125,1.0,1.375,1,0.5327380952380952,0.8266369047619048,0.42708333333333337,1.3035714285714286,11.392857142857142,
mutation_only,0,50,0.7083333333333334,0.8333333333333334,0.875,0.20833333333333334,1.0,36,0.49851190476190477,0.8407738095238095,0.4836309523809524,1.1741071428571428,8.357142857142858,
mutation_only,0,51,0.75,0.7916666666666667,0.9083333333333333,0.5416666666666666,1.625,4,0.5148809523809523,0.8467261904761905,0.5580357142857143,1.3660714285714286,6.857142857142857,
mutation_only,0,52,0.6041666666666666,0.9375,0.7916666666666666,0.5416666666666666,1.375,6,0.49776785714285715,0.8459821428571429,0.4717261904761905,1.3392857142857142,9.0,
mutation_only,0,53,0.5625,0.9166666666666666,0.7458333333333333,0.8333333333333334,1.375,2,0.4806547619047619,0.8519345238095238,0.4017857142857143,1.3080357142857142,14.0,
mutation_only,0,54,0.6666666666666666,0.7708333333333334,0.8208333333333333,0.125,1.625,16,0.5074404761904762,0.8422619047619048,0.4836309523809524,1.3660714285714286,9.785714285714286,
mutation_only,0,55,0.5833333333333334,0.875,0.7583333333333334,1.0,1.375,1,0.49404761904761907,0.8526785714285714,0.38541666666666663,1.4419642857142858,12.357142857142858,
mutation_only,0,56,0.6458333333333334,0.7291666666666666,0.7916666666666667,1.0,1.25,1,0.48214285714285715,0.8526785714285714,0.4806547619047619,1.375,12.214285714285714,
mutation_only,0,57,0.6458333333333334,0.9166666666666667,0.8291666666666667,0.7083333333333334,1.0,4,0.4806547619047619,0.8474702380952381,0.4419642857142857,1.25,15.428571428571429,
mutation_only,0,58,0.6041666666666666,0.8333333333333334,0.7708333333333333,1.0,1.0,1,0.4925595238095238,0.8578869047619049,0.48214285714285715,1.3035714285714286,9.321428571428571,
mutation_only,0,59,0.625,0.8541666666666666,0.7958333333333334,0.3333333333333333,1.375,8,0.49404761904761907,0.8556547619047619,0.44345238095238093,1.3660714285714286,10.714285714285714,
mutation_only,0,60,0.5833333333333334,0.8333333333333334,0.75,0.0,1.125,24,0.4761904761904762,0.8563988095238095,0.5669642857142857,1.4508928571428572,10.857142857142858,
mutation_only,0,61,0.625,0.875,0.8,0.0,1.375,11,0.49404761904761907,0.8586309523809524,0.6071428571428571,1.3794642857142858,10.928571428571429,
mutation_only,0,62,0.5833333333333334,0.75,0.7333333333333334,0.041666666666666664,1.25,31,0.4657738095238095,0.8370535714285714,0.48214285714285715,1.3705357142857142,11.464285714285714,
mutation_only,0,63,0.625,0.875,0.8,0.041666666666666664,1.25,18,0.47544642857142855,0.8645833333333333,0.44642857142857145,1.4107142857142858,15.035714285714286,
mutation_only,0,64,0.5833333333333334,0.9166666666666666,0.7666666666666667,1.0,1.375,1,0.46205357142857145,0.8683035714285714,0.6369047619047619,1.3973214285714286,9.571428571428571,
mutation_only,0,65,0.6041666666666666,0.8541666666666667,0.775,0.4583333333333333,1.25,4,0.4642857142857143,0.8787202380952381,0.6741071428571429,1.375,6.5,
mutation_only,0,66,0.6666666666666666,0.7916666666666666,0.825,1.0,2.375,1,0.4724702380952381,0.8883928571428571,0.6830357142857143,1.375,6.75,
mutation_only,0,67,0.6666666666666666,0.8125,0.8291666666666666,0.2916666666666667,1.125,8,0.49032738095238093,0.8526785714285714,0.5282738095238095,1.2366071428571428,9.964285714285714,
mutation_only,0,68,0.6041666666666666,0.9166666666666667,0.7875,0.5833333333333334,2.125,5,0.5007440476190477,0.8578869047619048,0.59375,1.21875,6.892857142857143,
mutation_only,0,69,0.6458333333333334,0.9166666666666667,0.8291666666666667,1.0,2.125,1,0.5215773809523809,0.8735119047619049,0.6443452380952381,1.46875,4.928571428571429,
mutation_only,0,70,0.625,0.9166666666666666,0.8083333333333333,1.0,1.25,1,0.4732142857142857,0.8504464285714286,0.4955357142857143,1.3571428571428572,11.5,
mutation_only,0,71,0.625,1.0,0.825,0.75,1.5,2,0.5014880952380952,0.865327380952381,0.511904761904762,1.3080357142857142,12.964285714285714,
mutation_only,0,72,0.6666666666666666,0.8333333333333334,0.8333333333333333,0.08333333333333333,1.625,8,0.49776785714285715,0.8980654761904762,0.6949404761904762,1.2991071428571428,5.678571428571429,
mutation_only,0,73,0.6666666666666666,0.8333333333333334,0.8333333333333333,0.08333333333333333,1.375,12,0.5022321428571429,0.8816964285714286,0.6011904761904762,1.2276785714285714,7.285714285714286,
mutation_only,0,74,0.6458333333333334,0.9791666666666666,0.8416666666666667,1.0,1.375,1,0.5059523809523809,0.8764880952380952,0.587797619047619,1.25,5.464285714285714,
mutation_only,0,75,0.6458333333333334,0.9583333333333334,0.8375,0.9583333333333334,2.375,2,0.4962797619047619,0.8839285714285714,0.5372023809523809,1.4508928571428572,9.535714285714286,
mutation_only,0,76,0.625,1.0,0.825,0.9583333333333334,1.0,2,0.5178571428571429,0.8571428571428571,0.6830357142857143,1.2098214285714286,6.571428571428571,
mutation_only,0,77,0.6666666666666666,0.9791666666666666,0.8624999999999999,0.9583333333333334,1.375,2,0.5282738095238095,0.8854166666666667,0.6413690476190476,1.3214285714285714,6.285714285714286,
mutation_only,0,78,0.6875,0.8541666666666666,0.8583333333333334,0.9166666666666666,1.5,2,0.5342261904761905,0.8846726190476192,0.693452380952381,1.3660714285714286,7.107142857142857,
mutation_only,0,79,0.7083333333333334,0.8333333333333334,0.875,0.0,1.125,39,0.5290178571428571,0.880952380952381,0.744047619047619,1.2857142857142858,4.714285714285714,
mutation_only,1,0,0.6458333333333334,0.875,0.8208333333333334,0.5,2.0,20,0.4813988095238095,0.8720238095238095,0.4538690476190476,1.1919642857142858,8.821428571428571,
mutation_only,1,1,0.625,0.8958333333333334,0.8041666666666667,1.0,1.125,1,0.4761904761904762,0.8735119047619048,0.5491071428571429,1.3348214285714286,6.25,
mutation_only,1,2,0.625,0.8333333333333334,0.7916666666666667,0.625,1.375,2,0.4888392857142857,0.8586309523809524,0.5907738095238095,1.2991071428571428,5.571428571428571,
mutation_only,1,3,0.625,0.8958333333333334,0.8041666666666667,0.041666666666666664,1.375,21,0.503720238095238,0.8638392857142857,0.5773809523809524,1.2366071428571428,8.0,
mutation_only,1,4,0.6458333333333334,0.9791666666666666,0.8416666666666667,0.5,0.75,6,0.49776785714285715,0.8936011904761906,0.6860119047619048,1.2142857142857142,6.142857142857143,
mutation_only,1,5,0.7083333333333334,0.8333333333333334,0.875,1.0,1.0,1,0.5163690476190477,0.8928571428571429,0.6577380952380952,1.2544642857142858,5.392857142857143,
mutation_only,1,6,0.6458333333333334,0.9791666666666666,0.8416666666666667,0.8333333333333334,0.75,3,0.5022321428571429,0.8675595238095238,0.6458333333333333,1.21875,4.607142857142857,
mutation_only,1,7,0.7291666666666666,0.9375,0.9166666666666666,1.0,1.625,1,0.5401785714285714,0.8816964285714286,0.5967261904761905,1.3035714285714286,5.785714285714286,
mutation_only,1,8,0.625,1.0,0.825,1.0,1.5,1,0.5089285714285714,0.8742559523809524,0.5922619047619048,1.2410714285714286,6.107142857142857,
mutation_only,1,9,0.6458333333333334,0.9166666666666667,0.8291666666666667,0.041666666666666664,0.875,38,0.5238095238095238,0.8913690476190476,0.6681547619047619,1.15625,5.392857142857143,
mutation_only,1,10,0.6458333333333334,0.9791666666666666,0.8416666666666667,0.9583333333333334,1.125,2,0.5364583333333334,0.8883928571428571,0.6964285714285714,1.2455357142857142,5.892857142857143,
mutation_only,1,11,0.6458333333333334,0.9583333333333334,0.8375,0.6666666666666666,1.75,7,0.5476190476190477,0.8995535714285714,0.6443452380952381,1.1785714285714286,8.678571428571429,
mutation_only,1,12,0.6458333333333334,0.9791666666666666,0.8416666666666667,0.5833333333333334,0.75,7,0.543154761904762,0.8988095238095238,0.6473214285714286,1.1607142857142858,7.464285714285714,
mutation_only,1,13,0.6875,1.0,0.8875,0.6666666666666666,1.25,7,0.558779761904762,0.90625,0.5684523809523809,1.1785714285714286,7.857142857142857,
mutation_only,1,14,0.6875,1.0,0.8875,0.7916666666666666,0.875,2,0.5476190476190476,0.890625,0.4761904761904762,1.3214285714285714,10.5,
mutation_only,1,15,0.625,1.0,0.825,0.625,1.375,2,0.5297619047619048,0.896577380952381,0.5401785714285714,1.3214285714285714,8.035714285714286,
mutation_only,1,16,0.6458333333333334,0.9583333333333334,0.8375,0.08333333333333333,1.0,33,0.5141369047619048,0.8928571428571429,0.4732142857142857,1.1964285714285714,12.0,
mutation_only,1,17,0.6666666666666666,0.9791666666666666,0.8624999999999999,0.08333333333333333,2.0,23,0.5372023809523809,0.9010416666666667,0.42410714285714285,1.2276785714285714,14.035714285714286,
mutation_only,1,18,0.6666666666666666,0.9375,0.8541666666666666,1.0,1.25,1,0.5461309523809523,0.9010416666666667,0.3705357142857143,1.1116071428571428,9.464285714285714,
mutation_only,1,19,0.6875,0.8333333333333334,0.8541666666666667,1.0,1.125,1,0.534970238095238,0.90625,0.4330357142857143,1.3928571428571428,13.428571428571429,
mutation_only,1,20,0.6666666666666666,0.9583333333333334,0.8583333333333333,0.6666666666666666,0.875,5,0.5200892857142857,0.8936011904761906,0.4523809523809524,1.2276785714285714,8.75,
mutation_only,1,21,0.6458333333333334,0.9583333333333334,0.8375,0.5416666666666666,1.125,14,0.5290178571428571,0.9084821428571429,0.4538690476190476,1.3258928571428572,8.25,
mutation_only,1,22,0.6458333333333333,0.8958333333333334,0.825,0.20833333333333334,1.0,10,0.5357142857142857,0.9032738095238095,0.4761904761904762,1.2098214285714286,7.178571428571429,
mutation_only,1,23,0.625,0.9583333333333334,0.8166666666666667,0.08333333333333333,1.75,43,0.5096726190476191,0.890625,0.45089285714285715,1.2991071428571428,11.321428571428571,
mutation_only,1,24,0.6458333333333334,0.9375,0.8333333333333334,0.08333333333333333,1.375,22,0.5104166666666666,0.8869047619047619,0.4761904761904762,1.1473214285714286,8.214285714285714,
mutation_only,1,25,0.6666666666666666,0.9375,0.8541666666666666,0.125,1.5,14,0.49776785714285715,0.8861607142857143,0.4330357142857143,1.2901785714285714,11.5,
mutation_only,1,26,0.6666666666666666,0.9166666666666667,0.85,0.16666666666666666,1.25,4,0.5178571428571429,0.8898809523809524,0.5491071428571429,1.2098214285714286,10.607142857142858,
mutation_only,1,27,0.625,1.0,0.825,1.0,1.625,1,0.515625,0.915922619047619,0.6830357142857143,1.2678571428571428,5.892857142857143,
mutation_only,1,28,0.6458333333333334,0.9375,0.8333333333333334,0.125,0.75,8,0.5126488095238095,0.9300595238095238,0.775297619047619,1.125,3.857142857142857,
mutation_only,1,29,0.6666666666666666,0.9166666666666666,0.85,0.625,0.875,3,0.5096726190476191,0.9233630952380952,0.7142857142857143,1.2678571428571428,4.285714285714286,
mutation_only,1,30,0.5833333333333334,0.8541666666666666,0.7541666666666667,0.041666666666666664,1.75,43,0.4918154761904762,0.8988095238095238,0.5282738095238095,1.2410714285714286,11.321428571428571,
mutation_only,1,31,0.6041666666666666,0.8541666666666667,0.775,0.041666666666666664,1.375,13,0.5111607142857143,0.9032738095238095,0.5550595238095238,1.21875,13.321428571428571,
mutation_only,1,32,0.6666666666666666,0.8541666666666666,0.8374999999999999,0.7083333333333334,0.625,31,0.5126488095238095,0.9040178571428571,0.6473214285714286,1.2276785714285714,9.25,
mutation_only,1,33,0.625,0.7916666666666666,0.7833333333333333,0.4583333333333333,1.0,8,0.4970238095238095,0.9055059523809524,0.6235119047619048,1.1875,12.464285714285714,
mutation_only,1,34,0.6666666666666666,0.875,0.8416666666666667,0.5416666666666666,0.875,10,0.49776785714285715,0.9114583333333333,0.6741071428571429,1.3839285714285714,7.642857142857143,
mutation_only,1,35,0.6458333333333334,0.9583333333333334,0.8375,0.5416666666666666,1.0,10,0.4888392857142857,0.9203869047619048,0.6294642857142857,1.1741071428571428,10.071428571428571,
mutation_only,1,36,0.625,0.7916666666666666,0.7833333333333333,0.6666666666666666,1.125,2,0.5066964285714286,0.9255952380952381,0.7098214285714286,1.2276785714285714,7.321428571428571,
mutation_only,1,37,0.5416666666666666,0.9166666666666667,0.725,0.6666666666666666,1.625,62,0.5007440476190477,0.915922619047619,0.7619047619047619,1.2857142857142858,8.107142857142858,
mutation_only,1,38,0.6458333333333334,0.8958333333333334,0.8250000000000001,0.875,2.25,7,0.5089285714285714,0.9084821428571429,0.775297619047619,1.2008928571428572,8.964285714285714,
mutation_only,1,39,0.625,0.8958333333333334,0.8041666666666667,0.4583333333333333,1.125,16,0.5059523809523809,0.9233630952380952,0.7380952380952381,1.1607142857142858,10.035714285714286,
mutation_only,1,40,0.6041666666666666,0.8958333333333334,0.7833333333333333,0.7083333333333334,1.5,30,0.5022321428571429,0.9226190476190476,0.7053571428571429,1.1785714285714286,7.964285714285714,
mutation_only,1,41,0.5625,0.9375,0.75,0.6666666666666666,1.0,2,0.47395833333333337,0.9375,0.7425595238095238,1.1517857142857142,6.071428571428571,
mutation_only,1,42,0.6041666666666666,0.8958333333333334,0.7833333333333333,0.5416666666666666,1.375,2,0.4873511904761905,0.9300595238095238,0.744047619047619,1.125,7.142857142857143,
mutation_only,1,43,0.6666666666666666,0.8958333333333334,0.8458333333333333,0.5416666666666666,0.625,2,0.4918154761904762,0.927827380952381,0.7529761904761905,1.2053571428571428,5.035714285714286,
mutation_only,1,44,0.6666666666666666,0.9791666666666666,0.8624999999999999,0.5,0.875,2,0.509672619047619,0.8950892857142857,0.6532738095238095,1.1517857142857142,5.428571428571429,
mutation_only,1,45,0.6458333333333334,0.9583333333333334,0.8375,0.5416666666666666,1.0,2,0.5081845238095238,0.921875,0.6592261904761905,1.1294642857142858,6.035714285714286,
mutation_only,1,46,0.6666666666666666,0.8958333333333334,0.8458333333333333,0.6666666666666666,1.75,2,0.5066964285714286,0.9032738095238095,0.7008928571428571,1.1741071428571428,3.5357142857142856,
mutation_only,1,47,0.6666666666666666,0.9166666666666667,0.85,0.5416666666666666,1.25,2,0.5029761904761905,0.902529761904762,0.6711309523809524,1.1473214285714286,4.25,
mutation_only,1,48,0.6458333333333334,0.8958333333333334,0.8250000000000001,0.5,1.25,2,0.5007440476190477,0.9107142857142857,0.6770833333333333,1.28125,4.642857142857143,
mutation_only,1,49,0.6875,0.8958333333333334,0.8666666666666667,0.7916666666666666,0.75,2,0.5379464285714286,0.918154761904762,0.7113095238095238,1.1785714285714286,4.571428571428571,
mutation_only,1,50,0.6458333333333334,0.9583333333333334,0.8375,0.75,0.75,2,0.49330357142857145,0.9099702380952381,0.7053571428571429,1.0580357142857142,5.964285714285714,
mutation_only,1,51,0.6041666666666666,0.9791666666666666,0.7999999999999999,0.8333333333333334,1.25,6,0.5178571428571429,0.8973214285714286,0.6473214285714286,1.3258928571428572,7.214285714285714,
mutation_only,1,52,0.625,0.8541666666666667,0.7958333333333334,0.5833333333333334,1.375,5,0.5104166666666666,0.8988095238095238,0.6398809523809524,1.2901785714285714,8.357142857142858,
mutation_only,1,53,0.6458333333333334,0.8958333333333334,0.8250000000000001,0.7083333333333334,0.75,3,0.49479166666666663,0.9032738095238095,0.5758928571428571,1.1964285714285714,7.392857142857143,
mutation_only,1,54,0.6666666666666666,0.875,0.8416666666666667,0.6666666666666666,1.625,2,0.48958333333333337,0.8936011904761905,0.6011904761904762,1.2455357142857142,5.178571428571429,
mutation_only,1,55,0.6666666666666666,0.9375,0.8541666666666666,0.7083333333333334,1.125,6,0.4962797619047619,0.896577380952381,0.5848214285714286,1.2232142857142858,4.464285714285714,
mutation_only,1,56,0.6875,0.8333333333333334,0.8541666666666667,0.20833333333333334,1.0,9,0.5074404761904762,0.8891369047619048,0.6607142857142857,1.2098214285714286,6.0,
mutation_only,1,57,0.625,0.8125,0.7875,0.5,1.25,4,0.47395833333333337,0.8578869047619049,0.4970238095238095,1.3482142857142858,10.142857142857142,
mutation_only,1,58,0.6458333333333334,0.8333333333333334,0.8125,0.25,1.375,8,0.5059523809523809,0.8630952380952381,0.6011904761904762,1.3258928571428572,7.535714285714286,
mutation_only,1,59,0.625,0.8958333333333334,0.8041666666666667,1.0,0.875,1,0.4925595238095238,0.8757440476190476,0.6086309523809524,1.3348214285714286,7.142857142857143,
mutation_only,1,60,0.6875,0.8333333333333334,0.8541666666666667,0.4166666666666667,1.375,10,0.49851190476190477,0.869047619047619,0.6830357142857143,1.2410714285714286,6.714285714285714,
mutation_only,1,61,0.6041666666666666,0.8541666666666667,0.775,0.5416666666666666,0.875,5,0.478422619047619,0.8571428571428571,0.7038690476190476,1.2455357142857142,8.785714285714286,
mutation_only,1,62,0.5833333333333334,0.9375,0.7708333333333334,0.4583333333333333,1.75,4,0.5014880952380952,0.8690476190476192,0.7053571428571429,1.375,7.678571428571429,
mutation_only,1,63,0.625,0.875,0.8,1.0,1.0,1,0.4918154761904762,0.8526785714285714,0.5416666666666666,1.1116071428571428,8.392857142857142,
mutation_only,1,64,0.625,0.7708333333333334,0.7791666666666667,0.08333333333333333,1.5,18,0.5089285714285714,0.8355654761904762,0.47916666666666663,1.4642857142857142,9.928571428571429,
mutation_only,1,65,0.6041666666666666,0.9375,0.7916666666666666,0.3333333333333333,1.5,6,0.5186011904761905,0.84375,0.5625,1.2053571428571428,10.0,
mutation_only,1,66,0.5833333333333334,0.8125,0.7458333333333333,0.5,1.75,10,0.4873511904761904,0.8333333333333333,0.5044642857142857,1.2589285714285714,11.607142857142858,
mutation_only,1,67,0.5833333333333334,0.8541666666666666,0.7541666666666667,0.9583333333333334,1.875,2,0.48660714285714285,0.8452380952380952,0.4761904761904762,1.3303571428571428,13.142857142857142,
mutation_only,1,68,0.625,0.7916666666666666,0.7833333333333333,0.08333333333333333,1.0,70,0.484375,0.8608630952380952,0.6339285714285714,1.1116071428571428,12.964285714285714,
mutation_only,1,69,0.6458333333333334,0.8541666666666667,0.8166666666666668,0.9166666666666666,1.0,2,0.4888392857142857,0.8504464285714286,0.5,1.3303571428571428,10.785714285714286,
mutation_only,1,70,0.7291666666666666,0.8125,0.8916666666666666,0.4166666666666667,1.625,7,0.48958333333333337,0.8601190476190476,0.5059523809523809,1.3928571428571428,10.821428571428571,
mutation_only,1,71,0.625,0.7291666666666666,0.7708333333333334,0.0,2.0,7,0.5022321428571429,0.8333333333333334,0.43601190476190477,1.3348214285714286,10.964285714285714,
mutation_only,1,72,0.625,0.875,0.8,0.3333333333333333,0.75,4,0.4970238095238095,0.849702380952381,0.45982142857142855,1.25,8.785714285714286,
mutation_only,1,73,0.6875,0.8541666666666667,0.8583333333333334,0.125,1.125,47,0.5029761904761905,0.8459821428571429,0.4761904761904762,1.4196428571428572,10.178571428571429,
mutation_only,1,74,0.625,0.9375,0.8125,0.5416666666666666,1.625,12,0.49107142857142855,0.8511904761904762,0.5446428571428571,1.2901785714285714,9.321428571428571,
mutation_only,1,75,0.6666666666666666,0.7916666666666666,0.825,0.5,1.5,9,0.47916666666666663,0.8415178571428571,0.5,1.3571428571428572,9.142857142857142,
mutation_only,1,76,0.625,0.8958333333333334,0.8041666666666667,0.5833333333333334,1.25,3,0.49851190476190477,0.8482142857142857,0.5610119047619048,1.3303571428571428,9.678571428571429,
mutation_only,1,77,0.6458333333333334,0.9166666666666666,0.8291666666666667,1.0,1.375,1,0.48586309523809523,0.8422619047619048,0.6116071428571429,1.2991071428571428,5.428571428571429,
mutation_only,1,78,0.7083333333333334,0.9583333333333334,0.9,0.6666666666666666,1.25,12,0.49776785714285715,0.8311011904761905,0.5922619047619048,1.3080357142857142,7.357142857142857,
mutation_only,1,79,0.6041666666666666,0.9166666666666667,0.7875,0.20833333333333334,1.875,7,0.49032738095238093,0.8370535714285714,0.5104166666666666,1.3482142857142858,11.964285714285714,
mutation_only,2,0,0.6875,0.9166666666666666,0.8708333333333333,0.2916666666666667,0.625,6,0.503720238095238,0.875,0.4523809523809524,1.3526785714285714,11.785714285714286,
mutation_only,2,1,0.6875,1.0,0.8875,0.9166666666666666,0.625,4,0.4970238095238095,0.8571428571428571,0.44791666666666663,1.1964285714285714,14.392857142857142,
mutation_only,2,2,0.6875,1.0,0.8875,0.9166666666666666,0.125,4,0.5066964285714286,0.884672619047619,0.5744047619047619,1.2946428571428572,10.464285714285714,
mutation_only,2,3,0.6875,1.0,0.8875,0.9166666666666666,1.0,4,0.5044642857142857,0.8727678571428571,0.5029761904761905,1.2901785714285714,11.321428571428571,
mutation_only,2,4,0.6041666666666666,0.875,0.7791666666666667,1.0,1.5,1,0.48660714285714285,0.8816964285714286,0.5029761904761905,1.28125,11.0,
mutation_only,2,5,0.6041666666666666,0.7916666666666666,0.7625,0.4166666666666667,1.25,16,0.48065476190476186,0.8913690476190476,0.4345238095238095,1.3258928571428572,16.75,
mutation_only,2,6,0.5625,0.9583333333333334,0.7541666666666667,0.75,1.5,2,0.4962797619047619,0.896577380952381,0.4345238095238095,1.2589285714285714,11.214285714285714,
mutation_only,2,7,0.5625,0.9583333333333334,0.7541666666666667,0.8333333333333334,0.875,4,0.4925595238095238,0.9099702380952381,0.48660714285714285,1.2678571428571428,11.357142857142858,
mutation_only,2,8,0.6041666666666666,0.875,0.7791666666666667,0.375,1.375,6,0.49107142857142855,0.8973214285714286,0.4375,1.4553571428571428,13.25,
mutation_only,2,9,0.5833333333333334,0.9166666666666667,0.7666666666666667,0.041666666666666664,1.5,7,0.49032738095238093,0.8973214285714286,0.38541666666666663,1.34375,13.285714285714286,
mutation_only,2,10,0.6666666666666666,0.8541666666666667,0.8375,0.041666666666666664,1.375,22,0.48958333333333337,0.9069940476190476,0.3125,1.4107142857142858,14.464285714285714,
mutation_only,2,11,0.6041666666666666,0.8333333333333334,0.7708333333333333,0.041666666666666664,1.25,7,0.4970238095238095,0.9151785714285714,0.4211309523809524,1.3526785714285714,11.607142857142858,
mutation_only,2,12,0.6041666666666666,0.9375,0.7916666666666666,0.7083333333333334,1.125,4,0.4880952380952381,0.9114583333333334,0.41964285714285715,1.46875,9.285714285714286,
mutation_only,2,13,0.6666666666666666,0.9583333333333334,0.8583333333333333,0.041666666666666664,2.0,28,0.4880952380952381,0.915922619047619,0.4226190476190476,1.5,12.857142857142858,
mutation_only,2,14,0.6458333333333334,0.9375,0.8333333333333334,0.375,1.5,12,0.4955357142857143,0.8936011904761906,0.48958333333333337,1.4553571428571428,10.714285714285714,
mutation_only,2,15,0.625,0.7916666666666666,0.7833333333333333,1.0,2.25,1,0.5096726190476191,0.8958333333333334,0.4568452380952381,1.4151785714285714,8.392857142857142,
mutation_only,2,16,0.6458333333333334,0.9166666666666667,0.8291666666666667,0.125,1.5,4,0.5059523809523809,0.9010416666666667,0.5089285714285714,1.3616071428571428,7.857142857142857,
mutation_only,2,17,0.625,0.9583333333333334,0.8166666666666667,0.2916666666666667,3.125,8,0.5059523809523809,0.8980654761904762,0.5476190476190477,1.625,8.821428571428571,
mutation_only,2,18,0.625,0.9166666666666667,0.8083333333333333,0.4166666666666667,0.875,10,0.5208333333333334,0.9047619047619048,0.511904761904762,1.4285714285714286,8.821428571428571,
mutation_only,2,19,0.625,0.9375,0.8125,0.5416666666666666,1.0,6,0.5208333333333334,0.880952380952381,0.550595238095238,1.3348214285714286,9.071428571428571,
mutation_only,2,20,0.625,0.8541666666666667,0.7958333333333334,0.7083333333333334,1.25,2,0.5215773809523809,0.8794642857142857,0.6116071428571429,1.3839285714285714,7.785714285714286,
mutation_only,2,21,0.6666666666666666,0.8958333333333334,0.8458333333333333,0.8333333333333334,1.5,2,0.5252976190476191,0.8794642857142857,0.6235119047619048,1.3571428571428572,8.821428571428571,
mutation_only,2,22,0.6458333333333334,0.9375,0.8333333333333334,0.5833333333333334,1.25,3,0.5290178571428571,0.8839285714285714,0.6056547619047619,1.3660714285714286,5.642857142857143,
mutation_only,2,23,0.625,0.875,0.8,0.7083333333333334,1.625,2,0.5342261904761905,0.8668154761904763,0.5818452380952381,1.4196428571428572,4.892857142857143,
mutation_only,2,24,0.6041666666666666,0.9791666666666666,0.7999999999999999,0.7083333333333334,0.75,2,0.5089285714285714,0.880952380952381,0.5863095238095238,1.3169642857142858,5.964285714285714,
mutation_only,2,25,0.625,0.9166666666666667,0.8083333333333333,0.6666666666666666,1.0,4,0.5133928571428571,0.8601190476190477,0.4404761904761905,1.2321428571428572,9.0,
mutation_only,2,26,0.5833333333333334,0.9166666666666667,0.7666666666666667,0.5,1.125,4,0.503720238095238,0.8511904761904762,0.4330357142857143,1.3883928571428572,8.892857142857142,
mutation_only,2,27,0.6041666666666666,0.8958333333333334,0.7833333333333333,0.4583333333333333,1.625,4,0.5029761904761905,0.8787202380952381,0.5029761904761905,1.4553571428571428,9.821428571428571,
mutation_only,2,28,0.5833333333333334,0.8333333333333334,0.75,0.5416666666666666,1.125,6,0.49107142857142855,0.859375,0.4970238095238095,1.5669642857142858,8.25,
mutation_only,2,29,0.6041666666666666,0.9375,0.7916666666666666,0.5,1.5,8,0.4962797619047619,0.869047619047619,0.48660714285714285,1.4330357142857142,6.392857142857143,
mutation_only,2,30,0.5625,0.8958333333333334,0.7416666666666667,0.5416666666666666,1.5,2,0.5029761904761905,0.880952380952381,0.4732142857142857,1.4464285714285714,8.357142857142858,
mutation_only,2,31,0.6458333333333334,0.9166666666666667,0.8291666666666667,0.5833333333333334,0.625,12,0.5096726190476191,0.8608630952380952,0.3869047619047619,1.2633928571428572,7.892857142857143,
mutation_only,2,32,0.6041666666666666,0.8333333333333334,0.7708333333333333,0.041666666666666664,1.0,10,0.5066964285714286,0.8348214285714286,0.3898809523809524,1.2142857142857142,9.214285714285714,
mutation_only,2,33,0.6041666666666666,0.7916666666666667,0.7625,0.0,1.375,27,0.49107142857142855,0.8348214285714286,0.32142857142857145,1.4285714285714286,14.75,
mutation_only,2,34,0.6875,0.8125,0.85,0.041666666666666664,1.625,8,0.5096726190476191,0.8482142857142857,0.255952380952381,1.4866071428571428,16.428571428571427,
mutation_only,2,35,0.6041666666666666,0.8125,0.7666666666666666,0.08333333333333333,1.375,22,0.503720238095238,0.8355654761904762,0.3392857142857143,1.6205357142857142,15.107142857142858,
mutation_only,2,36,0.6041666666666666,0.8541666666666667,0.775,0.8333333333333334,1.25,6,0.4992559523809524,0.8303571428571429,0.33035714285714285,1.3392857142857142,11.535714285714286,
mutation_only,2,37,0.6458333333333334,0.8125,0.8083333333333333,0.041666666666666664,1.875,14,0.5186011904761905,0.8251488095238095,0.30357142857142855,1.6339285714285714,11.25,
mutation_only,2,38,0.6458333333333334,0.875,0.8208333333333334,0.0,1.375,42,0.5178571428571429,0.8110119047619048,0.1994047619047619,1.6205357142857142,16.0,
mutation_only,2,39,0.625,0.8333333333333334,0.7916666666666667,0.6666666666666666,1.0,4,0.5014880952380952,0.7879464285714286,0.2470238095238095,1.4241071428571428,17.571428571428573,
mutation_only,2,40,0.6041666666666666,0.7916666666666666,0.7625,0.0,1.625,47,0.48214285714285715,0.8080357142857143,0.2961309523809524,1.3839285714285714,16.142857142857142,
mutation_only,2,41,0.7291666666666666,0.8333333333333334,0.8958333333333333,0.5,1.75,8,0.5223214285714286,0.8020833333333333,0.2306547619047619,1.4821428571428572,15.5,
mutation_only,2,42,0.6458333333333334,0.9375,0.8333333333333334,0.7083333333333334,1.875,12,0.515625,0.8303571428571429,0.2648809523809524,1.4821428571428572,13.928571428571429,
mutation_only,2,43,0.6458333333333334,0.7916666666666667,0.8041666666666667,0.041666666666666664,0.875,13,0.5089285714285714,0.8273809523809524,0.2693452380952381,1.5803571428571428,11.857142857142858,
mutation_only,2,44,0.6458333333333334,0.8541666666666666,0.8166666666666667,0.4166666666666667,1.875,12,0.4992559523809524,0.828125,0.2425595238095238,1.3660714285714286,13.571428571428571,
mutation_only,2,45,0.625,0.7708333333333334,0.7791666666666667,0.125,1.25,20,0.515625,0.8214285714285714,0.2217261904761905,1.4241071428571428,16.285714285714285,
mutation_only,2,46,0.7083333333333334,0.875,0.8833333333333334,0.4166666666666667,1.0,14,0.5052083333333333,0.7991071428571429,0.2648809523809524,1.3928571428571428,16.0,
mutation_only,2,47,0.6458333333333334,0.8125,0.8083333333333333,0.2916666666666667,1.5,4,0.49404761904761907,0.822172619047619,0.37648809523809523,1.4464285714285714,14.714285714285714,
mutation_only,2,48,0.5833333333333334,0.9166666666666667,0.7666666666666667,0.5,2.0,14,0.5163690476190477,0.8311011904761905,0.4419642857142857,1.4330357142857142,11.571428571428571,
mutation_only,2,49,0.6875,0.7708333333333333,0.8416666666666667,0.25,1.75,6,0.515625,0.8296130952380952,0.35714285714285715,1.3705357142857142,11.178571428571429,
mutation_only,2,50,0.6041666666666666,0.8958333333333334,0.7833333333333333,0.16666666666666666,1.0,7,0.5,0.8355654761904762,0.31101190476190477,1.375,10.642857142857142,
mutation_only,2,51,0.6875,0.8541666666666667,0.8583333333333334,0.25,1.375,4,0.4992559523809524,0.8549107142857143,0.3794642857142857,1.4642857142857142,12.0,
mutation_only,2,52,0.6041666666666666,0.9375,0.7916666666666666,1.0,1.5,1,0.5022321428571429,0.8392857142857143,0.4851190476190476,1.4866071428571428,8.714285714285714,
mutation_only,2,53,0.625,0.9166666666666666,0.8083333333333333,0.041666666666666664,2.25,16,0.5014880952380952,0.8430059523809524,0.5104166666666666,1.4330357142857142,7.571428571428571,
mutation_only,2,54,0.625,0.9375,0.8125,0.5833333333333334,1.375,2,0.49330357142857145,0.8080357142857143,0.5639880952380952,1.5,7.035714285714286,
mutation_only,2,55,0.625,0.7291666666666666,0.7708333333333334,0.20833333333333334,1.125,39,0.4970238095238095,0.8199404761904762,0.45982142857142855,1.2633928571428572,8.75,
mutation_only,2,56,0.6458333333333334,0.875,0.8208333333333334,1.0,1.25,1,0.5066964285714286,0.8251488095238095,0.5014880952380952,1.4553571428571428,9.857142857142858,
mutation_only,2,57,0.625,0.8333333333333334,0.7916666666666667,0.3333333333333333,0.75,13,0.484375,0.8355654761904762,0.4583333333333333,1.2767857142857142,9.678571428571429,
mutation_only,2,58,0.6666666666666666,0.75,0.8166666666666667,0.20833333333333334,1.625,20,0.48288690476190477,0.8333333333333333,0.4657738095238095,1.21875,8.5,
mutation_only,2,59,0.625,0.8125,0.7875,1.0,0.625,1,0.5052083333333334,0.8139880952380952,0.36160714285714285,1.2633928571428572,10.25,
mutation_only,2,60,0.625,1.0,0.825,1.0,1.75,1,0.49330357142857145,0.8191964285714286,0.42857142857142855,1.4375,7.785714285714286,
mutation_only,2,61,0.6875,0.75,0.8375,0.125,1.5,15,0.5066964285714286,0.8348214285714286,0.38095238095238093,1.4821428571428572,6.928571428571429,
mutation_only,2,62,0.625,1.0,0.825,1.0,1.75,1,0.4769345238095238,0.834077380952381,0.4449404761904762,1.2678571428571428,10.785714285714286,
mutation_only,2,63,0.625,1.0,0.825,1.0,1.625,1,0.49851190476190477,0.8311011904761905,0.5297619047619048,1.3080357142857142,8.214285714285714,
mutation_only,2,64,0.6041666666666666,0.9791666666666666,0.7999999999999999,0.75,0.875,6,0.5044642857142857,0.822172619047619,0.28720238095238093,1.2232142857142858,12.964285714285714,
mutation_only,2,65,0.625,0.75,0.775,0.16666666666666666,1.125,10,0.4799107142857143,0.8229166666666667,0.31398809523809523,1.3080357142857142,12.607142857142858,
mutation_only,2,66,0.6666666666666666,0.8125,0.8291666666666666,0.041666666666666664,2.0,30,0.5104166666666666,0.834077380952381,0.31101190476190477,1.40625,12.25,
mutation_only,2,67,0.6458333333333334,0.8541666666666667,0.8166666666666668,0.20833333333333334,1.625,4,0.5,0.8511904761904762,0.35267857142857145,1.3080357142857142,12.5,
mutation_only,2,68,0.6666666666666666,0.8541666666666666,0.8374999999999999,0.4166666666666667,1.625,8,0.525297619047619,0.8422619047619049,0.375,1.2723214285714286,11.142857142857142,
mutation_only,2,69,0.625,0.9583333333333334,0.8166666666666667,0.4166666666666667,1.625,3,0.5066964285714286,0.8355654761904762,0.35714285714285715,1.3660714285714286,12.392857142857142,
mutation_only,2,70,0.625,0.7708333333333334,0.7791666666666667,1.0,0.75,1,0.4955357142857143,0.8578869047619048,0.42410714285714285,1.3883928571428572,10.928571428571429,
mutation_only,2,71,0.5833333333333334,0.875,0.7583333333333334,0.041666666666666664,1.75,14,0.48958333333333337,0.8526785714285714,0.4136904761904762,1.4821428571428572,14.642857142857142,
mutation_only,2,72,0.6041666666666666,0.8333333333333334,0.7708333333333333,0.041666666666666664,1.625,14,0.5014880952380952,0.8244047619047619,0.3482142857142857,1.5178571428571428,10.107142857142858,
mutation_only,2,73,0.625,0.8333333333333334,0.7916666666666667,0.08333333333333333,1.375,10,0.4806547619047619,0.8303571428571429,0.3586309523809524,1.3705357142857142,12.642857142857142,
mutation_only,2,74,0.6666666666666666,0.7916666666666666,0.825,0.16666666666666666,1.625,6,0.49404761904761907,0.8236607142857143,0.29166666666666663,1.4107142857142858,10.857142857142858,
mutation_only,2,75,0.6666666666666666,0.8541666666666666,0.8374999999999999,0.375,1.5,14,0.503720238095238,0.8258928571428571,0.3154761904761905,1.3258928571428572,11.5,
mutation_only,2,76,0.6875,0.7708333333333334,0.8416666666666667,0.08333333333333333,1.75,11,0.5007440476190477,0.8444940476190476,0.25148809523809523,1.2366071428571428,13.75,
mutation_only,2,77,0.6666666666666666,0.7916666666666666,0.825,0.08333333333333333,2.375,9,0.5126488095238095,0.8258928571428571,0.2857142857142857,1.2767857142857142,11.392857142857142,
mutation_only,2,78,0.6458333333333334,0.875,0.8208333333333334,0.041666666666666664,0.75,44,0.5148809523809523,0.8601190476190476,0.3988095238095238,1.2232142857142858,11.357142857142858,
mutation_only,2,79,0.6666666666666666,0.8541666666666666,0.8374999999999999,0.3333333333333333,1.25,6,0.4985119047619047,0.8541666666666667,0.3080357142857143,1.1607142857142858,9.25,
mutation_only,3,0,0.6458333333333334,0.9375,0.8333333333333334,0.125,1.5,38,0.5200892857142857,0.8601190476190477,0.3511904761904762,1.2366071428571428,15.392857142857142,
mutation_only,3,1,0.6875,0.8125,0.85,0.125,1.875,42,0.521577380952381,0.8571428571428571,0.4836309523809524,1.3125,13.178571428571429,
mutation_only,3,2,0.625,0.9375,0.8125,0.5416666666666666,0.875,5,0.4992559523809524,0.8668154761904762,0.543154761904762,1.3348214285714286,10.892857142857142,
mutation_only,3,3,0.6458333333333334,0.9166666666666667,0.8291666666666667,0.4166666666666667,1.625,4,0.5104166666666666,0.8623511904761905,0.45089285714285715,1.2723214285714286,9.785714285714286,
mutation_only,3,4,0.6458333333333334,0.9791666666666666,0.8416666666666667,0.6666666666666666,1.375,10,0.5223214285714286,0.8727678571428571,0.5729166666666667,1.2946428571428572,8.607142857142858,
mutation_only,3,5,0.6041666666666666,0.8958333333333334,0.7833333333333333,0.375,1.125,4,0.49479166666666663,0.8727678571428571,0.5982142857142857,1.3348214285714286,7.464285714285714,
mutation_only,3,6,0.6458333333333334,0.9375,0.8333333333333334,1.0,1.125,1,0.515625,0.8779761904761905,0.5520833333333334,1.28125,11.0,
mutation_only,3,7,0.6666666666666666,0.9791666666666666,0.8624999999999999,0.4583333333333333,0.875,10,0.5200892857142857,0.8876488095238095,0.5491071428571429,1.2098214285714286,10.821428571428571,
mutation_only,3,8,0.7083333333333334,0.8958333333333334,0.8875000000000001,0.5833333333333334,0.625,4,0.5334821428571429,0.8988095238095238,0.6041666666666667,1.2544642857142858,6.785714285714286,
mutation_only,3,9,0.6666666666666666,0.9375,0.8541666666666666,0.4583333333333333,1.5,30,0.4962797619047619,0.90625,0.7425595238095238,1.34375,5.357142857142857,
mutation_only,3,10,0.7708333333333334,0.8541666666666667,0.9416666666666668,0.08333333333333333,1.0,27,0.5111607142857143,0.890625,0.5848214285714286,1.2366071428571428,8.178571428571429,
mutation_only,3,11,0.6458333333333334,0.9583333333333334,0.8375,1.0,1.625,1,0.49404761904761907,0.8712797619047619,0.5848214285714286,1.125,8.285714285714286,
mutation_only,3,12,0.625,1.0,0.825,0.8333333333333334,1.125,2,0.4925595238095238,0.8854166666666667,0.5907738095238095,1.2723214285714286,7.642857142857143,
mutation_only,3,13,0.625,0.875,0.8,0.20833333333333334,1.25,5,0.48288690476190477,0.8735119047619048,0.5446428571428571,1.1830357142857142,8.892857142857142,
mutation_only,3,14,0.5625,0.9166666666666667,0.7458333333333333,0.6666666666666666,1.625,2,0.4694940476190476,0.875,0.6324404761904762,1.2410714285714286,7.714285714285714,
mutation_only,3,15,0.6666666666666666,0.8125,0.8291666666666666,0.2916666666666667,1.0,5,0.4568452380952381,0.880952380952381,0.6517857142857143,1.2232142857142858,8.428571428571429,
mutation_only,3,16,0.5833333333333334,0.9166666666666667,0.7666666666666667,0.20833333333333334,1.125,41,0.4806547619047619,0.8764880952380952,0.6413690476190476,1.28125,8.857142857142858,
mutation_only,3,17,0.625,0.8958333333333334,0.8041666666666667,0.16666666666666666,1.125,7,0.48288690476190477,0.8921130952380952,0.6517857142857143,1.2946428571428572,4.678571428571429,
mutation_only,3,18,0.625,1.0,0.825,1.0,1.5,1,0.4925595238095238,0.9077380952380952,0.6889880952380952,1.1517857142857142,4.25,
mutation_only,3,19,0.625,1.0,0.825,0.4583333333333333,0.625,6,0.5029761904761905,0.8995535714285714,0.7038690476190476,1.1517857142857142,4.0,
mutation_only,3,20,0.7083333333333334,0.8125,0.8708333333333333,1.0,1.375,1,0.4955357142857143,0.8973214285714286,0.7023809523809524,1.2410714285714286,4.535714285714286,
mutation_only,3,21,0.7083333333333334,0.75,0.8583333333333334,0.5833333333333334,1.5,7,0.47395833333333337,0.9203869047619048,0.7142857142857143,1.3482142857142858,3.6785714285714284,
mutation_only,3,22,0.6041666666666666,0.8958333333333334,0.7833333333333333,0.16666666666666666,1.75,8,0.4880952380952381,0.9136904761904763,0.6741071428571429,1.3883928571428572,4.142857142857143,
mutation_only,3,23,0.5833333333333334,0.9166666666666666,0.7666666666666667,0.8333333333333334,1.5,2,0.46875,0.9040178571428571,0.6681547619047619,1.2991071428571428,5.107142857142857,
mutation_only,3,24,0.625,0.8541666666666666,0.7958333333333334,0.2916666666666667,1.625,3,0.4456845238095238,0.9017857142857143,0.6354166666666667,1.3258928571428572,4.0,
mutation_only,3,25,0.6666666666666666,0.9791666666666666,0.8624999999999999,0.875,1.0,2,0.4970238095238095,0.8861607142857143,0.625,1.2276785714285714,4.785714285714286,
mutation_only,3,26,0.5833333333333334,0.9375,0.7708333333333334,0.375,1.375,7,0.4851190476190476,0.8898809523809524,0.5044642857142857,1.2366071428571428,8.25,
mutation_only,3,27,0.625,0.8541666666666667,0.7958333333333334,0.16666666666666666,1.125,8,0.49032738095238093,0.865327380952381,0.4836309523809524,1.28125,5.464285714285714,
mutation_only,3,28,0.625,0.9166666666666667,0.8083333333333333,0.20833333333333334,1.0,4,0.4836309523809524,0.8482142857142857,0.4136904761904762,1.2946428571428572,10.321428571428571,
mutation_only,3,29,0.6041666666666666,0.7708333333333334,0.7583333333333333,0.4166666666666667,1.125,4,0.46354166666666663,0.834077380952381,0.41666666666666663,1.3928571428571428,8.5,
mutation_only,3,30,0.6666666666666666,0.8333333333333334,0.8333333333333333,0.2916666666666667,1.0,14,0.4992559523809524,0.8214285714285714,0.5133928571428571,1.3258928571428572,8.035714285714286,
mutation_only,3,31,0.6458333333333333,0.8125,0.8083333333333332,0.4166666666666667,0.875,5,0.5052083333333334,0.8258928571428571,0.45535714285714285,1.3526785714285714,6.678571428571429,
mutation_only,3,32,0.6458333333333334,0.8541666666666667,0.8166666666666668,0.3333333333333333,1.375,4,0.4925595238095238,0.8080357142857143,0.40773809523809523,1.2767857142857142,8.0,
mutation_only,3,33,0.6666666666666666,0.8333333333333334,0.8333333333333333,0.375,1.75,4,0.5044642857142857,0.8199404761904762,0.38839285714285715,1.4241071428571428,10.785714285714286,
mutation_only,3,34,0.6041666666666666,0.9375,0.7916666666666666,0.4166666666666667,1.375,20,0.4873511904761905,0.8511904761904762,0.4404761904761905,1.4598214285714286,9.428571428571429,
mutation_only,3,35,0.6458333333333334,0.8125,0.8083333333333333,0.9166666666666666,2.0,2,0.4836309523809524,0.8459821428571429,0.47767857142857145,1.4375,8.5,
mutation_only,3,36,0.625,0.8333333333333334,0.7916666666666667,0.25,1.75,5,0.515625,0.84375,0.44791666666666663,1.2857142857142858,8.642857142857142,
mutation_only,3,37,0.6666666666666666,0.8333333333333334,0.8333333333333333,0.20833333333333334,1.25,23,0.4888392857142857,0.8511904761904762,0.4345238095238095,1.3303571428571428,8.0,
mutation_only,3,38,0.625,0.7083333333333333,0.7666666666666666,0.5,1.125,14,0.4836309523809524,0.8102678571428571,0.4017857142857143,1.3526785714285714,6.321428571428571,
mutation_only,3,39,0.6041666666666666,0.75,0.7541666666666667,0.16666666666666666,1.75,15,0.46726190476190477,0.8236607142857143,0.4538690476190476,1.3392857142857142,5.821428571428571,
mutation_only,3,40,0.6666666666666666,0.7708333333333334,0.8208333333333333,0.08333333333333333,1.125,12,0.47916666666666663,0.8258928571428571,0.4181547619047619,1.1919642857142858,12.714285714285714,
mutation_only,3,41,0.5833333333333334,0.75,0.7333333333333334,0.5,1.25,2,0.4583333333333333,0.8430059523809524,0.3630952380952381,1.3928571428571428,11.107142857142858,
mutation_only,3,42,0.6041666666666666,0.875,0.7791666666666667,1.0,1.875,1,0.4456845238095238,0.8608630952380952,0.39732142857142855,1.3616071428571428,10.321428571428571,
mutation_only,3,43,0.7083333333333334,0.9166666666666667,0.8916666666666667,1.0,1.125,1,0.45461309523809523,0.8549107142857143,0.3794642857142857,1.2544642857142858,13.392857142857142,
mutation_only,3,44,0.6666666666666666,0.9375,0.8541666666666666,1.0,0.875,1,0.44419642857142855,0.880952380952381,0.3467261904761905,1.2723214285714286,17.678571428571427,
mutation_only,3,45,0.5833333333333334,0.8125,0.7458333333333333,0.75,0.75,2,0.4501488095238095,0.8854166666666667,0.3913690476190476,1.2276785714285714,13.285714285714286,
mutation_only,3,46,0.5416666666666666,0.8541666666666666,0.7124999999999999,0.75,1.5,2,0.4412202380952381,0.8928571428571429,0.3630952380952381,1.2723214285714286,12.714285714285714,
mutation_only,3,47,0.6666666666666666,0.8958333333333334,0.8458333333333333,0.75,1.625,2,0.453125,0.8787202380952381,0.4255952380952381,1.4464285714285714,9.214285714285714,
mutation_only,3,48,0.5416666666666666,0.875,0.7166666666666667,0.2916666666666667,1.0,4,0.44345238095238093,0.8571428571428571,0.49107142857142855,1.4464285714285714,10.321428571428571,
mutation_only,3,49,0.6041666666666666,0.8333333333333334,0.7708333333333333,1.0,1.25,1,0.47544642857142855,0.8601190476190476,0.3943452380952381,1.3705357142857142,10.821428571428571,
mutation_only,3,50,0.5833333333333334,0.8958333333333334,0.7625000000000001,0.20833333333333334,1.875,5,0.47395833333333337,0.8683035714285714,0.36160714285714285,1.3258928571428572,10.25,
mutation_only,3,51,0.6041666666666666,0.9583333333333334,0.7958333333333333,0.875,1.5,3,0.47395833333333337,0.8348214285714286,0.32142857142857145,1.2410714285714286,10.428571428571429,
mutation_only,3,52,0.625,0.9375,0.8125,0.8333333333333334,1.25,3,0.47916666666666663,0.828125,0.28273809523809523,1.4196428571428572,12.678571428571429,
mutation_only,3,53,0.5833333333333334,0.9375,0.7708333333333334,1.0,1.625,1,0.4732142857142857,0.822172619047619,0.34970238095238093,1.3571428571428572,11.892857142857142,
mutation_only,3,54,0.6041666666666666,0.9583333333333334,0.7958333333333333,1.0,1.0,1,0.4888392857142857,0.8385416666666667,0.25297619047619047,1.3571428571428572,11.964285714285714,
mutation_only,3,55,0.6666666666666666,0.7916666666666666,0.825,0.6666666666666666,1.125,3,0.4613095238095238,0.8191964285714286,0.3705357142857143,1.2276785714285714,10.571428571428571,
mutation_only,3,56,0.625,0.875,0.8,0.16666666666666666,1.75,13,0.4836309523809524,0.8452380952380952,0.33333333333333337,1.3392857142857142,13.035714285714286,
mutation_only,3,57,0.7083333333333334,0.8125,0.8708333333333333,0.041666666666666664,1.5,21,0.49479166666666663,0.8452380952380952,0.41666666666666663,1.1205357142857142,11.714285714285714,
mutation_only,3,58,0.6458333333333334,0.8541666666666666,0.8166666666666667,1.0,1.25,1,0.49776785714285715,0.8638392857142857,0.43898809523809523,1.2410714285714286,10.392857142857142,
mutation_only,3,59,0.6666666666666666,0.9375,0.8541666666666666,1.0,0.75,1,0.5044642857142857,0.8601190476190477,0.4375,1.2723214285714286,11.107142857142858,
mutation_only,3,60,0.6666666666666666,0.875,0.8416666666666667,0.08333333333333333,0.5,10,0.5022321428571429,0.8504464285714286,0.4806547619047619,1.2008928571428572,10.071428571428571,
mutation_only,3,61,0.6458333333333334,0.8541666666666667,0.8166666666666668,0.7083333333333334,1.125,4,0.46651785714285715,0.8757440476190476,0.4300595238095238,1.2321428571428572,8.642857142857142,
mutation_only,3,62,0.6458333333333334,0.875,0.8208333333333334,0.875,0.875,4,0.46279761904761907,0.9047619047619048,0.4806547619047619,1.3571428571428572,10.428571428571429,
mutation_only,3,63,0.6458333333333334,0.9166666666666666,0.8291666666666667,0.041666666666666664,1.5,49,0.47544642857142855,0.902529761904762,0.4449404761904762,1.2946428571428572,11.964285714285714,
mutation_only,3,64,0.625,0.8541666666666667,0.7958333333333334,0.8333333333333334,1.25,3,0.4657738095238095,0.927827380952381,0.5491071428571429,1.34375,8.714285714285714,
mutation_only,3,65,0.6875,0.9583333333333334,0.8791666666666667,0.7916666666666666,0.75,4,0.47767857142857145,0.8988095238095238,0.5491071428571429,1.2098214285714286,9.0,
mutation_only,3,66,0.6458333333333334,0.9583333333333334,0.8375,0.9166666666666666,0.75,2,0.48958333333333337,0.9055059523809524,0.6086309523809524,1.3392857142857142,6.214285714285714,
mutation_only,3,67,0.625,0.9583333333333334,0.8166666666666667,0.9166666666666666,1.625,2,0.49107142857142855,0.915922619047619,0.6755952380952381,1.1830357142857142,5.214285714285714,
mutation_only,3,68,0.6458333333333334,0.9583333333333334,0.8375,0.9166666666666666,1.0,2,0.4694940476190476,0.9330357142857143,0.5922619047619048,1.1830357142857142,6.642857142857143,
mutation_only,3,69,0.625,1.0,0.825,0.9166666666666666,0.75,2,0.4992559523809524,0.931547619047619,0.6354166666666667,1.1205357142857142,6.357142857142857,
mutation_only,3,70,0.625,1.0,0.825,0.9166666666666666,1.25,2,0.4873511904761905,0.9308035714285714,0.6324404761904762,1.2232142857142858,7.392857142857143,
mutation_only,3,71,0.6666666666666666,0.8333333333333334,0.8333333333333333,0.375,1.625,2,0.4806547619047619,0.9322916666666667,0.693452380952381,1.1875,4.0,
mutation_only,3,72,0.625,1.0,0.825,0.9166666666666666,1.0,3,0.4836309523809524,0.9352678571428571,0.6949404761904762,1.2366071428571428,5.035714285714286,
mutation_only,3,73,0.6041666666666666,0.9375,0.7916666666666666,0.8333333333333334,0.875,2,0.5029761904761905,0.921875,0.6458333333333333,1.1964285714285714,6.0,
mutation_only,3,74,0.6458333333333334,0.9791666666666666,0.8416666666666667,0.9166666666666666,1.25,2,0.49330357142857145,0.9092261904761905,0.5654761904761905,1.2232142857142858,8.178571428571429,
mutation_only,3,75,0.6458333333333334,0.8125,0.8083333333333333,0.625,1.0,6,0.48586309523809523,0.9241071428571429,0.5625,1.2098214285714286,6.0,
mutation_only,3,76,0.625,0.9583333333333334,0.8166666666666667,1.0,1.375,1,0.44419642857142855,0.927827380952381,0.4955357142857143,1.2232142857142858,7.357142857142857,
mutation_only,3,77,0.6458333333333334,0.9375,0.8333333333333334,0.4166666666666667,0.75,20,0.45535714285714285,0.9322916666666667,0.5163690476190477,1.1741071428571428,7.142857142857143,
mutation_only,3,78,0.625,0.9166666666666667,0.8083333333333333,0.25,0.75,7,0.46875,0.9248511904761906,0.4494047619047619,1.1294642857142858,7.642857142857143,
mutation_only,3,79,0.5833333333333334,0.8541666666666666,0.7541666666666667,0.08333333333333333,1.0,8,0.4799107142857143,0.9040178571428571,0.47023809523809523,1.1830357142857142,9.857142857142858,
mutation_only,4,0,0.6875,0.8541666666666666,0.8583333333333334,1.0,1.5,1,0.4813988095238095,0.8482142857142857,0.48660714285714285,1.3883928571428572,11.428571428571429,
mutation_only,4,1,0.5625,0.8541666666666667,0.7333333333333334,0.5833333333333334,1.25,5,0.4813988095238095,0.8355654761904762,0.5089285714285714,1.3392857142857142,6.357142857142857,
mutation_only,4,2,0.6041666666666666,0.8958333333333334,0.7833333333333333,0.7083333333333334,0.875,3,0.484375,0.8325892857142857,0.4732142857142857,1.3616071428571428,8.178571428571429,
mutation_only,4,3,0.6458333333333334,0.9583333333333334,0.8375,0.7083333333333334,1.5,3,0.45535714285714285,0.8407738095238095,0.5133928571428571,1.2767857142857142,8.642857142857142,
mutation_only,4,4,0.6041666666666666,0.875,0.7791666666666667,0.9583333333333334,1.25,2,0.46726190476190477,0.8385416666666667,0.4806547619047619,1.2723214285714286,10.178571428571429,
mutation_only,4,5,0.625,0.8125,0.7875,0.5,1.25,4,0.484375,0.8482142857142857,0.4419642857142857,1.2232142857142858,10.642857142857142,
mutation_only,4,6,0.6041666666666666,0.7916666666666667,0.7625,0.3333333333333333,1.5,6,0.46354166666666663,0.8511904761904763,0.38541666666666663,1.25,11.357142857142858,
mutation_only,4,7,0.6458333333333334,0.75,0.7958333333333334,1.0,1.5,1,0.4836309523809524,0.8690476190476192,0.5595238095238095,1.2589285714285714,9.178571428571429,
mutation_only,4,8,0.625,0.7708333333333334,0.7791666666666667,0.041666666666666664,1.375,32,0.4836309523809524,0.8638392857142857,0.53125,1.3035714285714286,10.428571428571429,
mutation_only,4,9,0.6666666666666666,0.7291666666666666,0.8125,0.041666666666666664,1.0,13,0.48288690476190477,0.8757440476190476,0.5074404761904762,1.2366071428571428,8.25,
mutation_only,4,10,0.6458333333333334,0.8541666666666667,0.8166666666666668,0.08333333333333333,1.375,4,0.503720238095238,0.8608630952380952,0.4613095238095238,1.2232142857142858,10.678571428571429,
mutation_only,4,11,0.6666666666666666,0.8125,0.8291666666666666,0.8333333333333334,1.25,2,0.4851190476190476,0.8586309523809524,0.47916666666666663,1.3348214285714286,8.785714285714286,
mutation_only,4,12,0.6875,0.8541666666666667,0.8583333333333334,0.16666666666666666,2.125,30,0.4836309523809524,0.849702380952381,0.38541666666666663,1.3482142857142858,10.821428571428571,
mutation_only,4,13,0.6458333333333334,0.8333333333333334,0.8125,0.16666666666666666,1.25,47,0.4575892857142857,0.8511904761904762,0.4375,1.3080357142857142,11.0,
mutation_only,4,14,0.6041666666666666,0.7916666666666666,0.7625,0.2916666666666667,1.5,3,0.45461309523809523,0.8422619047619048,0.3988095238095238,1.2589285714285714,8.142857142857142,
mutation_only,4,15,0.625,0.875,0.8,0.20833333333333334,1.625,17,0.4650297619047619,0.834077380952381,0.40029761904761907,1.2901785714285714,9.535714285714286,
mutation_only,4,16,0.5833333333333333,0.7916666666666666,0.7416666666666666,0.3333333333333333,2.0,8,0.47098214285714285,0.8318452380952381,0.3482142857142857,1.3705357142857142,12.321428571428571,
mutation_only,4,17,0.6458333333333334,0.8125,0.8083333333333333,0.20833333333333334,1.5,6,0.4955357142857143,0.8355654761904762,0.3482142857142857,1.34375,12.107142857142858,
mutation_only,4,18,0.5625,0.9583333333333334,0.7541666666666667,0.4583333333333333,1.875,5,0.4851190476190476,0.8318452380952381,0.3705357142857143,1.3080357142857142,10.5,
mutation_only,4,19,0.6458333333333333,0.8541666666666667,0.8166666666666667,0.041666666666666664,1.625,11,0.49479166666666663,0.8459821428571429,0.4226190476190476,1.3080357142857142,9.107142857142858,
mutation_only,4,20,0.7291666666666666,0.8541666666666667,0.9,0.5,1.5,3,0.5200892857142857,0.865327380952381,0.42857142857142855,1.2455357142857142,10.607142857142858,
mutation_only,4,21,0.6458333333333334,0.8541666666666666,0.8166666666666667,0.375,1.75,6,0.5111607142857143,0.8541666666666667,0.3943452380952381,1.4017857142857142,10.892857142857142,
mutation_only,4,22,0.6875,0.875,0.8625,0.08333333333333333,0.875,12,0.5044642857142857,0.8869047619047619,0.4925595238095238,1.2991071428571428,11.714285714285714,
mutation_only,4,23,0.5625,0.9583333333333334,0.7541666666666667,0.5833333333333334,1.0,9,0.47916666666666663,0.8958333333333334,0.5267857142857143,1.1651785714285714,7.571428571428571,
mutation_only,4,24,0.6041666666666666,0.9583333333333334,0.7958333333333333,0.2916666666666667,1.625,5,0.4880952380952381,0.8727678571428571,0.5818452380952381,1.2767857142857142,5.785714285714286,
mutation_only,4,25,0.6458333333333334,0.875,0.8208333333333334,1.0,1.0,1,0.5052083333333334,0.8757440476190477,0.6398809523809524,1.28125,5.678571428571429,
mutation_only,4,26,0.6041666666666666,0.9166666666666666,0.7875,1.0,1.25,1,0.49627976190476186,0.8563988095238095,0.5476190476190476,1.4196428571428572,6.535714285714286,
mutation_only,4,27,0.5833333333333334,0.875,0.7583333333333334,0.3333333333333333,0.75,5,0.46205357142857145,0.8608630952380952,0.550595238095238,1.3214285714285714,6.892857142857143,
mutation_only,4,28,0.6458333333333334,0.9375,0.8333333333333334,0.3333333333333333,1.875,5,0.5066964285714286,0.8645833333333333,0.5372023809523809,1.2901785714285714,9.071428571428571,
mutation_only,4,29,0.6458333333333333,0.8333333333333334,0.8125,0.75,0.625,2,0.4992559523809524,0.849702380952381,0.5178571428571429,1.3303571428571428,6.107142857142857,
mutation_only,4,30,0.6041666666666666,0.8125,0.7666666666666666,0.4583333333333333,1.875,6,0.503720238095238,0.8608630952380952,0.4970238095238095,1.3035714285714286,6.392857142857143,
mutation_only,4,31,0.6041666666666666,0.9583333333333334,0.7958333333333333,0.5833333333333334,1.375,8,0.5230654761904762,0.8370535714285714,0.53125,1.4241071428571428,7.321428571428571,
mutation_only,4,32,0.6458333333333334,0.7916666666666667,0.8041666666666667,0.08333333333333333,1.25,15,0.4955357142857143,0.8199404761904762,0.4226190476190476,1.3392857142857142,9.857142857142858,
mutation_only,4,33,0.6458333333333333,0.7708333333333334,0.7999999999999999,0.08333333333333333,1.75,10,0.5141369047619048,0.8504464285714286,0.5446428571428571,1.4285714285714286,6.5,
mutation_only,4,34,0.6458333333333333,0.8333333333333334,0.8125,0.5833333333333334,0.75,2,0.49181547619047616,0.8363095238095238,0.39285714285714285,1.3080357142857142,9.357142857142858,
mutation_only,4,35,0.625,0.9166666666666667,0.8083333333333333,0.5833333333333334,0.875,2,0.515625,0.8467261904761905,0.5684523809523809,1.28125,5.142857142857143,
mutation_only,4,36,0.6666666666666666,0.75,0.8166666666666667,0.4166666666666667,1.5,5,0.5059523809523809,0.8623511904761905,0.511904761904762,1.3214285714285714,6.214285714285714,
mutation_only,4,37,0.5625,1.0,0.7625,0.4583333333333333,1.0,14,0.49330357142857145,0.8563988095238095,0.5074404761904762,1.2678571428571428,6.928571428571429,
mutation_only,4,38,0.6041666666666666,0.7916666666666666,0.7625,0.5,1.125,6,0.4873511904761905,0.8549107142857143,0.43898809523809523,1.2276785714285714,10.571428571428571,
mutation_only,4,39,0.6458333333333334,0.9583333333333334,0.8375,0.4583333333333333,1.375,14,0.5148809523809523,0.8683035714285714,0.4880952380952381,1.21875,7.428571428571429,
mutation_only,4,40,0.6041666666666666,0.9791666666666666,0.7999999999999999,0.7916666666666666,0.875,2,0.5044642857142857,0.8452380952380952,0.4494047619047619,1.5133928571428572,12.392857142857142,
mutation_only,4,41,0.6666666666666666,0.7708333333333334,0.8208333333333333,0.041666666666666664,0.875,13,0.5,0.8504464285714286,0.47916666666666663,1.2723214285714286,6.75,
mutation_only,4,42,0.625,0.8125,0.7875,0.5833333333333334,1.0,6,0.49851190476190477,0.8735119047619048,0.4375,1.2142857142857142,8.857142857142858,
mutation_only,4,43,0.6458333333333334,0.9791666666666666,0.8416666666666667,0.625,1.875,4,0.5029761904761905,0.869047619047619,0.4613095238095238,1.4776785714285714,9.571428571428571,
mutation_only,4,44,0.6458333333333334,0.9166666666666666,0.8291666666666667,0.08333333333333333,1.25,38,0.4836309523809524,0.8958333333333333,0.53125,1.3258928571428572,8.785714285714286,
mutation_only,4,45,0.625,0.9166666666666667,0.8083333333333333,1.0,2.125,1,0.48958333333333337,0.9010416666666667,0.6116071428571429,1.4508928571428572,5.5,
mutation_only,4,46,0.6875,0.9375,0.875,0.20833333333333334,1.0,13,0.503720238095238,0.9107142857142857,0.619047619047619,1.2678571428571428,7.0,
mutation_only,4,47,0.6666666666666666,0.9166666666666667,0.85,0.20833333333333334,1.125,13,0.5305059523809523,0.9047619047619048,0.619047619047619,1.4330357142857142,7.928571428571429,
mutation_only,4,48,0.6041666666666666,0.9791666666666666,0.7999999999999999,0.20833333333333334,1.375,9,0.5074404761904762,0.8950892857142857,0.550595238095238,1.1830357142857142,8.464285714285714,
mutation_only,4,49,0.625,0.9166666666666667,0.8083333333333333,0.875,1.75,4,0.47023809523809523,0.9047619047619048,0.5446428571428571,1.2857142857142858,8.5,
mutation_only,4,50,0.6041666666666666,0.9375,0.7916666666666666,0.25,1.5,20,0.46875,0.9055059523809524,0.6354166666666667,1.2544642857142858,4.392857142857143,
mutation_only,4,51,0.6041666666666666,0.9791666666666666,0.7999999999999999,0.2916666666666667,0.875,8,0.46726190476190477,0.8757440476190476,0.6294642857142857,1.2901785714285714,7.25,
mutation_only,4,52,0.6041666666666666,0.9791666666666666,0.7999999999999999,0.25,1.0,10,0.4732142857142857,0.8824404761904762,0.6949404761904762,1.1383928571428572,4.714285714285714,
mutation_only,4,53,0.6875,0.9583333333333334,0.8791666666666667,0.75,1.0,2,0.47023809523809523,0.8802083333333333,0.6398809523809524,1.2857142857142858,6.535714285714286,
mutation_only,4,54,0.75,0.9583333333333334,0.9416666666666667,0.8333333333333334,0.875,2,0.49776785714285715,0.8742559523809524,0.48958333333333337,1.2678571428571428,10.25,
mutation_only,4,55,0.6041666666666666,0.8333333333333334,0.7708333333333333,0.5,1.5,4,0.48214285714285715,0.8668154761904762,0.47916666666666663,1.2232142857142858,9.571428571428571,
mutation_only,4,56,0.6041666666666666,0.7916666666666666,0.7625,0.08333333333333333,1.375,20,0.47098214285714285,0.8623511904761905,0.5476190476190477,1.40625,9.107142857142858,
mutation_only,4,57,0.6041666666666666,0.9166666666666666,0.7875,0.125,0.875,12,0.4680059523809524,0.8869047619047619,0.5461309523809523,1.3035714285714286,9.964285714285714,
mutation_only,4,58,0.5833333333333334,0.8333333333333333,0.75,0.8333333333333334,1.625,2,0.46651785714285715,0.9025297619047619,0.5952380952380952,1.4642857142857142,8.75,
mutation_only,4,59,0.5833333333333334,0.875,0.7583333333333334,0.08333333333333333,1.25,10,0.4494047619047619,0.8913690476190476,0.5818452380952381,1.4151785714285714,7.642857142857143,
mutation_only,4,60,0.6458333333333334,0.9583333333333334,0.8375,0.7083333333333334,1.75,6,0.45535714285714285,0.8816964285714286,0.5104166666666666,1.28125,8.75,
mutation_only,4,61,0.5833333333333334,0.9166666666666666,0.7666666666666667,0.7083333333333334,1.5,6,0.4538690476190476,0.8824404761904762,0.5654761904761905,1.2544642857142858,7.071428571428571,
mutation_only,4,62,0.5833333333333334,0.9583333333333334,0.775,0.20833333333333334,1.75,17,0.45163690476190477,0.8727678571428571,0.6473214285714286,1.3482142857142858,7.0,
mutation_only,4,63,0.6666666666666666,0.8958333333333334,0.8458333333333333,0.16666666666666666,1.125,37,0.45833333333333337,0.8839285714285714,0.5967261904761905,1.3526785714285714,10.535714285714286,
mutation_only,4,64,0.6875,0.7708333333333334,0.8416666666666667,0.125,2.0,18,0.48586309523809523,0.8705357142857143,0.5654761904761905,1.2544642857142858,11.964285714285714,
mutation_only,4,65,0.625,0.875,0.8,0.875,0.875,4,0.47470238095238093,0.8630952380952381,0.6398809523809524,1.3214285714285714,9.107142857142858,
mutation_only,4,66,0.7083333333333334,0.8333333333333334,0.875,0.5416666666666666,1.875,6,0.4955357142857143,0.8720238095238095,0.65625,1.3526785714285714,6.25,
mutation_only,4,67,0.5833333333333334,0.875,0.7583333333333334,1.0,0.5,1,0.46651785714285715,0.8556547619047619,0.5580357142857143,1.2857142857142858,7.285714285714286,
mutation_only,4,68,0.5833333333333334,0.9375,0.7708333333333334,0.375,1.375,4,0.4732142857142857,0.8720238095238095,0.7083333333333333,1.1071428571428572,4.25,
mutation_only,4,69,0.6041666666666666,0.8333333333333334,0.7708333333333333,0.75,0.875,15,0.47023809523809523,0.871279761904762,0.6919642857142857,1.1607142857142858,4.0,
mutation_only,4,70,0.6666666666666666,0.8958333333333334,0.8458333333333333,0.75,1.625,5,0.4642857142857143,0.8742559523809524,0.7068452380952381,1.1964285714285714,6.142857142857143,
mutation_only,4,71,0.5833333333333334,0.8541666666666666,0.7541666666666667,0.6666666666666666,1.25,3,0.4657738095238095,0.8802083333333333,0.7589285714285714,1.0669642857142858,4.785714285714286,
mutation_only,4,72,0.6458333333333334,0.8333333333333334,0.8125,0.4583333333333333,1.375,6,0.45089285714285715,0.8928571428571429,0.7068452380952381,1.2455357142857142,4.75,
mutation_only,4,73,0.5625,0.9166666666666667,0.7458333333333333,0.875,1.5,4,0.46651785714285715,0.8950892857142857,0.7083333333333333,1.2946428571428572,3.6785714285714284,
mutation_only,4,74,0.625,0.9166666666666666,0.8083333333333333,0.9166666666666666,1.5,4,0.45461309523809523,0.8921130952380952,0.6755952380952381,1.3571428571428572,4.892857142857143,
mutation_only,4,75,0.5625,1.0,0.7625,0.8333333333333334,1.5,4,0.46875,0.9032738095238095,0.6324404761904762,1.2142857142857142,5.607142857142857,
mutation_only,4,76,0.5833333333333334,0.9583333333333334,0.775,1.0,0.5,1,0.4880952380952381,0.9069940476190477,0.662202380952381,1.1651785714285714,3.75,
mutation_only,4,77,0.625,0.8333333333333334,0.7916666666666667,0.375,1.25,9,0.48511904761904756,0.8958333333333333,0.6651785714285714,1.2366071428571428,6.75,
mutation_only,4,78,0.6666666666666666,0.9791666666666666,0.8624999999999999,0.625,1.25,4,0.4918154761904762,0.890625,0.6041666666666667,1.2633928571428572,9.607142857142858,
mutation_only,4,79,0.6666666666666666,0.8541666666666667,0.8375,0.25,1.25,26,0.5081845238095238,0.8839285714285714,0.587797619047619,1.3705357142857142,7.142857142857143,
mutation_only,5,0,0.625,0.7708333333333334,0.7791666666666667,0.4583333333333333,0.875,5,0.5022321428571429,0.865327380952381,0.5714285714285714,1.3080357142857142,7.464285714285714,
mutation_only,5,1,0.6666666666666666,0.8333333333333334,0.8333333333333333,1.0,1.25,1,0.49032738095238093,0.8697916666666667,0.5922619047619048,1.2589285714285714,6.392857142857143,
mutation_only,5,2,0.6458333333333334,0.7916666666666667,0.8041666666666667,0.625,2.125,6,0.4880952380952381,0.849702380952381,0.5029761904761905,1.1964285714285714,11.928571428571429,
mutation_only,5,3,0.7291666666666666,0.875,0.9041666666666667,0.4583333333333333,1.625,15,0.5200892857142857,0.8489583333333333,0.5029761904761905,1.3303571428571428,13.178571428571429,
mutation_only,5,4,0.6458333333333334,0.8541666666666666,0.8166666666666667,0.25,2.25,8,0.5052083333333334,0.8511904761904762,0.5014880952380952,1.1830357142857142,10.928571428571429,
mutation_only,5,5,0.6458333333333334,0.8958333333333334,0.8250000000000001,1.0,2.0,1,0.4955357142857143,0.875,0.5476190476190477,1.2544642857142858,7.357142857142857,
mutation_only,5,6,0.6458333333333333,0.875,0.8208333333333333,1.0,1.0,1,0.5,0.8727678571428571,0.5074404761904762,1.1160714285714286,8.071428571428571,
mutation_only,5,7,0.7083333333333334,0.8958333333333334,0.8875000000000001,0.6666666666666666,1.0,5,0.534970238095238,0.8742559523809524,0.4404761904761905,1.3125,11.464285714285714,
mutation_only,5,8,0.7083333333333334,0.875,0.8833333333333334,0.041666666666666664,1.0,44,0.5052083333333334,0.8787202380952381,0.46875,1.3035714285714286,11.357142857142858,
mutation_only,5,9,0.6666666666666666,0.9375,0.8541666666666666,0.3333333333333333,1.25,8,0.515625,0.8869047619047619,0.6116071428571429,1.3660714285714286,6.821428571428571,
mutation_only,5,10,0.6875,0.8541666666666666,0.8583333333333334,0.7916666666666666,1.75,2,0.5357142857142857,0.8742559523809524,0.53125,1.28125,9.392857142857142,
mutation_only,5,11,0.75,0.8541666666666666,0.9208333333333334,0.5833333333333334,1.375,7,0.5401785714285714,0.8668154761904762,0.39732142857142855,1.3303571428571428,10.857142857142858,
mutation_only,5,12,0.625,1.0,0.825,0.7083333333333334,0.875,6,0.503720238095238,0.8586309523809524,0.4092261904761905,1.2455357142857142,11.285714285714286,
mutation_only,5,13,0.6458333333333334,0.9791666666666666,0.8416666666666667,0.7083333333333334,1.25,6,0.5267857142857143,0.8861607142857143,0.4836309523809524,1.4375,8.0,
mutation_only,5,14,0.7291666666666666,0.875,0.9041666666666667,0.625,1.25,3,0.5327380952380952,0.9047619047619048,0.5267857142857143,1.3169642857142858,6.392857142857143,
mutation_only,5,15,0.6458333333333334,0.9166666666666666,0.8291666666666667,1.0,1.25,1,0.5089285714285714,0.8787202380952381,0.5,1.2723214285714286,9.535714285714286,
mutation_only,5,16,0.7291666666666666,0.9791666666666666,0.9249999999999999,1.0,1.125,1,0.5178571428571429,0.884672619047619,0.587797619047619,1.3125,5.892857142857143,
mutation_only,5,17,0.625,0.9583333333333334,0.8166666666666667,1.0,1.75,1,0.5104166666666666,0.896577380952381,0.5922619047619048,1.4419642857142858,8.178571428571429,
mutation_only,5,18,0.6458333333333334,0.9375,0.8333333333333334,0.16666666666666666,1.875,5,0.5305059523809523,0.8854166666666667,0.6473214285714286,1.2857142857142858,5.892857142857143,
mutation_only,5,19,0.6666666666666666,0.9791666666666666,0.8624999999999999,0.7916666666666666,1.0,4,0.5223214285714286,0.8913690476190476,0.6339285714285714,1.3705357142857142,7.107142857142857,
mutation_only,5,20,0.6875,0.9583333333333334,0.8791666666666667,0.9166666666666666,2.0,2,0.5290178571428571,0.880952380952381,0.5967261904761905,1.2901785714285714,10.428571428571429,
mutation_only,5,21,0.6041666666666666,0.9791666666666666,0.7999999999999999,1.0,1.25,1,0.5178571428571429,0.8787202380952381,0.543154761904762,1.1919642857142858,10.571428571428571,
mutation_only,5,22,0.625,0.8958333333333334,0.8041666666666667,0.4583333333333333,1.125,12,0.4955357142857143,0.875,0.5520833333333334,1.3839285714285714,9.821428571428571,
mutation_only,5,23,0.625,0.8541666666666666,0.7958333333333334,0.125,1.25,8,0.49330357142857145,0.8578869047619048,0.4880952380952381,1.3973214285714286,10.571428571428571,
mutation_only,5,24,0.625,0.9583333333333334,0.8166666666666667,0.625,1.625,12,0.4724702380952381,0.8459821428571429,0.41666666666666663,1.2946428571428572,13.035714285714286,
mutation_only,5,25,0.6041666666666666,0.875,0.7791666666666667,0.875,0.875,6,0.49032738095238093,0.8392857142857143,0.5267857142857143,1.25,8.607142857142858,
mutation_only,5,26,0.6458333333333334,0.7708333333333334,0.8,0.20833333333333334,1.5,6,0.47842261904761907,0.8370535714285714,0.5208333333333334,1.25,8.142857142857142,
mutation_only,5,27,0.6458333333333333,0.7916666666666666,0.8041666666666666,0.375,1.625,8,0.49479166666666663,0.8452380952380952,0.5089285714285714,1.3125,7.75,
mutation_only,5,28,0.625,0.7916666666666666,0.7833333333333333,0.7916666666666666,2.0,4,0.5,0.834077380952381,0.5714285714285714,1.3214285714285714,7.107142857142857,
mutation_only,5,29,0.625,0.7708333333333334,0.7791666666666667,0.5416666666666666,1.75,4,0.494047619047619,0.8206845238095238,0.5446428571428571,1.3839285714285714,8.142857142857142,
mutation_only,5,30,0.625,0.875,0.8,0.16666666666666666,0.625,68,0.4880952380952381,0.8467261904761905,0.47023809523809523,1.2946428571428572,12.178571428571429,
mutation_only,5,31,0.5833333333333334,0.9166666666666667,0.7666666666666667,0.3333333333333333,1.625,6,0.4761904761904762,0.837797619047619,0.3988095238095238,1.3928571428571428,12.892857142857142,
mutation_only,5,32,0.5833333333333334,0.8958333333333334,0.7625000000000001,0.625,1.375,4,0.4851190476190476,0.818452380952381,0.49107142857142855,1.2455357142857142,10.107142857142858,
mutation_only,5,33,0.6458333333333334,0.8541666666666667,0.8166666666666668,1.0,1.5,1,0.5252976190476191,0.8348214285714286,0.543154761904762,1.3571428571428572,10.0,
mutation_only,5,34,0.625,0.7708333333333333,0.7791666666666667,1.0,1.25,1,0.4962797619047619,0.8288690476190476,0.6130952380952381,1.2901785714285714,9.857142857142858,
mutation_only,5,35,0.6666666666666666,0.8541666666666667,0.8375,0.5416666666666666,1.375,9,0.5074404761904762,0.8244047619047619,0.5610119047619048,1.2544642857142858,9.714285714285714,
mutation_only,5,36,0.5833333333333334,0.7916666666666666,0.7416666666666667,0.5416666666666666,1.5,9,0.49851190476190477,0.8177083333333333,0.5773809523809524,1.3526785714285714,12.821428571428571,
mutation_only,5,37,0.6041666666666666,0.875,0.7791666666666667,0.8333333333333334,1.0,2,0.4992559523809524,0.806547619047619,0.6517857142857143,1.3258928571428572,6.392857142857143,
mutation_only,5,38,0.6458333333333334,0.8541666666666667,0.8166666666666668,1.0,0.875,1,0.5059523809523809,0.8273809523809524,0.6770833333333333,1.2723214285714286,7.571428571428571,
mutation_only,5,39,0.6875,0.875,0.8625,0.5416666666666666,0.875,7,0.515625,0.8214285714285714,0.6889880952380952,1.2589285714285714,9.321428571428571,
mutation_only,5,40,0.6041666666666666,0.8333333333333334,0.7708333333333333,1.0,1.25,1,0.5059523809523809,0.802827380952381,0.5223214285714286,1.1875,10.107142857142858,
mutation_only,5,41,0.6666666666666666,0.8333333333333334,0.8333333333333333,0.2916666666666667,1.375,19,0.5111607142857143,0.8154761904761905,0.4761904761904762,1.25,11.035714285714286,
mutation_only,5,42,0.7291666666666666,0.875,0.9041666666666667,1.0,1.25,1,0.5171130952380952,0.8162202380952381,0.5833333333333333,1.3660714285714286,11.285714285714286,
mutation_only,5,43,0.6875,0.8541666666666666,0.8583333333333334,1.0,1.625,1,0.5230654761904762,0.8296130952380952,0.6443452380952381,1.2901785714285714,9.321428571428571,
mutation_only,5,44,0.7083333333333334,0.8333333333333334,0.875,1.0,1.5,1,0.5200892857142857,0.8385416666666667,0.6056547619047619,1.2544642857142858,10.035714285714286,
mutation_only,5,45,0.6666666666666666,0.9583333333333334,0.8583333333333333,1.0,2.25,1,0.5074404761904762,0.8266369047619048,0.5833333333333333,1.3080357142857142,9.142857142857142,
mutation_only,5,46,0.6875,0.875,0.8625,0.375,1.875,19,0.5230654761904762,0.8072916666666667,0.5788690476190476,1.2991071428571428,12.392857142857142,
mutation_only,5,47,0.6666666666666666,0.9375,0.8541666666666666,0.5,1.5,8,0.5089285714285714,0.8206845238095238,0.5535714285714286,1.3482142857142858,12.107142857142858,
mutation_only,5,48,0.625,0.7916666666666666,0.7833333333333333,0.7083333333333334,0.75,6,0.49107142857142855,0.8258928571428571,0.5803571428571429,1.2366071428571428,11.392857142857142,
mutation_only,5,49,0.7083333333333334,0.7916666666666666,0.8666666666666667,0.5416666666666666,1.625,7,0.5081845238095238,0.8333333333333333,0.5223214285714286,1.2678571428571428,10.928571428571429,
mutation_only,5,50,0.6458333333333334,0.8541666666666667,0.8166666666666668,1.0,1.375,1,0.5096726190476191,0.8385416666666667,0.5491071428571429,1.4464285714285714,12.392857142857142,
mutation_only,5,51,0.6458333333333334,0.9166666666666667,0.8291666666666667,1.0,1.375,1,0.5044642857142857,0.859375,0.4836309523809524,1.2589285714285714,14.321428571428571,
mutation_only,5,52,0.6458333333333334,0.9166666666666666,0.8291666666666667,0.5833333333333334,1.5,15,0.5052083333333334,0.896577380952381,0.5654761904761905,1.3125,8.035714285714286,
mutation_only,5,53,0.6458333333333334,0.7916666666666666,0.8041666666666667,0.041666666666666664,1.125,15,0.5081845238095238,0.9084821428571429,0.630952380952381,1.2544642857142858,7.821428571428571,
mutation_only,5,54,0.625,0.7916666666666666,0.7833333333333333,0.25,1.375,5,0.5104166666666666,0.9226190476190476,0.6666666666666667,1.2633928571428572,5.357142857142857,
mutation_only,5,55,0.625,0.9375,0.8125,1.0,1.125,1,0.49479166666666663,0.9367559523809524,0.7306547619047619,1.1026785714285714,4.178571428571429,
mutation_only,5,56,0.625,0.8541666666666666,0.7958333333333334,1.0,0.625,1,0.5007440476190477,0.9293154761904762,0.6592261904761905,1.2767857142857142,4.607142857142857,
mutation_only,5,57,0.6041666666666666,0.8333333333333334,0.7708333333333333,0.3333333333333333,1.375,4,0.49330357142857145,0.921875,0.6755952380952381,1.25,5.178571428571429,
mutation_only,5,58,0.5833333333333334,0.8958333333333334,0.7625000000000001,0.3333333333333333,1.125,4,0.48660714285714285,0.8921130952380952,0.6488095238095238,1.21875,7.035714285714286,
mutation_only,5,59,0.6458333333333334,0.9166666666666667,0.8291666666666667,1.0,0.75,1,0.5044642857142857,0.9181547619047619,0.7380952380952381,1.25,4.607142857142857,
mutation_only,5,60,0.6041666666666666,0.9375,0.7916666666666666,1.0,1.125,1,0.5044642857142857,0.9188988095238095,0.7574404761904762,1.2276785714285714,3.25,
mutation_only,5,61,0.6875,0.9583333333333334,0.8791666666666667,0.2916666666666667,1.0,8,0.4888392857142857,0.9233630952380952,0.7619047619047619,1.1651785714285714,3.357142857142857,
mutation_only,5,62,0.625,0.8958333333333334,0.8041666666666667,0.2916666666666667,1.375,8,0.5074404761904762,0.927827380952381,0.6681547619047619,1.3080357142857142,6.5,
mutation_only,5,63,0.5833333333333334,0.875,0.7583333333333334,1.0,2.0,1,0.48958333333333337,0.9181547619047619,0.6607142857142857,1.1071428571428572,4.714285714285714,
mutation_only,5,64,0.6041666666666666,0.9791666666666666,0.7999999999999999,0.8333333333333334,1.0,2,0.4925595238095238,0.9114583333333333,0.6339285714285714,1.1428571428571428,5.392857142857143,
mutation_only,5,65,0.5833333333333334,0.8958333333333334,0.7625000000000001,0.375,1.5,16,0.4724702380952381,0.9025297619047619,0.6577380952380952,1.21875,5.035714285714286,
mutation_only,5,66,0.6041666666666666,0.8333333333333334,0.7708333333333333,0.9166666666666666,1.625,2,0.4873511904761905,0.8764880952380952,0.625,1.0848214285714286,6.928571428571429,
mutation_only,5,67,0.625,0.875,0.8,0.0,0.875,76,0.48660714285714285,0.8519345238095238,0.5863095238095238,1.2991071428571428,11.428571428571429,
mutation_only,5,68,0.6666666666666666,0.8541666666666666,0.8374999999999999,0.2916666666666667,1.0,22,0.5022321428571429,0.849702380952381,0.5476190476190477,1.25,12.857142857142858,
mutation_only,5,69,0.625,0.7916666666666666,0.7833333333333333,0.16666666666666666,1.25,42,0.48958333333333337,0.8511904761904762,0.45982142857142855,1.3035714285714286,12.964285714285714,
mutation_only,5,70,0.6875,0.9375,0.875,0.7083333333333334,1.25,2,0.49032738095238093,0.8608630952380952,0.5089285714285714,1.2008928571428572,10.392857142857142,
mutation_only,5,71,0.5625,0.9375,0.75,0.4166666666666667,1.5,2,0.4799107142857143,0.8504464285714286,0.4717261904761905,1.1339285714285714,12.178571428571429,
mutation_only,5,72,0.6041666666666666,0.8958333333333334,0.7833333333333333,0.6666666666666666,1.75,6,0.47916666666666663,0.837797619047619,0.5848214285714286,1.2946428571428572,7.714285714285714,
mutation_only,5,73,0.5833333333333334,0.8958333333333334,0.7625000000000001,0.5416666666666666,1.75,10,0.4918154761904762,0.8660714285714286,0.5059523809523809,1.3571428571428572,13.464285714285714,
mutation_only,5,74,0.5833333333333334,0.875,0.7583333333333334,0.25,1.125,12,0.49330357142857145,0.8787202380952381,0.5684523809523809,1.2098214285714286,10.357142857142858,
mutation_only,5,75,0.6666666666666666,0.7916666666666667,0.825,0.08333333333333333,1.0,21,0.49181547619047616,0.8727678571428571,0.5744047619047619,1.3303571428571428,9.214285714285714,
mutation_only,5,76,0.6458333333333334,0.8541666666666666,0.8166666666666667,0.125,1.125,32,0.5238095238095238,0.8519345238095238,0.5625,1.2991071428571428,9.5,
mutation_only,5,77,0.6458333333333334,0.8333333333333334,0.8125,0.125,1.25,31,0.5119047619047619,0.8296130952380952,0.37351190476190477,1.3973214285714286,17.107142857142858,
mutation_only,5,78,0.6458333333333334,0.7916666666666666,0.8041666666666667,0.16666666666666666,0.875,38,0.5200892857142857,0.8258928571428571,0.4538690476190476,1.3526785714285714,14.5,
mutation_only,5,79,0.6041666666666666,0.7291666666666666,0.75,0.125,1.625,53,0.49479166666666663,0.8296130952380952,0.5029761904761905,1.2991071428571428,9.5,
mutation_only,6,0,0.6666666666666666,0.9375,0.8541666666666666,0.7916666666666666,1.75,2,0.4970238095238095,0.8787202380952381,0.599702380952381,1.2723214285714286,9.464285714285714,
mutation_only,6,1,0.7083333333333334,0.875,0.8833333333333334,0.20833333333333334,1.5,7,0.5029761904761905,0.9017857142857143,0.5357142857142857,1.3973214285714286,10.142857142857142,
mutation_only,6,2,0.6458333333333334,0.9791666666666666,0.8416666666666667,0.20833333333333334,1.375,7,0.4761904761904762,0.9203869047619048,0.650297619047619,1.3348214285714286,5.285714285714286,
mutation_only,6,3,0.6666666666666666,0.9375,0.8541666666666666,0.2916666666666667,1.875,14,0.4836309523809524,0.9285714285714286,0.6666666666666667,1.2633928571428572,5.785714285714286,
mutation_only,6,4,0.6666666666666666,0.9166666666666667,0.85,0.25,1.25,19,0.5007440476190477,0.927827380952381,0.5833333333333333,1.3660714285714286,11.678571428571429,
mutation_only,6,5,0.6875,0.9583333333333334,0.8791666666666667,0.7083333333333334,1.0,2,0.5163690476190477,0.9181547619047619,0.7380952380952381,1.3080357142857142,6.178571428571429,
mutation_only,6,6,0.6875,0.9166666666666667,0.8708333333333333,0.6666666666666666,0.875,2,0.4925595238095238,0.8921130952380952,0.6354166666666667,1.21875,5.214285714285714,
mutation_only,6,7,0.6458333333333334,0.9583333333333334,0.8375,0.7083333333333334,0.875,2,0.4955357142857143,0.8995535714285714,0.6666666666666667,1.1428571428571428,5.678571428571429,
mutation_only,6,8,0.6875,0.9166666666666667,0.8708333333333333,0.75,0.875,2,0.4955357142857143,0.8980654761904762,0.6770833333333333,1.1741071428571428,6.535714285714286,
mutation_only,6,9,0.625,0.8958333333333334,0.8041666666666667,0.7916666666666666,1.0,4,0.4955357142857143,0.8980654761904763,0.6517857142857143,1.0892857142857142,7.464285714285714,
mutation_only,6,10,0.6458333333333334,0.9166666666666667,0.8291666666666667,0.4583333333333333,0.75,3,0.4918154761904762,0.9084821428571429,0.6324404761904762,1.0892857142857142,7.535714285714286,
mutation_only,6,11,0.6875,0.8333333333333334,0.8541666666666667,1.0,1.0,1,0.4925595238095238,0.9226190476190476,0.6949404761904762,1.2321428571428572,6.5,
mutation_only,6,12,0.625,1.0,0.825,1.0,1.875,1,0.5,0.9322916666666667,0.7068452380952381,1.2589285714285714,7.178571428571429,
mutation_only,6,13,0.625,1.0,0.825,1.0,1.375,1,0.511904761904762,0.8988095238095238,0.6711309523809524,1.1785714285714286,5.714285714285714,
mutation_only,6,14,0.6458333333333334,0.9791666666666666,0.8416666666666667,0.4583333333333333,0.75,9,0.4851190476190476,0.9114583333333333,0.5282738095238095,1.2723214285714286,6.107142857142857,
mutation_only,6,15,0.625,0.8333333333333334,0.7916666666666667,0.375,1.0,9,0.47023809523809523,0.8943452380952381,0.5714285714285714,1.28125,7.035714285714286,
mutation_only,6,16,0.6875,0.8958333333333334,0.8666666666666667,0.8333333333333334,1.25,6,0.48586309523809523,0.8891369047619048,0.587797619047619,1.1205357142857142,4.892857142857143,
mutation_only,6,17,0.6875,0.8958333333333334,0.8666666666666667,0.8333333333333334,1.0,6,0.49851190476190477,0.9129464285714286,0.5550595238095238,1.2276785714285714,6.142857142857143,
mutation_only,6,18,0.7291666666666666,0.8958333333333334,0.9083333333333333,0.8333333333333334,1.625,6,0.5074404761904762,0.8928571428571429,0.5550595238095238,1.2767857142857142,6.178571428571429,
mutation_only,6,19,0.6458333333333334,0.8541666666666667,0.8166666666666668,0.6666666666666666,1.375,4,0.5133928571428571,0.8883928571428571,0.5208333333333334,1.3571428571428572,7.25,
mutation_only,6,20,0.6875,0.9166666666666666,0.8708333333333333,0.7916666666666666,1.25,15,0.5238095238095238,0.8921130952380952,0.5714285714285714,1.1607142857142858,7.75,
mutation_only,6,21,0.6875,0.7916666666666666,0.8458333333333333,0.25,1.5,8,0.5238095238095238,0.8757440476190476,0.6279761904761905,1.1964285714285714,6.535714285714286,
mutation_only,6,22,0.6458333333333334,0.9791666666666666,0.8416666666666667,1.0,0.625,1,0.5148809523809523,0.890625,0.6116071428571429,1.1741071428571428,5.5,
mutation_only,6,23,0.6666666666666666,0.8958333333333334,0.8458333333333333,0.2916666666666667,1.375,9,0.5089285714285714,0.9107142857142857,0.5982142857142857,1.2991071428571428,9.678571428571429,
mutation_only,6,24,0.6458333333333334,0.7708333333333334,0.8,0.5,1.25,7,0.5245535714285714,0.880952380952381,0.5401785714285714,1.3660714285714286,7.5,
mutation_only,6,25,0.6666666666666666,0.8333333333333334,0.8333333333333333,0.5416666666666666,1.5,3,0.515625,0.8764880952380952,0.5238095238095238,1.2232142857142858,10.107142857142858,
mutation_only,6,26,0.7083333333333334,0.9166666666666666,0.8916666666666667,0.5833333333333334,1.0,2,0.5394345238095238,0.8861607142857143,0.5565476190476191,1.2633928571428572,5.714285714285714,
mutation_only,6,27,0.6875,0.9166666666666666,0.8708333333333333,0.25,1.625,9,0.5133928571428571,0.8824404761904762,0.5282738095238095,1.2321428571428572,9.142857142857142,
mutation_only,6,28,0.6041666666666666,0.7916666666666666,0.7625,1.0,1.625,1,0.4873511904761905,0.875,0.550595238095238,1.2544642857142858,7.714285714285714,
mutation_only,6,29,0.6041666666666666,0.8958333333333334,0.7833333333333333,1.0,0.5,1,0.4925595238095238,0.8735119047619048,0.5595238095238095,1.1696428571428572,7.071428571428571,
mutation_only,6,30,0.6041666666666666,0.9166666666666667,0.7875,0.7916666666666666,1.5,2,0.49479166666666663,0.8891369047619048,0.619047619047619,1.2767857142857142,4.857142857142857,
mutation_only,6,31,0.625,0.875,0.8,0.5833333333333334,1.625,4,0.4970238095238095,0.8943452380952381,0.59375,1.3080357142857142,7.678571428571429,
mutation_only,6,32,0.6041666666666666,0.9375,0.7916666666666666,0.8333333333333334,0.75,2,0.49032738095238093,0.8973214285714286,0.5729166666666667,1.2455357142857142,7.178571428571429,
mutation_only,6,33,0.6875,0.8958333333333334,0.8666666666666667,0.2916666666666667,1.625,6,0.5171130952380952,0.9084821428571429,0.5372023809523809,1.40625,6.357142857142857,
mutation_only,6,34,0.6666666666666666,0.9166666666666666,0.85,0.5,0.5,2,0.5111607142857143,0.8958333333333333,0.6011904761904762,1.2321428571428572,6.0,
mutation_only,6,35,0.5833333333333334,0.9583333333333334,0.775,0.7916666666666666,1.375,2,0.48586309523809523,0.8846726190476192,0.5491071428571429,1.1964285714285714,5.821428571428571,
mutation_only,6,36,0.6041666666666666,0.9791666666666666,0.7999999999999999,0.3333333333333333,1.125,5,0.49330357142857145,0.8958333333333333,0.5967261904761905,1.1651785714285714,9.642857142857142,
mutation_only,6,37,0.6041666666666666,0.9166666666666667,0.7875,0.7083333333333334,1.5,4,0.4680059523809524,0.8973214285714286,0.6354166666666667,1.2366071428571428,5.5,
mutation_only,6,38,0.625,0.875,0.8,0.8333333333333334,0.875,2,0.49330357142857145,0.8861607142857143,0.7113095238095238,1.0714285714285714,4.107142857142857,
mutation_only,6,39,0.6458333333333334,0.8958333333333334,0.8250000000000001,0.75,0.875,5,0.47767857142857145,0.896577380952381,0.6845238095238095,1.1919642857142858,5.25,
mutation_only,6,40,0.6458333333333334,0.8333333333333334,0.8125,1.0,0.75,1,0.4888392857142857,0.8816964285714286,0.6696428571428571,1.2544642857142858,6.642857142857143,
mutation_only,6,41,0.6458333333333334,0.8333333333333334,0.8125,0.375,0.5,3,0.49479166666666663,0.8816964285714286,0.53125,1.15625,7.392857142857143,
mutation_only,6,42,0.6666666666666666,0.7708333333333334,0.8208333333333333,0.75,1.75,2,0.4992559523809524,0.8645833333333333,0.5907738095238095,1.1919642857142858,7.214285714285714,
mutation_only,6,43,0.6458333333333334,0.8333333333333334,0.8125,0.25,0.375,9,0.48660714285714285,0.865327380952381,0.6086309523809524,1.28125,5.428571428571429,
mutation_only,6,44,0.5833333333333334,0.8333333333333334,0.75,1.0,1.0,1,0.4955357142857143,0.8958333333333333,0.7202380952380952,1.3482142857142858,5.178571428571429,
mutation_only,6,45,0.7083333333333334,0.75,0.8583333333333334,0.2916666666666667,1.0,18,0.49851190476190477,0.9441964285714286,0.7574404761904762,1.1919642857142858,3.8214285714285716,
mutation_only,6,46,0.5833333333333334,0.9583333333333334,0.775,0.8333333333333334,1.125,2,0.49330357142857145,0.9285714285714286,0.7708333333333333,1.28125,4.178571428571429,
mutation_only,6,47,0.6458333333333334,0.9166666666666667,0.8291666666666667,0.4166666666666667,2.625,9,0.5126488095238095,0.9129464285714286,0.6175595238095238,1.3526785714285714,7.107142857142857,
mutation_only,6,48,0.6041666666666666,0.8958333333333334,0.7833333333333333,0.7916666666666666,1.0,4,0.4962797619047619,0.9002976190476192,0.6101190476190476,1.2991071428571428,6.392857142857143,
mutation_only,6,49,0.625,0.875,0.8,0.4583333333333333,0.875,6,0.49107142857142855,0.8950892857142857,0.5922619047619048,1.1339285714285714,4.678571428571429,
mutation_only,6,50,0.6041666666666666,0.9166666666666667,0.7875,0.25,1.0,6,0.484375,0.8958333333333333,0.6428571428571429,1.3169642857142858,4.714285714285714,
mutation_only,6,51,0.5833333333333334,0.875,0.7583333333333334,0.7083333333333334,0.375,2,0.48660714285714285,0.8958333333333333,0.6770833333333333,1.2901785714285714,5.964285714285714,
mutation_only,6,52,0.5833333333333334,0.75,0.7333333333333334,0.5,1.75,3,0.4813988095238095,0.8816964285714286,0.6711309523809524,1.3214285714285714,4.107142857142857,
mutation_only,6,53,0.6458333333333334,0.7708333333333334,0.8,0.7083333333333334,1.25,4,0.503720238095238,0.9017857142857143,0.5699404761904762,1.2008928571428572,7.071428571428571,
mutation_only,6,54,0.6458333333333334,0.9791666666666666,0.8416666666666667,0.9583333333333334,1.0,2,0.5089285714285714,0.9196428571428571,0.7068452380952381,1.15625,3.6785714285714284,
mutation_only,6,55,0.625,0.9375,0.8125,0.7916666666666666,1.25,2,0.515625,0.9114583333333334,0.6339285714285714,1.2098214285714286,4.285714285714286,
mutation_only,6,56,0.5833333333333334,0.8541666666666666,0.7541666666666667,0.625,0.625,4,0.5066964285714286,0.896577380952381,0.5416666666666666,1.3571428571428572,6.428571428571429,
mutation_only,6,57,0.6875,1.0,0.8875,0.20833333333333334,1.5,6,0.5074404761904762,0.912202380952381,0.6517857142857143,1.1607142857142858,5.964285714285714,
mutation_only,6,58,0.6041666666666666,0.8958333333333334,0.7833333333333333,0.20833333333333334,1.0,11,0.49107142857142855,0.8988095238095238,0.5446428571428571,1.09375,7.642857142857143,
mutation_only,6,59,0.625,0.875,0.8,0.08333333333333333,1.625,15,0.5200892857142857,0.8846726190476192,0.48660714285714285,1.1785714285714286,7.107142857142857,
mutation_only,6,60,0.625,0.9583333333333334,0.8166666666666667,0.5,1.125,4,0.5014880952380952,0.8958333333333333,0.5,1.2053571428571428,6.678571428571429,
mutation_only,6,61,0.5833333333333334,0.8541666666666667,0.7541666666666668,0.16666666666666666,1.5,6,0.47767857142857145,0.8869047619047619,0.5550595238095238,1.1830357142857142,6.392857142857143,
mutation_only,6,62,0.6041666666666666,0.8333333333333334,0.7708333333333333,0.8333333333333334,0.75,6,0.49032738095238093,0.8921130952380952,0.5223214285714286,1.3616071428571428,9.821428571428571,
mutation_only,6,63,0.625,1.0,0.825,1.0,1.0,1,0.484375,0.8943452380952381,0.5491071428571429,1.2276785714285714,12.642857142857142,
mutation_only,6,64,0.6041666666666666,0.8541666666666667,0.775,0.9166666666666666,0.875,2,0.49479166666666663,0.8943452380952381,0.4523809523809524,1.2321428571428572,9.214285714285714,
mutation_only,6,65,0.625,0.875,0.8,0.08333333333333333,1.125,12,0.5022321428571429,0.8883928571428571,0.5327380952380952,1.3258928571428572,6.571428571428571,
mutation_only,6,66,0.5833333333333334,0.8958333333333334,0.7625000000000001,0.5,2.0,2,0.503720238095238,0.8943452380952381,0.5714285714285714,1.3392857142857142,5.321428571428571,
mutation_only,6,67,0.625,0.8541666666666666,0.7958333333333334,0.4583333333333333,1.375,6,0.5163690476190477,0.8869047619047619,0.5476190476190476,1.25,5.642857142857143,
mutation_only,6,68,0.625,0.8541666666666666,0.7958333333333334,0.7083333333333334,1.5,6,0.5223214285714286,0.8831845238095238,0.45833333333333337,1.3571428571428572,9.5,
mutation_only,6,69,0.6041666666666666,0.9166666666666667,0.7875,0.5,1.125,4,0.49776785714285715,0.902529761904762,0.4836309523809524,1.1428571428571428,9.357142857142858,
mutation_only,6,70,0.625,0.8958333333333334,0.8041666666666667,0.875,0.625,3,0.5074404761904762,0.9025297619047619,0.5342261904761905,1.1473214285714286,9.107142857142858,
mutation_only,6,71,0.625,0.8958333333333334,0.8041666666666667,0.875,1.0,3,0.5059523809523809,0.8854166666666667,0.5625,1.2276785714285714,6.964285714285714,
mutation_only,6,72,0.625,0.8958333333333334,0.8041666666666667,0.7083333333333334,0.625,4,0.47842261904761907,0.8854166666666667,0.5029761904761905,1.1696428571428572,8.928571428571429,
mutation_only,6,73,0.5625,0.875,0.7375,1.0,1.375,1,0.49404761904761907,0.8712797619047619,0.5729166666666667,1.1830357142857142,6.75,
mutation_only,6,74,0.625,0.8333333333333334,0.7916666666666667,0.2916666666666667,0.625,10,0.4851190476190476,0.8876488095238095,0.6101190476190476,1.3169642857142858,6.857142857142857,
mutation_only,6,75,0.5625,0.875,0.7375,0.7916666666666666,0.875,2,0.48586309523809523,0.8883928571428571,0.599702380952381,1.2991071428571428,7.678571428571429,
mutation_only,6,76,0.5416666666666666,0.8958333333333334,0.7208333333333333,0.7916666666666666,0.625,7,0.47767857142857145,0.8824404761904763,0.5818452380952381,1.1696428571428572,6.535714285714286,
mutation_only,6,77,0.6041666666666666,0.8958333333333334,0.7833333333333333,0.9166666666666666,0.875,4,0.4873511904761905,0.8764880952380952,0.5684523809523809,1.2857142857142858,6.535714285714286,
mutation_only,6,78,0.625,1.0,0.825,0.75,1.375,3,0.5052083333333334,0.8787202380952381,0.5818452380952381,1.1205357142857142,6.928571428571429,
mutation_only,6,79,0.6041666666666666,0.9375,0.7916666666666666,0.16666666666666666,1.25,8,0.49404761904761907,0.8623511904761905,0.519345238095238,1.2589285714285714,6.607142857142857,
mutation_only,7,0,0.6458333333333333,0.8958333333333334,0.825,0.4583333333333333,1.625,3,0.4918154761904762,0.8757440476190476,0.5401785714285714,1.3348214285714286,10.464285714285714,
mutation_only,7,1,0.6666666666666666,0.9791666666666666,0.8624999999999999,0.4166666666666667,1.75,15,0.5044642857142857,0.865327380952381,0.49851190476190477,1.25,9.964285714285714,
mutation_only,7,2,0.6458333333333334,0.9791666666666666,0.8416666666666667,0.4166666666666667,1.0,15,0.5126488095238095,0.8787202380952381,0.6116071428571429,1.3080357142857142,6.607142857142857,
mutation_only,7,3,0.7083333333333334,0.7916666666666666,0.8666666666666667,0.8333333333333334,1.0,2,0.49776785714285715,0.8623511904761905,0.6547619047619048,1.3035714285714286,9.035714285714286,
mutation_only,7,4,0.6458333333333334,0.7708333333333334,0.8,0.0,0.875,28,0.5074404761904762,0.8578869047619048,0.6681547619047619,1.3080357142857142,8.464285714285714,
mutation_only,7,5,0.625,0.75,0.775,1.0,1.875,1,0.49776785714285715,0.8571428571428571,0.5758928571428571,1.3526785714285714,11.464285714285714,
mutation_only,7,6,0.6041666666666666,0.9583333333333334,0.7958333333333333,0.2916666666666667,1.375,13,0.5029761904761905,0.8727678571428571,0.650297619047619,1.2008928571428572,6.571428571428571,
mutation_only,7,7,0.6666666666666666,0.9166666666666667,0.85,0.125,1.625,26,0.5215773809523809,0.8452380952380952,0.5401785714285714,1.4330357142857142,14.178571428571429,
mutation_only,7,8,0.6458333333333334,0.8333333333333334,0.8125,0.20833333333333334,1.75,26,0.5215773809523809,0.8459821428571429,0.6026785714285714,1.3080357142857142,11.035714285714286,
mutation_only,7,9,0.625,0.8125,0.7875,1.0,1.5,1,0.5171130952380952,0.8608630952380952,0.519345238095238,1.3035714285714286,8.214285714285714,
mutation_only,7,10,0.6666666666666666,0.9166666666666666,0.85,0.375,1.625,9,0.5245535714285714,0.8370535714285714,0.5610119047619048,1.3169642857142858,10.107142857142858,
mutation_only,7,11,0.6458333333333334,0.875,0.8208333333333334,0.6666666666666666,1.25,4,0.5148809523809523,0.8258928571428571,0.5773809523809524,1.4375,8.785714285714286,
mutation_only,7,12,0.625,0.9375,0.8125,0.4166666666666667,1.375,24,0.5453869047619048,0.8459821428571429,0.5476190476190477,1.34375,10.392857142857142,
mutation_only,7,13,0.6875,0.7916666666666666,0.8458333333333333,1.0,2.0,1,0.5498511904761905,0.84375,0.48660714285714285,1.5669642857142858,17.107142857142858,
mutation_only,7,14,0.6875,0.8541666666666667,0.8583333333333334,0.625,1.0,4,0.5476190476190477,0.8444940476190476,0.4717261904761905,1.5178571428571428,13.392857142857142,
mutation_only,7,15,0.6875,0.9166666666666667,0.8708333333333333,1.0,0.875,1,0.546875,0.8385416666666667,0.5446428571428571,1.3526785714285714,9.0,
mutation_only,7,16,0.6875,0.9583333333333334,0.8791666666666667,1.0,1.75,1,0.5416666666666666,0.8474702380952381,0.543154761904762,1.3303571428571428,9.714285714285714,
mutation_only,7,17,0.6875,1.0,0.8875,0.7083333333333334,1.5,5,0.519345238095238,0.853422619047619,0.44345238095238093,1.3348214285714286,12.285714285714286,
mutation_only,7,18,0.6666666666666666,0.9375,0.8541666666666666,0.4583333333333333,1.25,9,0.5357142857142857,0.8645833333333333,0.4211309523809524,1.3660714285714286,13.678571428571429,
mutation_only,7,19,0.7083333333333334,0.8333333333333334,0.875,0.4166666666666667,0.875,10,0.5535714285714286,0.8727678571428571,0.4836309523809524,1.4107142857142858,10.321428571428571,
mutation_only,7,20,0.6666666666666666,0.9791666666666666,0.8624999999999999,1.0,1.375,1,0.5327380952380952,0.8668154761904762,0.5610119047619048,1.2991071428571428,10.285714285714286,
mutation_only,7,21,0.625,0.9583333333333334,0.8166666666666667,1.0,1.375,1,0.5186011904761905,0.8668154761904762,0.45535714285714285,1.4241071428571428,11.392857142857142,
mutation_only,7,22,0.625,1.0,0.825,1.0,2.0,1,0.5096726190476191,0.8563988095238095,0.5386904761904762,1.3392857142857142,11.571428571428571,
mutation_only,7,23,0.6041666666666666,0.9583333333333334,0.7958333333333333,1.0,1.625,1,0.511904761904762,0.8608630952380952,0.5491071428571429,1.3303571428571428,11.785714285714286,
mutation_only,7,24,0.625,0.9375,0.8125,0.8333333333333334,2.5,4,0.5260416666666666,0.8683035714285714,0.5848214285714286,1.3660714285714286,10.678571428571429,
mutation_only,7,25,0.6458333333333334,0.8958333333333334,0.8250000000000001,0.4583333333333333,1.375,4,0.5,0.8474702380952381,0.5595238095238095,1.4419642857142858,10.642857142857142,
mutation_only,7,26,0.6458333333333334,0.8125,0.8083333333333333,0.4166666666666667,1.25,4,0.49330357142857145,0.8660714285714286,0.4717261904761905,1.3705357142857142,13.357142857142858,
mutation_only,7,27,0.6458333333333334,0.8541666666666666,0.8166666666666667,0.2916666666666667,2.0,19,0.49032738095238093,0.865327380952381,0.5461309523809523,1.2455357142857142,10.5,
mutation_only,7,28,0.7083333333333334,0.9166666666666666,0.8916666666666667,0.5833333333333334,1.25,3,0.5007440476190477,0.8660714285714286,0.6011904761904762,1.34375,8.464285714285714,
mutation_only,7,29,0.6875,0.8541666666666666,0.8583333333333334,0.5833333333333334,1.25,3,0.5282738095238095,0.8630952380952381,0.619047619047619,1.3839285714285714,7.714285714285714,
mutation_only,7,30,0.625,0.875,0.8,1.0,1.25,1,0.4813988095238095,0.859375,0.5059523809523809,1.2857142857142858,11.107142857142858,
mutation_only,7,31,0.6041666666666666,0.875,0.7791666666666667,1.0,1.5,1,0.4888392857142857,0.8549107142857143,0.5461309523809523,1.2142857142857142,12.75,
mutation_only,7,32,0.625,0.875,0.8,0.08333333333333333,2.25,8,0.5111607142857143,0.8705357142857143,0.511904761904762,1.3973214285714286,11.178571428571429,
mutation_only,7,33,0.6041666666666666,0.875,0.7791666666666667,0.25,2.375,17,0.5178571428571429,0.8556547619047619,0.45535714285714285,1.1785714285714286,10.321428571428571,
mutation_only,7,34,0.6458333333333334,0.8958333333333334,0.8250000000000001,0.2916666666666667,1.625,3,0.5171130952380952,0.8355654761904762,0.5178571428571429,1.3660714285714286,9.464285714285714,
mutation_only,7,35,0.6458333333333334,0.9166666666666666,0.8291666666666667,0.3333333333333333,1.0,13,0.5305059523809523,0.8385416666666667,0.4494047619047619,1.2946428571428572,13.0,
mutation_only,7,36,0.7291666666666666,0.875,0.9041666666666667,0.375,1.0,36,0.5282738095238095,0.8422619047619048,0.4032738095238095,1.3392857142857142,14.035714285714286,
mutation_only,7,37,0.7083333333333334,0.7916666666666666,0.8666666666666667,0.20833333333333334,0.75,5,0.5290178571428571,0.8258928571428571,0.33779761904761907,1.2053571428571428,12.571428571428571,
mutation_only,7,38,0.6458333333333334,0.8541666666666667,0.8166666666666668,1.0,1.125,1,0.5230654761904762,0.8355654761904762,0.3199404761904762,1.3482142857142858,13.142857142857142,
mutation_only,7,39,0.625,0.7708333333333334,0.7791666666666667,0.20833333333333334,0.875,8,0.5186011904761905,0.8303571428571429,0.38392857142857145,1.2678571428571428,14.321428571428571,
mutation_only,7,40,0.6041666666666666,0.9791666666666666,0.7999999999999999,1.0,1.125,1,0.5208333333333334,0.8244047619047619,0.4419642857142857,1.2767857142857142,13.928571428571429,
mutation_only,7,41,0.6458333333333334,0.9791666666666666,0.8416666666666667,1.0,1.75,1,0.5357142857142857,0.8318452380952381,0.5,1.34375,8.678571428571429,
mutation_only,7,42,0.625,0.9375,0.8125,1.0,1.0,1,0.49776785714285715,0.8526785714285714,0.5,1.3973214285714286,8.892857142857142,
mutation_only,7,43,0.6458333333333334,0.9583333333333334,0.8375,1.0,1.5,1,0.5126488095238095,0.84375,0.4181547619047619,1.2857142857142858,8.678571428571429,
mutation_only,7,44,0.625,0.9375,0.8125,1.0,1.5,1,0.49776785714285715,0.8392857142857143,0.40476190476190477,1.3526785714285714,13.107142857142858,
mutation_only,7,45,0.6041666666666666,0.9375,0.7916666666666666,1.0,1.125,1,0.5186011904761905,0.8318452380952381,0.41666666666666663,1.3080357142857142,11.285714285714286,
mutation_only,7,46,0.6458333333333334,0.8958333333333334,0.8250000000000001,0.4583333333333333,0.75,4,0.515625,0.8363095238095238,0.3511904761904762,1.3482142857142858,19.035714285714285,
mutation_only,7,47,0.625,0.9375,0.8125,0.4166666666666667,1.5,4,0.503720238095238,0.8586309523809524,0.41666666666666663,1.3973214285714286,13.75,
mutation_only,7,48,0.6666666666666666,0.9375,0.8541666666666666,0.5416666666666666,1.5,4,0.5044642857142857,0.8683035714285714,0.4642857142857143,1.2991071428571428,14.0,
mutation_only,7,49,0.6458333333333334,0.7916666666666667,0.8041666666666667,0.08333333333333333,2.125,35,0.5111607142857143,0.8534226190476192,0.4642857142857143,1.2678571428571428,13.0,
mutation_only,7,50,0.6666666666666666,0.7291666666666666,0.8125,0.125,1.125,23,0.5327380952380952,0.853422619047619,0.42410714285714285,1.15625,9.25,
mutation_only,7,51,0.6666666666666666,0.8333333333333334,0.8333333333333333,0.16666666666666666,1.625,12,0.5126488095238095,0.8563988095238095,0.3869047619047619,1.21875,9.535714285714286,
mutation_only,7,52,0.6458333333333334,0.8541666666666667,0.8166666666666668,0.125,1.375,11,0.5104166666666666,0.8556547619047619,0.4107142857142857,1.1964285714285714,9.107142857142858,
mutation_only,7,53,0.6041666666666666,0.8541666666666667,0.775,0.125,0.75,7,0.5029761904761905,0.8325892857142857,0.39732142857142855,1.1160714285714286,10.357142857142858,
mutation_only,7,54,0.6458333333333334,0.8125,0.8083333333333333,0.08333333333333333,1.25,4,0.511904761904762,0.8489583333333333,0.38541666666666663,1.2008928571428572,8.642857142857142,
mutation_only,7,55,0.625,0.9375,0.8125,0.875,1.375,4,0.47470238095238093,0.8526785714285714,0.4717261904761905,1.25,8.964285714285714,
mutation_only,7,56,0.6458333333333334,0.9166666666666666,0.8291666666666667,1.0,1.625,1,0.5081845238095238,0.8459821428571429,0.550595238095238,1.4419642857142858,9.607142857142858,
mutation_only,7,57,0.5625,0.8958333333333334,0.7416666666666667,0.875,1.25,4,0.4694940476190476,0.8415178571428571,0.5491071428571429,1.1919642857142858,7.821428571428571,
mutation_only,7,58,0.6041666666666666,0.9375,0.7916666666666666,0.041666666666666664,2.25,18,0.4851190476190476,0.8683035714285714,0.5788690476190476,1.2633928571428572,6.928571428571429,
mutation_only,7,59,0.6041666666666666,0.8958333333333334,0.7833333333333333,0.5416666666666666,1.0,2,0.46354166666666663,0.859375,0.5907738095238095,1.1517857142857142,8.5,
mutation_only,7,60,0.6458333333333334,0.8125,0.8083333333333333,0.08333333333333333,1.125,13,0.4456845238095238,0.8742559523809524,0.712797619047619,1.1339285714285714,6.0,
mutation_only,7,61,0.6875,0.875,0.8625,0.16666666666666666,1.5,17,0.4724702380952381,0.8891369047619048,0.6294642857142857,1.2857142857142858,7.571428571428571,
mutation_only,7,62,0.6666666666666666,0.875,0.8416666666666667,0.16666666666666666,1.25,28,0.4813988095238095,0.8735119047619048,0.6160714285714286,1.3705357142857142,7.357142857142857,
mutation_only,7,63,0.6666666666666666,0.875,0.8416666666666667,0.4583333333333333,1.625,8,0.484375,0.8735119047619048,0.6026785714285714,1.3348214285714286,5.428571428571429,
mutation_only,7,64,0.625,0.8958333333333334,0.8041666666666667,0.4583333333333333,1.0,15,0.4761904761904762,0.869047619047619,0.5833333333333333,1.2544642857142858,5.714285714285714,
mutation_only,7,65,0.6041666666666666,0.8958333333333334,0.7833333333333333,0.20833333333333334,1.25,7,0.47023809523809523,0.8742559523809524,0.5625,1.2946428571428572,6.142857142857143,
mutation_only,7,66,0.6041666666666666,0.9375,0.7916666666666666,0.3333333333333333,1.375,8,0.47842261904761907,0.8883928571428571,0.5357142857142857,1.4285714285714286,6.714285714285714,
mutation_only,7,67,0.625,0.9375,0.8125,0.8333333333333334,1.75,6,0.4732142857142857,0.8742559523809524,0.7291666666666667,1.2276785714285714,5.464285714285714,
mutation_only,7,68,0.625,0.9166666666666666,0.8083333333333333,0.75,1.375,2,0.47023809523809523,0.8861607142857143,0.6607142857142857,1.2544642857142858,8.392857142857142,
mutation_only,7,69,0.625,0.875,0.8,1.0,1.25,1,0.45982142857142855,0.8958333333333333,0.6785714285714286,1.2678571428571428,7.428571428571429,
mutation_only,7,70,0.5833333333333334,0.8333333333333334,0.75,0.041666666666666664,0.875,27,0.46726190476190477,0.9017857142857143,0.6220238095238095,1.2053571428571428,11.178571428571429,
mutation_only,7,71,0.6041666666666666,0.8958333333333334,0.7833333333333333,0.5,1.125,4,0.4761904761904762,0.8921130952380952,0.6428571428571429,1.2991071428571428,7.785714285714286,
mutation_only,7,72,0.5833333333333334,0.875,0.7583333333333334,0.75,1.75,7,0.45089285714285715,0.8995535714285714,0.6235119047619048,1.28125,8.678571428571429,
mutation_only,7,73,0.625,0.9166666666666666,0.8083333333333333,0.5,1.125,4,0.45907738095238093,0.9196428571428571,0.7113095238095238,1.2946428571428572,6.464285714285714,
mutation_only,7,74,0.5416666666666666,0.9791666666666666,0.7374999999999999,0.375,1.25,7,0.43824404761904756,0.8958333333333333,0.6726190476190476,1.2544642857142858,7.035714285714286,
mutation_only,7,75,0.6041666666666666,0.8541666666666666,0.7749999999999999,0.08333333333333333,1.375,59,0.46875,0.9017857142857143,0.5818452380952381,1.3035714285714286,9.464285714285714,
mutation_only,7,76,0.5833333333333334,0.8541666666666666,0.7541666666666667,0.9583333333333334,1.375,2,0.46726190476190477,0.8779761904761905,0.5446428571428571,1.3794642857142858,10.428571428571429,
mutation_only,7,77,0.6458333333333334,0.8333333333333334,0.8125,0.041666666666666664,2.0,27,0.44791666666666663,0.8861607142857143,0.47767857142857145,1.3258928571428572,13.892857142857142,
mutation_only,7,78,0.625,0.9166666666666666,0.8083333333333333,0.4166666666666667,1.25,6,0.46354166666666663,0.8839285714285714,0.511904761904762,1.2991071428571428,10.285714285714286,
mutation_only,7,79,0.6458333333333334,0.8333333333333334,0.8125,0.8333333333333334,1.625,4,0.46726190476190477,0.880952380952381,0.5491071428571429,1.2991071428571428,9.928571428571429,
