regime,replicate,age_step,incumbent_pattern,incumbent_share,mode_entropy,total_reinforcement,incumbent_reinforcement,accessible_mode_count,accessible_modes,epsilon_star,epsilon_star_censored,switch_fraction_at_epsilon_star
reinforced,0,0,mixed_0_1_4,0.3515795312893394,1.5125509802763888,0.0,0.0,5,mixed_1_2;mixed_1_3;mode_0;mode_1;mode_4,0.060000000000000005,False,1.0
reinforced,0,20,mode_1,0.49050568881236795,1.3568915713190428,0.6373257184096919,0.25790501131780286,1,mode_1,0.66,True,0.0
reinforced,0,40,mode_1,0.8374757573768207,0.6596305336941845,1.1585988450061178,0.6433219641393236,1,mode_1,0.66,True,0.0
reinforced,0,60,mode_1,0.9463509326314161,0.2833623149065462,1.5849517516323348,1.1093276996127792,1,mode_1,0.66,True,0.0
reinforced,0,80,mode_1,0.9646032143466802,0.20207426692279565,1.9336687518266618,1.5176698110591593,1,mode_1,0.66,True,0.0
reinforced,0,100,mode_1,0.9717644288387095,0.16768866492859075,2.2188868055436957,1.858797057150889,1,mode_1,0.66,True,0.0
reinforced,0,120,mode_1,0.9758950836389553,0.1470247351621901,2.452168630406839,2.141165821959272,1,mode_1,0.66,True,0.0
reinforced,0,140,mode_1,0.9784386034705354,0.13394367116139377,2.642971453377745,2.3741720791640004,1,mode_1,0.66,True,0.0
reinforced,0,160,mode_1,0.9798396123763288,0.12661005327916378,2.7329710873904696,2.5,1,mode_1,0.66,True,0.0
reinforced,0,180,mode_1,0.9799732415978017,0.1259050732810462,2.7033840515644174,2.5,1,mode_1,0.66,True,0.0
reinforced,0,200,mode_1,0.9799048138764394,0.12626568753962406,2.679147640936781,2.5,1,mode_1,0.66,True,0.0
reinforced,0,220,mode_1,0.9799911066935907,0.12581132556038088,2.6593017455916343,2.5,1,mode_1,0.66,True,0.0
reinforced,0,240,mode_1,0.9799959625140623,0.12578539968826186,2.643021703921458,2.5,1,mode_1,0.66,True,0.0
reinforced,1,0,mixed_0_2_4,0.3455299251821751,1.4664025171423416,0.0,0.0,5,mixed_1_2_4;mixed_2_3_4;mode_0;mode_2;mode_4,0.24000000000000002,False,0.6
reinforced,1,20,mode_2,0.45708557622383006,1.338527815227761,0.637325718409692,0.24892983352885395,1,mode_2,0.66,True,0.0
reinforced,1,40,mode_2,0.7830245717350414,0.7856960467283801,1.1585988450061182,0.6009556955350016,1,mode_2,0.66,True,0.0
reinforced,1,60,mode_2,0.9415462081740598,0.3029745544924892,1.5849517516323348,1.0604958467020367,1,mode_2,0.66,True,0.0
reinforced,1,80,mode_2,0.9628825807110775,0.21004080402552053,1.9336687518266618,1.4760995921086337,1,mode_2,0.66,True,0.0
reinforced,1,100,mode_2,0.9710972957776554,0.17095081599784628,2.2188868055436965,1.8241389848191736,1,mode_2,0.66,True,0.0
reinforced,1,120,mode_2,0.9754782877916113,0.14913252017191922,2.4521686304068386,2.1125281765562085,1,mode_2,0.66,True,0.0
reinforced,1,140,mode_2,0.9783079926649209,0.13461779153019138,2.6429714533777444,2.3506144753561937,1,mode_2,0.66,True,0.0
reinforced,1,160,mode_2,0.9797059686528212,0.1273108044612464,2.7523242632462845,2.5,1,mode_2,0.66,True,0.0
reinforced,1,180,mode_2,0.9799661395892091,0.1259407121064277,2.719171605289753,2.5,1,mode_2,0.66,True,0.0
reinforced,1,200,mode_2,0.9799251384062723,0.1261575984761613,2.69204785199766,2.5,1,mode_2,0.66,True,0.0
reinforced,1,220,mode_2,0.9800765728520696,0.125358682085717,2.6698182956430236,2.5,1,mode_2,0.66,True,0.0
reinforced,1,240,mode_2,0.9801546543226338,0.12494551962097569,2.651650799352991,2.5,1,mode_2,0.66,True,0.0
reinforced,2,0,mode_2,0.6042722327133633,1.204488499868238,0.0,0.0,1,mode_2,0.66,True,0.25
reinforced,2,20,mode_2,0.8222402959104848,0.7095163203627136,0.637325718409692,0.4490545660567771,1,mode_2,0.66,True,0.0
reinforced,2,40,mode_2,0.9423852548711151,0.30015919475743297,1.1585988450061182,0.9446889696113773,1,mode_2,0.66,True,0.0
reinforced,2,60,mode_2,0.9626231768763807,0.2113223733227634,1.5849517516323344,1.3816390294319683,1,mode_2,0.66,True,0.0
reinforced,2,80,mode_2,0.970970965126774,0.1715883627262993,1.9336687518266606,1.7469235151150717,1,mode_2,0.66,True,0.0
reinforced,2,100,mode_2,0.9756169299577663,0.14843881663285027,2.218886805543696,2.0494416524542847,1,mode_2,0.66,True,0.0
reinforced,2,120,mode_2,0.9784488099586912,0.13389134016070614,2.4521686304068386,2.2990478386492046,1,mode_2,0.66,True,0.0
reinforced,2,140,mode_2,0.9802180076809788,0.12461207229661231,2.6383765788522804,2.5,1,mode_2,0.66,True,0.0
reinforced,2,160,mode_2,0.9803069335008356,0.12414170074839834,2.6257382592577465,2.5,1,mode_2,0.66,True,0.0
reinforced,2,180,mode_2,0.9803921832261882,0.12369081817808253,2.615378633128706,2.5,1,mode_2,0.66,True,0.0
reinforced,2,200,mode_2,0.9803123675756972,0.12411336429106472,2.606889689044441,2.5,1,mode_2,0.66,True,0.0
reinforced,2,220,mode_2,0.9803940086102412,0.12368093489069139,2.5999288345697953,2.5,1,mode_2,0.66,True,0.0
reinforced,2,240,mode_2,0.9804525747586113,0.12337020571483033,2.5942285831028573,2.5,1,mode_2,0.66,True,0.0
reinforced,3,0,mixed_0_1_3,0.3340347803638727,1.4931500938564688,0.0,0.0,5,mixed_0_1;mixed_0_1_4;mode_0;mode_1;mode_3,0.060000000000000005,False,0.8
reinforced,3,20,mode_0,0.43573873155313614,1.3776281630271474,0.637325718409692,0.23780977491571756,1,mode_0,0.66,True,0.0
reinforced,3,40,mode_0,0.7487406636727068,0.8583995625663086,1.1585988450061182,0.5725877389655435,1,mode_0,0.66,True,0.0
reinforced,3,60,mode_0,0.9358409209534873,0.32585389745615756,1.5849517516323348,1.0265625834267318,1,mode_0,0.66,True,0.0
reinforced,3,80,mode_0,0.9617893269455878,0.21509968140213603,1.933668751826661,1.4470224433346695,1,mode_0,0.66,True,0.0
reinforced,3,100,mode_0,0.9707396934272254,0.17269628052068337,2.218886805543696,1.7998837714338085,1,mode_0,0.66,True,0.0
reinforced,3,120,mode_0,0.9751589174372107,0.15074873370535716,2.452168630406839,2.0924176534449717,1,mode_0,0.66,True,0.0
reinforced,3,140,mode_0,0.9780537239462804,0.13593712567445015,2.642971453377746,2.333968424456001,1,mode_0,0.66,True,0.0
reinforced,3,160,mode_0,0.9797676775632741,0.1269858679137205,2.766041359222009,2.5,1,mode_0,0.66,True,0.0
reinforced,3,180,mode_0,0.979964149144373,0.1259498637367967,2.7304296782687327,2.5,1,mode_0,0.66,True,0.0
reinforced,3,200,mode_0,0.9798958686563791,0.126311115381106,2.7012662106356746,2.5,1,mode_0,0.66,True,0.0
reinforced,3,220,mode_0,0.9798906512333933,0.12633942496782824,2.6774184072549123,2.5,1,mode_0,0.66,True,0.0
reinforced,3,240,mode_0,0.9799124276510336,0.12622467055407913,2.657884755488019,2.5,1,mode_0,0.66,True,0.0
reinforced,4,0,mixed_0_3,0.3837126817794653,1.3837908729095785,0.0,0.0,5,mixed_0_1_3;mixed_0_2_3;mixed_0_3;mode_0;mode_3,0.36,False,0.8
reinforced,4,20,mode_0,0.46073674480622395,1.202598583962483,0.6373257184096919,0.2628457466331899,2,mixed_0_3;mode_0,0.66,True,0.25
reinforced,4,40,mode_0,0.629003012738302,0.9204136048278938,1.158598845006118,0.5604599311381502,1,mode_0,0.66,True,0.0
reinforced,4,60,mode_0,0.8763583018845958,0.5013472927233571,1.5849517516323346,0.9456617354317964,1,mode_0,0.66,True,0.0
reinforced,4,80,mode_0,0.9573121221445255,0.23476614718551908,1.9336687518266615,1.3689760421515924,1,mode_0,0.66,True,0.0
reinforced,4,100,mode_0,0.9688984416332667,0.18150652341761264,2.2188868055436965,1.734405079153052,1,mode_0,0.66,True,0.0
reinforced,4,120,mode_0,0.9743844555370208,0.15461250102265106,2.452168630406838,2.0381438441572284,1,mode_0,0.66,True,0.0
reinforced,4,140,mode_0,0.977639367228501,0.13806121346882635,2.642971453377745,2.2891879052031445,1,mode_0,0.66,True,0.0
reinforced,4,160,mode_0,0.9795653449005538,0.1280414310348458,2.7990304059987854,2.4960837881616036,1,mode_0,0.66,True,0.0
reinforced,4,180,mode_0,0.9799677341960824,0.1259251197089283,2.760650477605641,2.5,1,mode_0,0.66,True,0.0
reinforced,4,200,mode_0,0.9799161678746207,0.12620123330918676,2.7260129693801325,2.5,1,mode_0,0.66,True,0.0
reinforced,4,220,mode_0,0.979964353579081,0.1259466767612162,2.6976227995375073,2.5,1,mode_0,0.66,True,0.0
reinforced,4,240,mode_0,0.9800650295293531,0.1254176247640106,2.674349131684926,2.5,1,mode_0,0.66,True,0.0
reinforced,5,0,mode_4,0.5770044871637369,1.2650455655534025,0.0,0.0,1,mode_4,0.66,True,0.25
reinforced,5,20,mode_4,0.7979471293602315,0.7822722731573353,0.637325718409692,0.4276702430254681,1,mode_4,0.66,True,0.0
reinforced,5,40,mode_4,0.9385207208687789,0.31622725592207396,1.1585988450061184,0.9203055333644796,1,mode_4,0.66,True,0.0
reinforced,5,60,mode_4,0.9621084327249361,0.2137123384727105,1.584951751632335,1.3603754895589473,1,mode_4,0.66,True,0.0
reinforced,5,80,mode_4,0.970646247500291,0.17317999053834576,1.9336687518266615,1.7290175980789497,1,mode_4,0.66,True,0.0
reinforced,5,100,mode_4,0.9751972558583953,0.15056690656294264,2.2188868055436957,2.034500408446114,1,mode_4,0.66,True,0.0
reinforced,5,120,mode_4,0.9779826873614238,0.13631189134023788,2.452168630406837,2.286620956337106,1,mode_4,0.66,True,0.0
reinforced,5,140,mode_4,0.9799831858842959,0.12585347253927537,2.642971453377743,2.4943001516500014,1,mode_4,0.66,True,0.0
reinforced,5,160,mode_4,0.9801704143421252,0.12486453916127711,2.6342284748819886,2.5,1,mode_4,0.66,True,0.0
reinforced,5,180,mode_4,0.9801985144251232,0.12471602362268905,2.6224319045765667,2.5,1,mode_4,0.66,True,0.0
reinforced,5,200,mode_4,0.9802285614063282,0.12455715277591918,2.612732087160291,2.5,1,mode_4,0.66,True,0.0
reinforced,5,220,mode_4,0.980320801450398,0.12406905781480075,2.6047798725418887,2.5,1,mode_4,0.66,True,0.0
reinforced,5,240,mode_4,0.9802181305185865,0.12461236583190831,2.59826690713386,2.5,1,mode_4,0.66,True,0.0
reinforced,6,0,mode_2,0.6315410894788455,1.1666654772035252,0.0,0.0,1,mode_2,0.66,True,0.0
reinforced,6,20,mode_2,0.8374018385647218,0.6687856646802575,0.6373257184096919,0.46362100383244065,1,mode_2,0.66,True,0.0
reinforced,6,40,mode_2,0.9441152693021552,0.2929496531744872,1.158598845006118,0.960529346758359,1,mode_2,0.66,True,0.0
reinforced,6,60,mode_2,0.9635687998805706,0.20693394036306773,1.5849517516323344,1.3951613178862339,1,mode_2,0.66,True,0.0
reinforced,6,80,mode_2,0.9713770613404288,0.16960048517527604,1.933668751826662,1.758167405285692,1,mode_2,0.66,True,0.0
reinforced,6,100,mode_2,0.9757268698615155,0.14788216767997178,2.2188868055436965,2.058706060519158,1,mode_2,0.66,True,0.0
reinforced,6,120,mode_2,0.9784762994606313,0.13374889239745835,2.4521686304068386,2.3066728890365806,1,mode_2,0.66,True,0.0
reinforced,6,140,mode_2,0.9801801596453057,0.1248126984425839,2.6320717739587765,2.5,1,mode_2,0.66,True,0.0
reinforced,6,160,mode_2,0.9803754784065151,0.12377944091425777,2.6205560489705246,2.5,1,mode_2,0.66,True,0.0
reinforced,6,180,mode_2,0.9802728938490959,0.12432251033873745,2.6111112928105022,2.5,1,mode_2,0.66,True,0.0
reinforced,6,200,mode_2,0.9803095717447362,0.1241280155868528,2.6033871408860305,2.5,1,mode_2,0.66,True,0.0
reinforced,6,220,mode_2,0.9804237625346065,0.12352344023883391,2.597057138752754,2.5,1,mode_2,0.66,True,0.0
reinforced,6,240,mode_2,0.9803074622135428,0.12413922130458223,2.591879935953023,2.5,1,mode_2,0.66,True,0.0
reinforced,7,0,mode_3,0.5949101521567168,1.2311214415469611,0.0,0.0,1,mode_3,0.66,True,0.25
reinforced,7,20,mode_3,0.8134204346174194,0.7377513616015153,0.6373257184096919,0.44013959438718453,1,mode_3,0.66,True,0.0
reinforced,7,40,mode_3,0.9408490426753651,0.30659816545560137,1.1585988450061182,0.9349171915926572,1,mode_3,0.66,True,0.0
reinforced,7,60,mode_3,0.9625552792637978,0.21164356031745318,1.5849517516323353,1.3730821153479102,1,mode_3,0.66,True,0.0
reinforced,7,80,mode_3,0.970963529903641,0.17162833285010895,1.9336687518266618,1.739685383372996,1,mode_3,0.66,True,0.0
reinforced,7,100,mode_3,0.9752832812116347,0.15013111081105102,2.218886805543697,2.0433173440678765,1,mode_3,0.66,True,0.0
reinforced,7,120,mode_3,0.9783071793813313,0.13462846853371105,2.45216863040684,2.293922461025209,1,mode_3,0.66,True,0.0
reinforced,7,140,mode_3,0.9800608600323816,0.12544303812046803,2.642637181232605,2.5,1,mode_3,0.66,True,0.0
reinforced,7,160,mode_3,0.9802613161347516,0.12438342464864854,2.6292759430516615,2.5,1,mode_3,0.66,True,0.0
reinforced,7,180,mode_3,0.9803464173055285,0.12393304360486335,2.61829415412858,2.5,1,mode_3,0.66,True,0.0
reinforced,7,200,mode_3,0.980202021590592,0.12469717905501908,2.6093439378725205,2.5,1,mode_3,0.66,True,0.0
reinforced,7,220,mode_3,0.98044499655918,0.12341111768189077,2.6019790856950284,2.5,1,mode_3,0.66,True,0.0
reinforced,7,240,mode_3,0.9802407450455289,0.12449241923412223,2.5959582647626034,2.5,1,mode_3,0.66,True,0.0
reinforced,8,0,mode_2,0.4276180774488598,1.353143651650171,0.0,0.0,4,mixed_1_2_4;mixed_2_4;mode_2;mode_4,0.36,False,0.5
reinforced,8,20,mode_2,0.551889486735526,1.1435208952365663,0.637325718409692,0.3031168427410063,1,mode_2,0.66,True,0.0
reinforced,8,40,mode_2,0.8313230702587118,0.6349040530078758,1.158598845006118,0.6952237905166704,1,mode_2,0.66,True,0.0
reinforced,8,60,mode_2,0.9492224875374602,0.2704093163122889,1.5849517516323344,1.151352310830699,1,mode_2,0.66,True,0.0
reinforced,8,80,mode_2,0.966059550524753,0.19514457878220184,1.9336687518266613,1.5533942228536146,1,mode_2,0.66,True,0.0
reinforced,8,100,mode_2,0.9725704273812229,0.1636844088021851,2.218886805543695,1.8886091616102767,1,mode_2,0.66,True,0.0
reinforced,8,120,mode_2,0.9762801685813568,0.14505030246845887,2.4521686304068377,2.165967529222392,1,mode_2,0.66,True,0.0
reinforced,8,140,mode_2,0.978858075307914,0.13175242610468882,2.642971453377743,2.3947307990704396,1,mode_2,0.66,True,0.0
reinforced,8,160,mode_2,0.9799066953603796,0.126252347363007,2.715974972122775,2.5,1,mode_2,0.66,True,0.0
reinforced,8,180,mode_2,0.9800634632927058,0.12542690900679973,2.689379131581573,2.5,1,mode_2,0.66,True,0.0
reinforced,8,200,mode_2,0.9800769422891765,0.12535481826318162,2.6676119927128115,2.5,1,mode_2,0.66,True,0.0
reinforced,8,220,mode_2,0.9801176796585646,0.12514032168777336,2.6497541280885404,2.5,1,mode_2,0.66,True,0.0
reinforced,8,240,mode_2,0.9802176471949576,0.12461317158922257,2.635115711760903,2.5,1,mode_2,0.66,True,0.0
reinforced,9,0,mode_3,0.476044667144016,1.3858595967726548,0.0,0.0,4,mixed_2_3;mixed_3_4;mode_0;mode_3,0.42,False,0.75
reinforced,9,20,mode_3,0.7012230812993206,1.00184064162075,0.637325718409692,0.36162075683150685,1,mode_3,0.66,True,0.0
reinforced,9,40,mode_3,0.9238988464635272,0.37407543817536915,1.1585988450061184,0.836514757147029,1,mode_3,0.66,True,0.0
reinforced,9,60,mode_3,0.9590465822382763,0.22770413421979596,1.5849517516323355,1.288097666404275,1,mode_3,0.66,True,0.0
reinforced,9,80,mode_3,0.9687355455656267,0.18244433719615633,1.933668751826662,1.6685834576710061,1,mode_3,0.66,True,0.0
reinforced,9,100,mode_3,0.9743279296331411,0.1549448958794148,2.2188868055436965,1.9842483844373588,1,mode_3,0.66,True,0.0
reinforced,9,120,mode_3,0.9773880194138186,0.13938264985713694,2.452168630406838,2.2450280639353677,1,mode_3,0.66,True,0.0
reinforced,9,140,mode_3,0.9796934852073518,0.12737867542402098,2.642971453377744,2.4599494267348465,1,mode_3,0.66,True,0.0
reinforced,9,160,mode_3,0.9801503265527061,0.12496978915792539,2.662434878694934,2.5,1,mode_3,0.66,True,0.0
reinforced,9,180,mode_3,0.9800911621325525,0.12528259946053266,2.645543329506834,2.5,1,mode_3,0.66,True,0.0
reinforced,9,200,mode_3,0.9801575722691734,0.12493155705549053,2.6316949380862473,2.5,1,mode_3,0.66,True,0.0
reinforced,9,220,mode_3,0.9801963762153225,0.12472689452582521,2.620366959648531,2.5,1,mode_3,0.66,True,0.0
reinforced,9,240,mode_3,0.9801582354613877,0.1249281355395615,2.611074971541831,2.5,1,mode_3,0.66,True,0.0
reinforced,10,0,mixed_0_1,0.36529310417875943,1.452556583851463,0.0,0.0,5,mixed_0_1;mixed_0_1_3;mixed_0_1_4;mode_0;mode_1,0.18,False,0.6
reinforced,10,20,mode_1,0.47771698556669906,1.2646082959734188,0.6373257184096919,0.26175779186583803,1,mode_1,0.66,True,0.0
reinforced,10,40,mode_1,0.7371272234014148,0.8227430495849142,1.1585988450061182,0.6008202774614341,1,mode_1,0.66,True,0.0
reinforced,10,60,mode_1,0.9324299392330798,0.33709318182834336,1.5849517516323346,1.0417893983369695,1,mode_1,0.66,True,0.0
reinforced,10,80,mode_1,0.9619585268329325,0.2142367196399007,1.933668751826661,1.4593388591192922,1,mode_1,0.66,True,0.0
reinforced,10,100,mode_1,0.9705905931665655,0.17340088779535445,2.2188868055436965,1.8101118243555623,1,mode_1,0.66,True,0.0
reinforced,10,120,mode_1,0.9753645981064258,0.14969793004574103,2.452168630406839,2.100926562124079,1,mode_1,0.66,True,0.0
reinforced,10,140,mode_1,0.9779720151348676,0.13635679252026195,2.6429714533777444,2.340979508944252,1,mode_1,0.66,True,0.0
reinforced,10,160,mode_1,0.9798887854683368,0.12634553890622324,2.760303626323956,2.5,1,mode_1,0.66,True,0.0
reinforced,10,180,mode_1,0.9799608260825999,0.12596790899231353,2.725745170687747,2.5,1,mode_1,0.66,True,0.0
reinforced,10,200,mode_1,0.9799673959621897,0.12593330836816258,2.6974297209335107,2.5,1,mode_1,0.66,True,0.0
reinforced,10,220,mode_1,0.9800711015565139,0.12538606831174007,2.6742027104981028,2.5,1,mode_1,0.66,True,0.0
reinforced,10,240,mode_1,0.9800394338820217,0.12555448634731836,2.655217698068563,2.5,1,mode_1,0.66,True,0.0
reinforced,11,0,mode_1,0.62819763003705,1.1732854670174948,0.0,0.0,1,mode_1,0.66,True,0.0
reinforced,11,20,mode_1,0.8329801063667598,0.6819932839511675,0.637325718409692,0.4577850201528278,1,mode_1,0.66,True,0.0
reinforced,11,40,mode_1,0.943688399574976,0.2947560942321067,1.1585988450061182,0.9541381998467494,1,mode_1,0.66,True,0.0
reinforced,11,60,mode_1,0.9635899131615909,0.20683681003892312,1.584951751632335,1.389805128779937,1,mode_1,0.66,True,0.0
reinforced,11,80,mode_1,0.9711744656511823,0.17059515248263352,1.9336687518266618,1.7536915970644482,1,mode_1,0.66,True,0.0
reinforced,11,100,mode_1,0.9756520766076081,0.14826205393050737,2.2188868055436957,2.0550088766417156,1,mode_1,0.66,True,0.0
reinforced,11,120,mode_1,0.9784841542467299,0.13370786521918449,2.452168630406837,2.3036476150540395,1,mode_1,0.66,True,0.0
reinforced,11,140,mode_1,0.9802280151737037,0.12456011594351903,2.6345592570780036,2.5,1,mode_1,0.66,True,0.0
reinforced,11,160,mode_1,0.9803322992918422,0.124008177105831,2.622603871020823,2.5,1,mode_1,0.66,True,0.0
reinforced,11,180,mode_1,0.9803198146094103,0.1240743212102632,2.612815838969505,2.5,1,mode_1,0.66,True,0.0
reinforced,11,200,mode_1,0.9803457926938902,0.12393657798121413,2.60478438069739,2.5,1,mode_1,0.66,True,0.0
reinforced,11,220,mode_1,0.9804130318140696,0.12358020769561712,2.5982042794150617,2.5,1,mode_1,0.66,True,0.0
reinforced,11,240,mode_1,0.9803515553689827,0.12390594688155786,2.592846584228245,2.5,1,mode_1,0.66,True,0.0
reinforced,12,0,mixed_0_4,0.33021462197889345,1.5191436594830818,0.0,0.0,5,mixed_0_1_4;mixed_0_2;mixed_0_3;mode_0;mode_4,0.12000000000000001,False,0.6
reinforced,12,20,mode_0,0.442448400635555,1.3827423140180604,0.6373257184096919,0.2381386680638149,1,mode_0,0.66,True,0.0
reinforced,12,40,mode_0,0.7470492671543134,0.848578852002721,1.158598845006118,0.5769576427047994,1,mode_0,0.66,True,0.0
reinforced,12,60,mode_0,0.9352787102940537,0.3280060689222762,1.5849517516323346,1.0290507798111104,1,mode_0,0.66,True,0.0
reinforced,12,80,mode_0,0.9615265087206554,0.21630265797155176,1.9336687518266618,1.4488317602737824,1,mode_0,0.66,True,0.0
reinforced,12,100,mode_0,0.9704770339724375,0.17398219227432782,2.2188868055436965,1.801302795305359,1,mode_0,0.66,True,0.0
reinforced,12,120,mode_0,0.9750432036076389,0.15133567817011717,2.4521686304068386,2.0934946987856113,1,mode_0,0.66,True,0.0
reinforced,12,140,mode_0,0.9780135263274699,0.13614703789751795,2.642971453377746,2.3347919630592093,1,mode_0,0.66,True,0.0
reinforced,12,160,mode_0,0.9797112299806433,0.1272841487171032,2.765476177253179,2.5,1,mode_0,0.66,True,0.0
reinforced,12,180,mode_0,0.9798139630122764,0.1267440277646333,2.7300307648676285,2.5,1,mode_0,0.66,True,0.0
reinforced,12,200,mode_0,0.9799024108212986,0.12627853307583167,2.7009791469825055,2.5,1,mode_0,0.66,True,0.0
reinforced,12,220,mode_0,0.9800010437094712,0.1257588649352054,2.677194420603727,2.5,1,mode_0,0.66,True,0.0
reinforced,12,240,mode_0,0.9800464119577197,0.12551916583350525,2.6576821090987224,2.5,1,mode_0,0.66,True,0.0
reinforced,13,0,mode_0,0.4569841919033287,1.3912302638188114,0.0,0.0,3,mixed_0_2;mode_0;mode_4,0.36,False,0.5
reinforced,13,20,mode_0,0.6680231245334181,1.0571069793809065,0.6373257184096921,0.34518345927300326,1,mode_0,0.66,True,0.0
reinforced,13,40,mode_0,0.9172053811299412,0.3988228608222461,1.1585988450061182,0.8107156174645325,1,mode_0,0.66,True,0.0
reinforced,13,60,mode_0,0.9573431327209854,0.23537431760920624,1.5849517516323346,1.265282087271707,1,mode_0,0.66,True,0.0
reinforced,13,80,mode_0,0.9685084855760872,0.1835284045053513,1.9336687518266615,1.6494131705025936,1,mode_0,0.66,True,0.0
reinforced,13,100,mode_0,0.974122880960012,0.15596979671405986,2.2188868055436957,1.96836014417321,1,mode_0,0.66,True,0.0
reinforced,13,120,mode_0,0.9774747801570158,0.13893334106409694,2.452168630406838,2.2320066243812318,1,mode_0,0.66,True,0.0
reinforced,13,140,mode_0,0.9794983741085764,0.12840303757693067,2.6429714533777444,2.4492672260717265,1,mode_0,0.66,True,0.0
reinforced,13,160,mode_0,0.9801544843388155,0.12494649217986875,2.671163694811877,2.5,1,mode_0,0.66,True,0.0
reinforced,13,180,mode_0,0.9800443610735957,0.12552887831724463,2.652673535793785,2.5,1,mode_0,0.66,True,0.0
reinforced,13,200,mode_0,0.9802846660049002,0.12425856028431273,2.637511038780542,2.5,1,mode_0,0.66,True,0.0
reinforced,13,220,mode_0,0.980147903695625,0.12498283293256574,2.625070898167551,2.5,1,mode_0,0.66,True,0.0
reinforced,13,240,mode_0,0.9802659764631148,0.12435791357673255,2.614908008346482,2.5,1,mode_0,0.66,True,0.0
reinforced,14,0,mixed_0_1_3,0.3217378163925138,1.5261075562521145,0.0,0.0,5,mixed_1_2;mixed_1_4;mode_0;mode_1;mode_3,0.060000000000000005,False,0.8
reinforced,14,20,mode_1,0.43558836879082663,1.4110543374493876,0.637325718409692,0.23218847062675,1,mode_1,0.66,True,0.0
reinforced,14,40,mode_1,0.768819312265219,0.8328949222037332,1.1585988450061182,0.5763832718749893,1,mode_1,0.66,True,0.0
reinforced,14,60,mode_1,0.9396527704961273,0.3111671880507968,1.5849517516323344,1.0374863042613522,1,mode_1,0.66,True,0.0
reinforced,14,80,mode_1,0.9619587162722089,0.2143623435262665,1.933668751826661,1.4567442997918991,1,mode_1,0.66,True,0.0
reinforced,14,100,mode_1,0.9707263602194773,0.17277543134259882,2.2188868055436957,1.807908199366848,1,mode_1,0.66,True,0.0
reinforced,14,120,mode_1,0.9753372891460089,0.14985282154325621,2.452168630406838,2.099073003438346,1,mode_1,0.66,True,0.0
reinforced,14,140,mode_1,0.9780928213216279,0.13573790631630214,2.642971453377745,2.339477832208628,1,mode_1,0.66,True,0.0
reinforced,14,160,mode_1,0.979835988232549,0.1266285234856588,2.7615292835922856,2.5,1,mode_1,0.66,True,0.0
reinforced,14,180,mode_1,0.9797862830227071,0.12689048172918174,2.726772294575718,2.5,1,mode_1,0.66,True,0.0
reinforced,14,200,mode_1,0.9799035181373307,0.12627266443978447,2.698287241248305,2.5,1,mode_1,0.66,True,0.0
reinforced,14,220,mode_1,0.9799712128002593,0.12591633346355424,2.674985863449088,2.5,1,mode_1,0.66,True,0.0
reinforced,14,240,mode_1,0.9799512850500622,0.12602101020648407,2.6558700252113043,2.5,1,mode_1,0.66,True,0.0
reinforced,15,0,mode_1,0.48547640199063224,1.400943121615009,0.0,0.0,3,mixed_0_1;mixed_1_3;mode_1,0.36,False,0.5
reinforced,15,20,mode_1,0.718951056803044,0.9807855704989534,0.637325718409692,0.3696307638576889,1,mode_1,0.66,True,0.0
reinforced,15,40,mode_1,0.928147155445152,0.3579689799601453,1.158598845006118,0.8498714374396782,1,mode_1,0.66,True,0.0
reinforced,15,60,mode_1,0.958860228940823,0.22857691506021988,1.5849517516323346,1.2994857426255797,1,mode_1,0.66,True,0.0
reinforced,15,80,mode_1,0.9690688461181571,0.18084280406602374,1.9336687518266615,1.6779017375650471,1,mode_1,0.66,True,0.0
reinforced,15,100,mode_1,0.9743584752728831,0.15479499522257575,2.2188868055436957,1.9920017133377694,1,mode_1,0.66,True,0.0
reinforced,15,120,mode_1,0.9776097845325358,0.13824029008150857,2.452168630406836,2.251469851168859,1,mode_1,0.66,True,0.0
reinforced,15,140,mode_1,0.9796296117105928,0.12771628158927315,2.642971453377743,2.465208091295044,1,mode_1,0.66,True,0.0
reinforced,15,160,mode_1,0.9800325567744314,0.12559310201858548,2.6581778680702253,2.5,1,mode_1,0.66,True,0.0
reinforced,15,180,mode_1,0.9801564684819707,0.1249381245404099,2.642112991971695,2.5,1,mode_1,0.66,True,0.0
reinforced,15,200,mode_1,0.9800383778570353,0.125562214361344,2.6289338231057666,2.5,1,mode_1,0.66,True,0.0
reinforced,15,220,mode_1,0.9802183485767146,0.12461115114354096,2.618137484100941,2.5,1,mode_1,0.66,True,0.0
reinforced,15,240,mode_1,0.9802151970246078,0.12462780856580562,2.6092837603462473,2.5,1,mode_1,0.66,True,0.0
reinforced,16,0,mode_4,0.5177488114921787,1.3274008776202908,0.0,0.0,2,mixed_0_4;mode_4,0.6000000000000001,False,0.5
reinforced,16,20,mode_4,0.7451478738136481,0.9024457381982676,0.637325718409692,0.39038655023721985,1,mode_4,0.66,True,0.0
reinforced,16,40,mode_4,0.9317108000240891,0.3435117681224515,1.1585988450061182,0.8745700184676,1,mode_4,0.66,True,0.0
reinforced,16,60,mode_4,0.9600532702605353,0.2231359261994343,1.5849517516323344,1.3211074175336326,1,mode_4,0.66,True,0.0
reinforced,16,80,mode_4,0.9698502729934563,0.17705117152226757,1.9336687518266613,1.6961876231061643,1,mode_4,0.66,True,0.0
reinforced,16,100,mode_4,0.9747347032091556,0.1528986434605531,2.2188868055436957,2.0072002167451988,1,mode_4,0.66,True,0.0
reinforced,16,120,mode_4,0.9777999656672122,0.137256359374567,2.452168630406838,2.264090833727203,1,mode_4,0.66,True,0.0
reinforced,16,140,mode_4,0.979798763214589,0.12682485011033415,2.6429714533777444,2.475700002158347,1,mode_4,0.66,True,0.0
reinforced,16,160,mode_4,0.980225289204505,0.12457406123000313,2.649483426272368,2.5,1,mode_4,0.66,True,0.0
reinforced,16,180,mode_4,0.9802661219572386,0.12435727900524662,2.6348914783554873,2.5,1,mode_4,0.66,True,0.0
reinforced,16,200,mode_4,0.9803322547970801,0.124007432422896,2.6229467076178117,2.5,1,mode_4,0.66,True,0.0
reinforced,16,220,mode_4,0.9803141296839294,0.12410383829684915,2.613162964668269,2.5,1,mode_4,0.66,True,0.0
reinforced,16,240,mode_4,0.9803134365546731,0.12410787889852153,2.6051357381427755,2.5,1,mode_4,0.66,True,0.0
reinforced,17,0,mode_3,0.5304870552210277,1.3149590902575068,0.0,0.0,2,mixed_0_3;mode_3,0.66,False,0.5
reinforced,17,20,mode_3,0.756375940160829,0.8794518113155346,0.637325718409692,0.3975495610849662,1,mode_3,0.66,True,0.0
reinforced,17,40,mode_3,0.9334001218685639,0.33680545240371673,1.1585988450061184,0.8839743952035588,1,mode_3,0.66,True,0.0
reinforced,17,60,mode_3,0.9605133003323129,0.22103304352421504,1.5849517516323353,1.3294235588634384,1,mode_3,0.66,True,0.0
reinforced,17,80,mode_3,0.9698948643110208,0.17683575914138697,1.9336687518266622,1.7031348828390143,1,mode_3,0.66,True,0.0
reinforced,17,100,mode_3,0.9749330550320496,0.15189864488449306,2.2188868055436965,2.0130359109165763,1,mode_3,0.66,True,0.0
reinforced,17,120,mode_3,0.9778663425007404,0.13691249122840154,2.452168630406839,2.2689202125129055,1,mode_3,0.66,True,0.0
reinforced,17,140,mode_3,0.9798006135517765,0.1268152503817187,2.6429714533777444,2.479692818777102,1,mode_3,0.66,True,0.0
reinforced,17,160,mode_3,0.9802700742247402,0.12433687267307847,2.6462037773811997,2.5,1,mode_3,0.66,True,0.0
reinforced,17,180,mode_3,0.9801664906323768,0.12488488245533139,2.632197653939643,2.5,1,mode_3,0.66,True,0.0
reinforced,17,200,mode_3,0.9802238482372668,0.1245815011539431,2.6207425408990406,2.5,1,mode_3,0.66,True,0.0
reinforced,17,220,mode_3,0.9803397855073435,0.1239681037460538,2.611354294305256,2.5,1,mode_3,0.66,True,0.0
reinforced,17,240,mode_3,0.9803034945512196,0.1241597047187888,2.603678374024117,2.5,1,mode_3,0.66,True,0.0
reinforced,18,0,mixed_0_3,0.31440369889761904,1.5376256933604173,0.0,0.0,5,mixed_0_2_3;mode_0;mode_1;mode_3;mode_4,0.12000000000000001,False,0.6
reinforced,18,20,mixed_0_3,0.3964802947280281,1.4383759644725969,0.6373257184096919,0.22002286347811403,1,mode_3,0.060000000000000005,False,1.0
reinforced,18,40,mode_3,0.6730493973731423,0.9911420760284141,1.158598845006118,0.5193319663190545,1,mode_3,0.66,True,0.0
reinforced,18,60,mode_3,0.9163318534342854,0.39786899982885815,1.5849517516323346,0.9513292630445218,1,mode_3,0.66,True,0.0
reinforced,18,80,mode_3,0.9589834668166536,0.22787521050364207,1.9336687518266618,1.3809485171979676,1,mode_3,0.66,True,0.0
reinforced,18,100,mode_3,0.9689555286922689,0.18135939750942207,2.2188868055436965,1.7444910954362416,1,mode_3,0.66,True,0.0
reinforced,18,120,mode_3,0.9743013059913944,0.1550707294963079,2.452168630406838,2.046371717154311,1,mode_3,0.66,True,0.0
reinforced,18,140,mode_3,0.9774532392497933,0.13904180772320185,2.642971453377746,2.2958532009664134,1,mode_3,0.66,True,0.0
reinforced,18,160,mode_3,0.9795669246016258,0.12804277718695614,2.797513602413804,2.5,1,mode_3,0.66,True,0.0
reinforced,18,180,mode_3,0.9797655261026804,0.12699892613757366,2.756286259612337,2.5,1,mode_3,0.66,True,0.0
reinforced,18,200,mode_3,0.9797845761999068,0.12689940201085922,2.722501440663096,2.5,1,mode_3,0.66,True,0.0
reinforced,18,220,mode_3,0.9798695160504131,0.1264517745098661,2.6948454351763624,2.5,1,mode_3,0.66,True,0.0
reinforced,18,240,mode_3,0.9798426773816966,0.12659394358949969,2.672155633597304,2.5,1,mode_3,0.66,True,0.0
reinforced,19,0,mode_1,0.5216758137991117,1.300132727034975,0.0,0.0,2,mixed_0_1;mode_1,0.66,False,0.5
reinforced,19,20,mode_1,0.7494274658219534,0.8825544857443067,0.637325718409692,0.39507169917137575,1,mode_1,0.66,True,0.0
reinforced,19,40,mode_1,0.9328927027479501,0.3385173030337777,1.158598845006118,0.8795514397029457,1,mode_1,0.66,True,0.0
reinforced,19,60,mode_1,0.9603615769996908,0.22170546753820433,1.5849517516323346,1.3256149641868868,1,mode_1,0.66,True,0.0
reinforced,19,80,mode_1,0.9701145681654222,0.1757593922195535,1.9336687518266613,1.7000832823143068,1,mode_1,0.66,True,0.0
reinforced,19,100,mode_1,0.9750402874092582,0.15135530086041157,2.218886805543696,2.0105624760184004,1,mode_1,0.66,True,0.0
reinforced,19,120,mode_1,0.9778169076594503,0.13716672841733243,2.4521686304068377,2.2668869119483004,1,mode_1,0.66,True,0.0
reinforced,19,140,mode_1,0.9798619431054263,0.12649151938016842,2.642971453377744,2.478092681825564,1,mode_1,0.66,True,0.0
reinforced,19,160,mode_1,0.9803044947876265,0.12415356832687503,2.6474624410797616,2.5,1,mode_1,0.66,True,0.0
reinforced,19,180,mode_1,0.9802856104113203,0.1242545158553427,2.6331836008729796,2.5,1,mode_1,0.66,True,0.0
reinforced,19,200,mode_1,0.9802230901641599,0.1245849783162356,2.621504016433596,2.5,1,mode_1,0.66,True,0.0
reinforced,19,220,mode_1,0.9802589751666387,0.12439482942042501,2.6119357729272847,2.5,1,mode_1,0.66,True,0.0
reinforced,19,240,mode_1,0.9803615767182343,0.12385236479735265,2.6040923183721727,2.5,1,mode_1,0.66,True,0.0
reinforced,20,0,mode_0,0.5262494146097433,1.3376269672478256,0.0,0.0,1,mode_0,0.54,False,0.75
reinforced,20,20,mode_0,0.7612368712078162,0.8765394335108048,0.637325718409692,0.39929501868293615,1,mode_0,0.66,True,0.0
reinforced,20,40,mode_0,0.9340390684434666,0.3344244705367063,1.1585988450061182,0.8870255928356015,1,mode_0,0.66,True,0.0
reinforced,20,60,mode_0,0.9608225974559558,0.21962100919334623,1.5849517516323353,1.3318391265032483,1,mode_0,0.66,True,0.0
reinforced,20,80,mode_0,0.9700163008108733,0.1762467381320077,1.9336687518266618,1.7051518510676322,1,mode_0,0.66,True,0.0
reinforced,20,100,mode_0,0.9749824846042348,0.15165149222869867,2.2188868055436965,2.0147114914331223,1,mode_0,0.66,True,0.0
reinforced,20,120,mode_0,0.9778620771228266,0.13693547132049938,2.4521686304068386,2.2702555048656663,1,mode_0,0.66,True,0.0
reinforced,20,140,mode_0,0.9799679383745376,0.12593293927462618,2.6429714533777453,2.4808075398581826,1,mode_0,0.66,True,0.0
reinforced,20,160,mode_0,0.9802249970687785,0.12457558888688884,2.6452899787588606,2.5,1,mode_0,0.66,True,0.0
reinforced,20,180,mode_0,0.9801569566795119,0.12493518477354873,2.6314613337313135,2.5,1,mode_0,0.66,True,0.0
reinforced,20,200,mode_0,0.9803074733201921,0.12413936340736453,2.6201406875172037,2.5,1,mode_0,0.66,True,0.0
reinforced,20,220,mode_0,0.9801760513319598,0.12483447659025304,2.610880688958303,2.5,1,mode_0,0.66,True,0.0
reinforced,20,240,mode_0,0.980207010587487,0.12467066698895334,2.6032803399702735,2.5,1,mode_0,0.66,True,0.0
reinforced,21,0,mode_4,0.5320596444020503,1.3365776743015034,0.0,0.0,1,mode_4,0.6000000000000001,False,0.5
reinforced,21,20,mode_4,0.7759529373993945,0.8412757017849293,0.6373257184096921,0.4079850481821452,1,mode_4,0.66,True,0.0
reinforced,21,40,mode_4,0.935184800288288,0.3298542876529429,1.158598845006118,0.897832084486923,1,mode_4,0.66,True,0.0
reinforced,21,60,mode_4,0.9602606978246804,0.22220269668519257,1.5849517516323346,1.3410128994983834,1,mode_4,0.66,True,0.0
reinforced,21,80,mode_4,0.970201482848467,0.17535036826133543,1.9336687518266615,1.7127777271797682,1,mode_4,0.66,True,0.0
reinforced,21,100,mode_4,0.9751147469154188,0.15098395749592464,2.218886805543696,2.02104316777758,1,mode_4,0.66,True,0.0
reinforced,21,120,mode_4,0.9779121400238123,0.13667723561893194,2.4521686304068386,2.275498655361859,1,mode_4,0.66,True,0.0
reinforced,21,140,mode_4,0.9796882856716723,0.12740759962488576,2.6429714533777453,2.485073364047248,1,mode_4,0.66,True,0.0
reinforced,21,160,mode_4,0.9801499422372313,0.12497295173579948,2.6418159131788292,2.5,1,mode_4,0.66,True,0.0
reinforced,21,180,mode_4,0.9801845460008002,0.12478984566379382,2.6286418409733288,2.5,1,mode_4,0.66,True,0.0
reinforced,21,200,mode_4,0.9801206822414924,0.12512758163873042,2.6178480764703176,2.5,1,mode_4,0.66,True,0.0
reinforced,21,220,mode_4,0.9802494993771762,0.1244462620754151,2.6090086309384466,2.5,1,mode_4,0.66,True,0.0
reinforced,21,240,mode_4,0.980172999611587,0.1248509770332978,2.601756298415102,2.5,1,mode_4,0.66,True,0.0
reinforced,22,0,mode_4,0.5848879469107137,1.2499409240307242,0.0,0.0,1,mode_4,0.66,True,0.0
reinforced,22,20,mode_4,0.8126207182353354,0.7409427756278824,0.637325718409692,0.43793091146319324,1,mode_4,0.66,True,0.0
reinforced,22,40,mode_4,0.9412579686987019,0.3049025397381549,1.158598845006118,0.9328662846547398,1,mode_4,0.66,True,0.0
reinforced,22,60,mode_4,0.9625971582995673,0.2114478040456681,1.5849517516323348,1.3714607354014516,1,mode_4,0.66,True,0.0
reinforced,22,80,mode_4,0.9710059653056565,0.1714204961129541,1.933668751826662,1.7383595886077636,1,mode_4,0.66,True,0.0
reinforced,22,100,mode_4,0.9753800152166325,0.14964147311005485,2.2188868055436965,2.042261500391228,1,mode_4,0.66,True,0.0
reinforced,22,120,mode_4,0.9782796444090217,0.1347712048823402,2.4521686304068386,2.293053446304091,1,mode_4,0.66,True,0.0
reinforced,22,140,mode_4,0.9800462162406809,0.12552088307337178,2.642971453377744,2.4995969176641735,1,mode_4,0.66,True,0.0
reinforced,22,160,mode_4,0.9802673393602943,0.12435169105111271,2.6298268944731094,2.5,1,mode_4,0.66,True,0.0
reinforced,22,180,mode_4,0.9803308765282428,0.12401546963452585,2.6187538550377423,2.5,1,mode_4,0.66,True,0.0
reinforced,22,200,mode_4,0.9803811882909147,0.1237487972978575,2.609674754050655,2.5,1,mode_4,0.66,True,0.0
reinforced,22,220,mode_4,0.9802413686443386,0.12448915317371897,2.602246417613378,2.5,1,mode_4,0.66,True,0.0
reinforced,22,240,mode_4,0.980368339668065,0.1238168490989954,2.596145913892353,2.5,1,mode_4,0.66,True,0.0
reinforced,23,0,mode_2,0.5879026106435461,1.2339782123973708,0.0,0.0,1,mode_2,0.66,True,0.25
reinforced,23,20,mode_2,0.8083043631867476,0.7501941546074478,0.6373257184096918,0.43711994406834964,1,mode_2,0.66,True,0.0
reinforced,23,40,mode_2,0.940581276584421,0.3076669972458125,1.158598845006118,0.9315638683447285,1,mode_2,0.66,True,0.0
reinforced,23,60,mode_2,0.9626212851168199,0.21132607917556653,1.5849517516323341,1.3703369453053804,1,mode_2,0.66,True,0.0
reinforced,23,80,mode_2,0.9711984356067513,0.17047377007401796,1.9336687518266613,1.737526845477788,1,mode_2,0.66,True,0.0
reinforced,23,100,mode_2,0.9753122890957423,0.14998357883143829,2.2188868055436965,2.0416065753735126,1,mode_2,0.66,True,0.0
reinforced,23,120,mode_2,0.9783519217460196,0.13439453509467492,2.4521686304068386,2.2925725645503423,1,mode_2,0.66,True,0.0
reinforced,23,140,mode_2,0.9802693132274332,0.12434131910190284,2.642971453377745,2.499284006759373,1,mode_2,0.66,True,0.0
reinforced,23,160,mode_2,0.9802967060661328,0.12419566129658513,2.630084019940085,2.5,1,mode_2,0.66,True,0.0
reinforced,23,180,mode_2,0.9803169297757011,0.12408858200166034,2.6189225594442003,2.5,1,mode_2,0.66,True,0.0
reinforced,23,200,mode_2,0.9804061848100741,0.12361610327007028,2.609772488148459,2.5,1,mode_2,0.66,True,0.0
reinforced,23,220,mode_2,0.9802940198781219,0.12421021840898583,2.6023023849137026,2.5,1,mode_2,0.66,True,0.0
reinforced,23,240,mode_2,0.9804537482716856,0.12336431542813392,2.5961805182286053,2.5,1,mode_2,0.66,True,0.0
reinforced,24,0,mixed_0_2,0.34029714389114835,1.4693770910688995,0.0,0.0,5,mixed_0_1_2;mixed_0_2_3;mixed_0_2_4;mode_0;mode_2,0.24000000000000002,False,0.8
reinforced,24,20,mixed_0_2,0.40226722080679855,1.3056122586033272,0.6373257184096921,0.23262339717685313,2,mode_0;mode_2,0.060000000000000005,False,1.0
reinforced,24,40,mode_2,0.5328140594256715,1.0128843132155436,1.1585988450061182,0.4910942159729381,1,mode_2,0.66,True,0.0
reinforced,24,60,mode_2,0.7314792534845685,0.7674465941368233,1.5849517516323344,0.8013678695785247,1,mode_2,0.66,True,0.0
reinforced,24,80,mode_2,0.9317801712663832,0.3334832676775711,1.9336687518266613,1.2009756523240749,1,mode_2,0.66,True,0.0
reinforced,24,100,mode_2,0.9641166878332363,0.20394754767866005,2.2188868055436957,1.5907286205317308,1,mode_2,0.66,True,0.0
reinforced,24,120,mode_2,0.9717145148978988,0.16783140310160133,2.452168630406838,1.9185063330011607,1,mode_2,0.66,True,0.0
reinforced,24,140,mode_2,0.9760554856641444,0.14616293426738805,2.6429714533777444,2.1901390918920813,1,mode_2,0.66,True,0.0
reinforced,24,160,mode_2,0.9786694578877343,0.13272195261264685,2.7990304059987854,2.4143014779620726,1,mode_2,0.66,True,0.0
reinforced,24,180,mode_2,0.9796057031058982,0.1278304944771375,2.8278528843552047,2.5,1,mode_2,0.66,True,0.0
reinforced,24,200,mode_2,0.9798020529120536,0.12680039225072945,2.781093986959995,2.5,1,mode_2,0.66,True,0.0
reinforced,24,220,mode_2,0.9798196984747108,0.12671040971472636,2.742798976561144,2.5,1,mode_2,0.66,True,0.0
reinforced,24,240,mode_2,0.9798831250854478,0.12637611059230594,2.7114094193081693,2.5,1,mode_2,0.66,True,0.0
reinforced,25,0,mode_3,0.42462644001659045,1.4043454912790825,0.0,0.0,3,mixed_1_3;mode_3;mode_4,0.24000000000000002,False,0.5
reinforced,25,20,mode_3,0.6160309333904019,1.1281347527059862,0.6373257184096921,0.3195745177174692,1,mode_3,0.66,True,0.0
reinforced,25,40,mode_3,0.897219784679844,0.46698216542167637,1.1585988450061184,0.7625989235460189,1,mode_3,0.66,True,0.0
reinforced,25,60,mode_3,0.9551472733216146,0.24512263110636517,1.5849517516323348,1.2217634027806452,1,mode_3,0.66,True,0.0
reinforced,25,80,mode_3,0.9678046739348567,0.18689841886480416,1.9336687518266624,1.612983155669734,1,mode_3,0.66,True,0.0
reinforced,25,100,mode_3,0.9734235875832152,0.15946162962534763,2.218886805543697,1.938179650062867,1,mode_3,0.66,True,0.0
reinforced,25,120,mode_3,0.9770509198208058,0.1411114473716306,2.4521686304068377,2.206978386426791,1,mode_3,0.66,True,0.0
reinforced,25,140,mode_3,0.9792891661785509,0.1294989106601169,2.642971453377744,2.4286114540849226,1,mode_3,0.66,True,0.0
reinforced,25,160,mode_3,0.9800468598162879,0.1255141198651336,2.6881473959671163,2.5,1,mode_3,0.66,True,0.0
reinforced,25,180,mode_3,0.9801339858006858,0.12505445707409416,2.6665669333714543,2.5,1,mode_3,0.66,True,0.0
reinforced,25,200,mode_3,0.9801586627181108,0.12492429256815014,2.6488977093792427,2.5,1,mode_3,0.66,True,0.0
reinforced,25,220,mode_3,0.9801238799240197,0.12510904852588406,2.6344217105472882,2.5,1,mode_3,0.66,True,0.0
reinforced,25,240,mode_3,0.980170146485441,0.12486430054415884,2.6225631299994543,2.5,1,mode_3,0.66,True,0.0
reinforced,26,0,mixed_2_4,0.4101329673355419,1.332945810115227,0.0,0.0,3,mixed_2_4;mode_2;mode_4,0.48000000000000004,False,0.6
reinforced,26,20,mode_4,0.5292067673761354,1.130816858270945,0.6373257184096919,0.292283199395983,1,mode_4,0.66,True,0.0
reinforced,26,40,mode_4,0.7694942573304316,0.743716789893241,1.158598845006118,0.6521401223370813,1,mode_4,0.66,True,0.0
reinforced,26,60,mode_4,0.9405712469230887,0.30468145014324216,1.5849517516323344,1.0961153891449016,1,mode_4,0.66,True,0.0
reinforced,26,80,mode_4,0.9643047483488424,0.20330816197826157,1.933668751826662,1.5061179421315232,1,mode_4,0.66,True,0.0
reinforced,26,100,mode_4,0.9716182798058184,0.16835210003048845,2.2188868055436965,1.8492087915234119,1,mode_4,0.66,True,0.0
reinforced,26,120,mode_4,0.9761095318128988,0.14590824614971545,2.452168630406838,2.1334180236685802,1,mode_4,0.66,True,0.0
reinforced,26,140,mode_4,0.978547041184144,0.13336724593240074,2.642971453377744,2.3678688062240156,1,mode_4,0.66,True,0.0
reinforced,26,160,mode_4,0.9800184404500276,0.12566012464320378,2.7380594704987553,2.5,1,mode_4,0.66,True,0.0
reinforced,26,180,mode_4,0.9801088419866972,0.12518312946926938,2.707442371887791,2.5,1,mode_4,0.66,True,0.0
reinforced,26,200,mode_4,0.9801522403387365,0.12495638469147073,2.682375407256397,2.5,1,mode_4,0.66,True,0.0
reinforced,26,220,mode_4,0.9800947968681372,0.125260653674909,2.6618455462514325,2.5,1,mode_4,0.66,True,0.0
reinforced,26,240,mode_4,0.9803524427295857,0.12389816176827535,2.6450360769658725,2.5,1,mode_4,0.66,True,0.0
reinforced,27,0,mode_0,0.6139016412465403,1.1835686053368846,0.0,0.0,1,mode_0,0.66,True,0.25
reinforced,27,20,mode_0,0.8244503259284705,0.701910251072879,0.6373257184096919,0.4497905961098514,1,mode_0,0.66,True,0.0
reinforced,27,40,mode_0,0.9421696312369887,0.30104203628574455,1.1585988450061178,0.9455792002491067,1,mode_0,0.66,True,0.0
reinforced,27,60,mode_0,0.9632377420550956,0.20846413396966912,1.5849517516323337,1.3824479023605973,1,mode_0,0.66,True,0.0
reinforced,27,80,mode_0,0.9712422552984017,0.1702578950680385,1.933668751826661,1.7476243858117735,1,mode_0,0.66,True,0.0
reinforced,27,100,mode_0,0.9757111281389909,0.14796121890788244,2.218886805543696,2.0500601865494823,1,mode_0,0.66,True,0.0
reinforced,27,120,mode_0,0.9783167162171471,0.13457773539903647,2.45216863040684,2.2996042365261253,1,mode_0,0.66,True,0.0
reinforced,27,140,mode_0,0.980205664822864,0.12467774246542361,2.6378882903626835,2.5,1,mode_0,0.66,True,0.0
reinforced,27,160,mode_0,0.9804350540060928,0.12346264161951415,2.6253217920214738,2.5,1,mode_0,0.66,True,0.0
reinforced,27,180,mode_0,0.9804038688632576,0.12362787395235278,2.6150170398095067,2.5,1,mode_0,0.66,True,0.0
reinforced,27,200,mode_0,0.9803498883247224,0.12391439223697548,2.6066001475669687,2.5,1,mode_0,0.66,True,0.0
reinforced,27,220,mode_0,0.9803112836642975,0.12411830190024499,2.5996907862494756,2.5,1,mode_0,0.66,True,0.0
reinforced,27,240,mode_0,0.9804196620939377,0.12354465687195415,2.594024000616887,2.5,1,mode_0,0.66,True,0.0
reinforced,28,0,mixed_1_3,0.38687589953580737,1.4329311141670944,0.0,0.0,5,mixed_0_1_3;mixed_1_2_3;mixed_3_4;mode_1;mode_3,0.060000000000000005,False,0.8
reinforced,28,20,mode_3,0.5077561684346034,1.2388306634826307,0.6373257184096919,0.2751307102630021,1,mode_3,0.66,True,0.0
reinforced,28,40,mode_3,0.8003147303742748,0.7129727379916997,1.1585988450061182,0.6466977822870869,1,mode_3,0.66,True,0.0
reinforced,28,60,mode_3,0.9440572452658291,0.29221102881369276,1.5849517516323346,1.1023475327358088,1,mode_3,0.66,True,0.0
reinforced,28,80,mode_3,0.963878481540576,0.20540060496656193,1.9336687518266613,1.5116160963477066,1,mode_3,0.66,True,0.0
reinforced,28,100,mode_3,0.9717272579961169,0.1678510757826157,2.218886805543696,1.853696292537933,1,mode_3,0.66,True,0.0
reinforced,28,120,mode_3,0.9760048631774213,0.14645495127208977,2.4521686304068373,2.137008984714645,1,mode_3,0.66,True,0.0
reinforced,28,140,mode_3,0.9785288607120471,0.13346899252844172,2.642971453377743,2.3708029782154334,1,mode_3,0.66,True,0.0
reinforced,28,160,mode_3,0.9799550965496091,0.1259977420323999,2.7357099803226017,2.5,1,mode_3,0.66,True,0.0
reinforced,28,180,mode_3,0.9799211187454046,0.12617808822024132,2.705608738509643,2.5,1,mode_3,0.66,True,0.0
reinforced,28,200,mode_3,0.980049362291647,0.1255010740441049,2.680911330213634,2.5,1,mode_3,0.66,True,0.0
reinforced,28,220,mode_3,0.9799904724328812,0.12581328542450645,2.6607160462797608,2.5,1,mode_3,0.66,True,0.0
reinforced,28,240,mode_3,0.9799507926777734,0.12602258327265276,2.644172100634606,2.5,1,mode_3,0.66,True,0.0
reinforced,29,0,mode_3,0.4491315884093352,1.3419342456882157,0.0,0.0,2,mode_1;mode_3,0.54,False,0.75
reinforced,29,20,mode_3,0.6096522345311938,1.0887477071102436,0.637325718409692,0.32937445620129,1,mode_3,0.66,True,0.0
reinforced,29,40,mode_3,0.888167151818635,0.4895063315169145,1.1585988450061182,0.7618887699802739,1,mode_3,0.66,True,0.0
reinforced,29,60,mode_3,0.9551145749013228,0.2451620262282286,1.5849517516323341,1.2195708407355195,1,mode_3,0.66,True,0.0
reinforced,29,80,mode_3,0.9672846461080397,0.18935768560741537,1.9336687518266606,1.6109672440857103,1,mode_3,0.66,True,0.0
reinforced,29,100,mode_3,0.9736177012767173,0.15849071343673457,2.2188868055436957,1.9365951379453101,1,mode_3,0.66,True,0.0
reinforced,29,120,mode_3,0.9770785346293388,0.14096760183438933,2.452168630406838,2.205690341066743,1,mode_3,0.66,True,0.0
reinforced,29,140,mode_3,0.9792450248145524,0.12972987468326358,2.6429714533777444,2.427549995135468,1,mode_3,0.66,True,0.0
reinforced,29,160,mode_3,0.9801111243281231,0.12517422524957322,2.6890006526294012,2.5,1,mode_3,0.66,True,0.0
reinforced,29,180,mode_3,0.9801605008085639,0.12491455475012717,2.667258093427447,2.5,1,mode_3,0.66,True,0.0
reinforced,29,200,mode_3,0.9802455750467427,0.12446527902662832,2.649437879247204,2.5,1,mode_3,0.66,True,0.0
reinforced,29,220,mode_3,0.9801903268559884,0.12475776267557476,2.634842990917784,2.5,1,mode_3,0.66,True,0.0
reinforced,29,240,mode_3,0.9803408191903312,0.12396214024677892,2.6228767131644846,2.5,1,mode_3,0.66,True,0.0
reinforced,30,0,mixed_1_2_3,0.3806007277608711,1.4734123557891872,0.0,0.0,4,mixed_0_3;mode_1;mode_2;mode_3,0.060000000000000005,False,1.0
reinforced,30,20,mode_3,0.5456952960224515,1.264794844326244,0.637325718409692,0.2828826861643096,1,mode_3,0.66,True,0.0
reinforced,30,40,mode_3,0.87394678350616,0.5463118562821305,1.1585988450061182,0.7004740301810366,1,mode_3,0.66,True,0.0
reinforced,30,60,mode_3,0.9508216656348183,0.26411832784538036,1.5849517516323348,1.1649137700047179,1,mode_3,0.66,True,0.0
reinforced,30,80,mode_3,0.9660823403386208,0.1950977529028936,1.9336687518266615,1.5648967890978012,1,mode_3,0.66,True,0.0
reinforced,30,100,mode_3,0.9726984803144078,0.16306893177007398,2.2188868055436965,1.8981091454022165,1,mode_3,0.66,True,0.0
reinforced,30,120,mode_3,0.9764192398087932,0.14434942298291975,2.4521686304068377,2.1737831876738443,1,mode_3,0.66,True,0.0
reinforced,30,140,mode_3,0.9788260371766837,0.13192355934732825,2.642971453377744,2.4011653502012127,1,mode_3,0.66,True,0.0
reinforced,30,160,mode_3,0.9799687579057014,0.12592746999956045,2.710737215358858,2.5,1,mode_3,0.66,True,0.0
reinforced,30,180,mode_3,0.9799867613242819,0.12583293594004957,2.6851240215877237,2.5,1,mode_3,0.66,True,0.0
reinforced,30,200,mode_3,0.9801759234552461,0.12483409545305872,2.66412083127994,2.5,1,mode_3,0.66,True,0.0
reinforced,30,220,mode_3,0.9801064761152413,0.12520046460898543,2.646908106904372,2.5,1,mode_3,0.66,True,0.0
reinforced,30,240,mode_3,0.9801148106546043,0.12515718562476644,2.632862286097481,2.5,1,mode_3,0.66,True,0.0
reinforced,31,0,mode_4,0.5456364404235066,1.3142323253908668,0.0,0.0,1,mode_4,0.66,True,0.25
reinforced,31,20,mode_4,0.7846013367075448,0.8182206662039332,0.6373257184096919,0.4150982398989522,1,mode_4,0.66,True,0.0
reinforced,31,40,mode_4,0.9365854672352032,0.3241515941916025,1.1585988450061182,0.9061942042496061,1,mode_4,0.66,True,0.0
reinforced,31,60,mode_4,0.9609515303928867,0.21903896066027675,1.584951751632335,1.348407968730944,1,mode_4,0.66,True,0.0
reinforced,31,80,mode_4,0.9701452754710531,0.17562311361789862,1.9336687518266618,1.718948852043764,1,mode_4,0.66,True,0.0
reinforced,31,100,mode_4,0.975160438864301,0.15075290833959082,2.218886805543696,2.026117140954862,1,mode_4,0.66,True,0.0
reinforced,31,120,mode_4,0.9779101418925552,0.1366872763983241,2.4521686304068373,2.279694070765267,1,mode_4,0.66,True,0.0
reinforced,31,140,mode_4,0.9797859879854043,0.1268929564790122,2.642971453377744,2.4885452025306676,1,mode_4,0.66,True,0.0
reinforced,31,160,mode_4,0.9801273284206345,0.12509251398681714,2.638967606983419,2.5,1,mode_4,0.66,True,0.0
reinforced,31,180,mode_4,0.9801599485079739,0.12492006533463523,2.626296297048988,2.5,1,mode_4,0.66,True,0.0
reinforced,31,200,mode_4,0.9803081149857772,0.12413621068954812,2.61589421120505,2.5,1,mode_4,0.66,True,0.0
reinforced,31,220,mode_4,0.9801833916320841,0.1247961276948309,2.6073837260660166,2.5,1,mode_4,0.66,True,0.0
reinforced,31,240,mode_4,0.9802654816865186,0.1243618580017224,2.6004226197013236,2.5,1,mode_4,0.66,True,0.0
reinforced,32,0,mode_4,0.5226192648706837,1.3330417610242051,0.0,0.0,3,mixed_0_4;mixed_3_4;mode_4,0.42,False,0.5
reinforced,32,20,mode_4,0.7535087531715382,0.8909592236295434,0.637325718409692,0.3938080920559879,1,mode_4,0.66,True,0.0
reinforced,32,40,mode_4,0.9327924400739559,0.33934862197832194,1.1585988450061184,0.8790626026913979,1,mode_4,0.66,True,0.0
reinforced,32,60,mode_4,0.9600140442021352,0.22331931766984314,1.5849517516323355,1.3249494507128523,1,mode_4,0.66,True,0.0
reinforced,32,80,mode_4,0.9697788491017355,0.1773993831661816,1.9336687518266626,1.6992644352575574,1,mode_4,0.66,True,0.0
reinforced,32,100,mode_4,0.9748600501726631,0.15226766548315201,2.2188868055436974,2.009783762320566,1,mode_4,0.66,True,0.0
reinforced,32,120,mode_4,0.9776706179623442,0.13792499104428527,2.4521686304068386,2.2661609712459656,1,mode_4,0.66,True,0.0
reinforced,32,140,mode_4,0.9798710959302648,0.12644387867640294,2.642971453377745,2.4773945126857493,1,mode_4,0.66,True,0.0
reinforced,32,160,mode_4,0.9801302391514229,0.12507612905104185,2.648090353487017,2.5,1,mode_4,0.66,True,0.0
reinforced,32,180,mode_4,0.9801577960811331,0.12493087703188432,2.6337416266037312,2.5,1,mode_4,0.66,True,0.0
reinforced,32,200,mode_4,0.9801267087222538,0.12509496435950548,2.622019060735921,2.5,1,mode_4,0.66,True,0.0
reinforced,32,220,mode_4,0.9801500153158016,0.12497221844776872,2.61243055686508,2.5,1,mode_4,0.66,True,0.0
reinforced,32,240,mode_4,0.9801829460906422,0.12479774745897672,2.6045450151575116,2.5,1,mode_4,0.66,True,0.0
reinforced,33,0,mode_0,0.6485379702210401,1.1335738559951491,0.0,0.0,1,mode_0,0.66,True,0.0
reinforced,33,20,mode_0,0.8465711712539037,0.6407233336810024,0.637325718409692,0.4698183992689091,1,mode_0,0.66,True,0.0
reinforced,33,40,mode_0,0.9452421330799776,0.28819520465857007,1.1585988450061182,0.9674076277639385,1,mode_0,0.66,True,0.0
reinforced,33,60,mode_0,0.9638074585577553,0.20582077663863219,1.584951751632335,1.401145468560142,1,mode_0,0.66,True,0.0
reinforced,33,80,mode_0,0.9713297137220923,0.1698333882692386,1.933668751826662,1.7632551085951305,1,mode_0,0.66,True,0.0
reinforced,33,100,mode_0,0.9758942582922938,0.14703088830026556,2.218886805543696,2.063014188404163,1,mode_0,0.66,True,0.0
reinforced,33,120,mode_0,0.9784043683593308,0.1341232489054575,2.45216863040684,2.310296923001001,1,mode_0,0.66,True,0.0
reinforced,33,140,mode_0,0.980389058187771,0.12370758486986567,2.6290604422019643,2.5,1,mode_0,0.66,True,0.0
reinforced,33,160,mode_0,0.9802694809124057,0.12434043916938853,2.6180829721539327,2.5,1,mode_0,0.66,True,0.0
reinforced,33,180,mode_0,0.9804024775695258,0.12363621793353971,2.6090782290875976,2.5,1,mode_0,0.66,True,0.0
reinforced,33,200,mode_0,0.9803965822183702,0.12366760117065792,2.601719995117493,2.5,1,mode_0,0.66,True,0.0
reinforced,33,220,mode_0,0.9803943738975575,0.12367905093002773,2.5956508496823245,2.5,1,mode_0,0.66,True,0.0
reinforced,33,240,mode_0,0.9804757520977166,0.1232478033339723,2.590692937319279,2.5,1,mode_0,0.66,True,0.0
reinforced,34,0,mode_1,0.4854665805425727,1.335225639683747,0.0,0.0,3,mixed_1_2;mode_1;mode_3,0.42,False,0.5
reinforced,34,20,mode_1,0.6798832361263487,1.0106035560252011,0.637325718409692,0.3593332946707877,1,mode_1,0.66,True,0.0
reinforced,34,40,mode_1,0.9198377091648107,0.38776440430082193,1.1585988450061184,0.8255492251900529,1,mode_1,0.66,True,0.0
reinforced,34,60,mode_1,0.9584429940517764,0.2303925496888588,1.5849517516323346,1.2781377412667903,1,mode_1,0.66,True,0.0
reinforced,34,80,mode_1,0.9690317086261008,0.18099850163342004,1.933668751826661,1.6602605616463826,1,mode_1,0.66,True,0.0
reinforced,34,100,mode_1,0.9743538428108576,0.15480952426939126,2.218886805543696,1.9775015937212401,1,mode_1,0.66,True,0.0
reinforced,34,120,mode_1,0.9774850868268907,0.13887752504636935,2.4521686304068377,2.239558545779872,1,mode_1,0.66,True,0.0
reinforced,34,140,mode_1,0.9795468723028499,0.12814719122370635,2.6429714533777444,2.4555104443142053,1,mode_1,0.66,True,0.0
reinforced,34,160,mode_1,0.980189322728479,0.12476261801971872,2.666016572486967,2.5,1,mode_1,0.66,True,0.0
reinforced,34,180,mode_1,0.9801385627466817,0.12503030848461205,2.6484301199614486,2.5,1,mode_1,0.66,True,0.0
reinforced,34,200,mode_1,0.9801052283708315,0.12520735161216648,2.6340346581054086,2.5,1,mode_1,0.66,True,0.0
reinforced,34,220,mode_1,0.9802327583848921,0.12453360379441795,2.6222452691608287,2.5,1,mode_1,0.66,True,0.0
reinforced,34,240,mode_1,0.9803147526691515,0.12409932054068268,2.612564317445266,2.5,1,mode_1,0.66,True,0.0
reinforced,35,0,mode_4,0.4461350002196605,1.3536485466611519,0.0,0.0,2,mode_3;mode_4,0.48000000000000004,False,0.5
reinforced,35,20,mode_4,0.6024812621236798,1.1011298569074393,0.637325718409692,0.32079696158811877,1,mode_4,0.66,True,0.0
reinforced,35,40,mode_4,0.882363832029317,0.5068224098375153,1.158598845006118,0.7491977532637443,1,mode_4,0.66,True,0.0
reinforced,35,60,mode_4,0.9544747026655647,0.2480022416389117,1.5849517516323344,1.2079317619999879,1,mode_4,0.66,True,0.0
reinforced,35,80,mode_4,0.967370196977123,0.1889521595804181,1.9336687518266615,1.6012675902112419,1,mode_4,0.66,True,0.0
reinforced,35,100,mode_4,0.9734585648122903,0.15928217403173242,2.2188868055436965,1.9284419932985868,1,mode_4,0.66,True,0.0
reinforced,35,120,mode_4,0.9769266983219931,0.14174805665737655,2.4521686304068395,2.1989461668697423,1,mode_4,0.66,True,0.0
reinforced,35,140,mode_4,0.9792800413867581,0.12954566468274134,2.642971453377745,2.4220028753135385,1,mode_4,0.66,True,0.0
reinforced,35,160,mode_4,0.9801090816899907,0.12518635953086482,2.6935548932764086,2.5,1,mode_4,0.66,True,0.0
reinforced,35,180,mode_4,0.9801595832099171,0.12491985480744128,2.6709849981236933,2.5,1,mode_4,0.66,True,0.0
reinforced,35,200,mode_4,0.9801827064460663,0.1247976473493659,2.652505417900389,2.5,1,mode_4,0.66,True,0.0
reinforced,35,220,mode_4,0.9801435140816493,0.12500528891702858,2.6373750297458747,2.5,1,mode_4,0.66,True,0.0
reinforced,35,240,mode_4,0.9802447631783932,0.12447038078158672,2.6249651064221946,2.5,1,mode_4,0.66,True,0.0
reinforced,36,0,mixed_0_1_3,0.3592595586038707,1.4789936796376724,0.0,0.0,4,mixed_3_4;mode_0;mode_1;mode_3,0.060000000000000005,False,1.0
reinforced,36,20,mode_3,0.5121980132429402,1.3023171040846588,0.637325718409692,0.26844759809425794,1,mode_3,0.66,True,0.0
reinforced,36,40,mode_3,0.8457943843418015,0.6310440887356671,1.1585988450061182,0.6630292967972655,1,mode_3,0.66,True,0.0
reinforced,36,60,mode_3,0.9486203080028724,0.2735532440252553,1.584951751632335,1.1281951961137997,1,mode_3,0.66,True,0.0
reinforced,36,80,mode_3,0.965381638047008,0.19839677896071337,1.9336687518266622,1.533970143106161,1,mode_3,0.66,True,0.0
reinforced,36,100,mode_3,0.9720276126743749,0.16638375298327635,2.218886805543697,1.8724329590972306,1,mode_3,0.66,True,0.0
reinforced,36,120,mode_3,0.9760881338511483,0.14603737034350686,2.452168630406839,2.1525199902613754,1,mode_3,0.66,True,0.0
reinforced,36,140,mode_3,0.9787200583629315,0.13247443398419625,2.6429714533777444,2.383635463905753,1,mode_3,0.66,True,0.0
reinforced,36,160,mode_3,0.9799247158819635,0.12615898875844858,2.7251231781581677,2.5,1,mode_3,0.66,True,0.0
reinforced,36,180,mode_3,0.9799706240810048,0.12591744186673529,2.6968952100096804,2.5,1,mode_3,0.66,True,0.0
reinforced,36,200,mode_3,0.9801371748230994,0.12503857948321995,2.673768472529802,2.5,1,mode_3,0.66,True,0.0
reinforced,36,220,mode_3,0.9800351620062152,0.1255770348751772,2.654835785776319,2.5,1,mode_3,0.66,True,0.0
reinforced,36,240,mode_3,0.9800680250848081,0.12540442736123963,2.6393331934790343,2.5,1,mode_3,0.66,True,0.0
reinforced,37,0,mixed_1_3,0.3282283563655857,1.5126898592094704,0.0,0.0,5,mixed_0_1_3;mixed_1_4;mode_1;mode_2;mode_3,0.18,False,0.8
reinforced,37,20,mode_1,0.4303025025075907,1.3813986381867231,0.637325718409692,0.23470994149505664,1,mode_1,0.66,True,0.0
reinforced,37,40,mode_1,0.7214793123554494,0.8937367302510579,1.1585988450061182,0.5597494417446325,1,mode_1,0.66,True,0.0
reinforced,37,60,mode_1,0.9300227031227056,0.34785166945962775,1.584951751632335,1.0050860791630027,1,mode_1,0.66,True,0.0
reinforced,37,80,mode_1,0.9606797808888311,0.2201682553880824,1.933668751826662,1.4280691923890378,1,mode_1,0.66,True,0.0
reinforced,37,100,mode_1,0.9701346234284668,0.17564535975246987,2.2188868055436965,1.7840151386615983,1,mode_1,0.66,True,0.0
reinforced,37,120,mode_1,0.9749179153912311,0.1519647590935479,2.4521686304068386,2.0792034672875257,1,mode_1,0.66,True,0.0
reinforced,37,140,mode_1,0.977881958999545,0.13682738459886637,2.6429714533777444,2.323037796513517,1,mode_1,0.66,True,0.0
reinforced,37,160,mode_1,0.9796857574969388,0.1274177296642668,2.7751165265249704,2.5,1,mode_1,0.66,True,0.0
reinforced,37,180,mode_1,0.9798166358137761,0.1267289629945067,2.737901892441807,2.5,1,mode_1,0.66,True,0.0
reinforced,37,200,mode_1,0.9799969996195684,0.12577871556238465,2.707404707559749,2.5,1,mode_1,0.66,True,0.0
reinforced,37,220,mode_1,0.9798446162842795,0.12658277922335665,2.6824377933178174,2.5,1,mode_1,0.66,True,0.0
reinforced,37,240,mode_1,0.9800651946747364,0.1254194806804875,2.661959537515282,2.5,1,mode_1,0.66,True,0.0
reinforced,38,0,mode_0,0.45305412090824504,1.4420662590305535,0.0,0.0,5,mixed_0_1;mixed_0_2;mixed_0_3;mixed_0_4;mode_0,0.36,False,0.75
reinforced,38,20,mode_0,0.6864686997719827,1.0528940693920856,0.6373257184096919,0.350489863208977,1,mode_0,0.66,True,0.0
reinforced,38,40,mode_0,0.9226409237512986,0.37942310007948393,1.1585988450061178,0.8223874840494821,1,mode_0,0.66,True,0.0
reinforced,38,60,mode_0,0.9578473627500237,0.23315835990596437,1.5849517516323341,1.2755556463375604,1,mode_0,0.66,True,0.0
reinforced,38,80,mode_0,0.9683795406298792,0.18416409845527434,1.933668751826661,1.6578051435397434,1,mode_0,0.66,True,0.0
reinforced,38,100,mode_0,0.9740794847726261,0.15619443740527536,2.218886805543695,1.9753123594110464,1,mode_0,0.66,True,0.0
reinforced,38,120,mode_0,0.9773277012273361,0.13969476058751376,2.452168630406838,2.2376078393670085,1,mode_0,0.66,True,0.0
reinforced,38,140,mode_0,0.9794033999634153,0.12890491530760434,2.6429714533777444,2.4538126343257085,1,mode_0,0.66,True,0.0
reinforced,38,160,mode_0,0.9799448670147132,0.1260557527737204,2.6675147039610505,2.5,1,mode_0,0.66,True,0.0
reinforced,38,180,mode_0,0.97994878938457,0.1260350995733198,2.649743393526393,2.5,1,mode_0,0.66,True,0.0
reinforced,38,200,mode_0,0.9801262412866115,0.12509822070007973,2.635216032258047,2.5,1,mode_0,0.66,True,0.0
reinforced,38,220,mode_0,0.9801559668989986,0.12494114485540954,2.6232972645901538,2.5,1,mode_0,0.66,True,0.0
reinforced,38,240,mode_0,0.9801117780834196,0.12517463143805693,2.6135116585654132,2.5,1,mode_0,0.66,True,0.0
reinforced,39,0,mixed_0_4,0.3835885405260334,1.3655546761298794,0.0,0.0,5,mixed_0_1_4;mixed_0_2_4;mixed_0_4;mode_0;mode_4,0.060000000000000005,False,0.6
reinforced,39,20,mode_4,0.4779917417157747,1.180031800075119,0.637325718409692,0.27000894427169614,1,mode_4,0.66,True,0.25
reinforced,39,40,mode_4,0.6839421994951593,0.8658933839602005,1.1585988450061182,0.5904626156193912,1,mode_4,0.66,True,0.0
reinforced,39,60,mode_4,0.9149497688285821,0.3933769423471626,1.5849517516323346,1.0075520774074562,1,mode_4,0.66,True,0.0
reinforced,39,80,mode_4,0.9608327608619962,0.219185283399902,1.933668751826661,1.4281705786250296,1,mode_4,0.66,True,0.0
reinforced,39,100,mode_4,0.9704580896541306,0.1740056851759713,2.2188868055436957,1.7842515734268776,1,mode_4,0.66,True,0.0
reinforced,39,120,mode_4,0.9751402064362332,0.15081827393944375,2.4521686304068386,2.079596291024175,1,mode_4,0.66,True,0.0
reinforced,39,140,mode_4,0.9780439227654901,0.1359776256271624,2.642971453377745,2.323443510685336,1,mode_4,0.66,True,0.0
reinforced,39,160,mode_4,0.9799774734378389,0.1258738211414089,2.774632289257264,2.5,1,mode_4,0.66,True,0.0
reinforced,39,180,mode_4,0.9800406168082325,0.12554263158882678,2.737397595893942,2.5,1,mode_4,0.66,True,0.0
reinforced,39,200,mode_4,0.9800172931222799,0.12566854550719364,2.706882059472755,2.5,1,mode_4,0.66,True,0.0
reinforced,39,220,mode_4,0.9801465392714124,0.12498635009798498,2.681912807735652,2.5,1,mode_4,0.66,True,0.0
reinforced,39,240,mode_4,0.9801923293745192,0.12474467545363514,2.6614379238212487,2.5,1,mode_4,0.66,True,0.0
reinforced,40,0,mode_0,0.508879200189339,1.312058253350589,0.0,0.0,2,mode_0;mode_4,0.66,False,0.5
reinforced,40,20,mode_0,0.7224554182310133,0.9335411290278776,0.6373257184096919,0.3814210482650214,1,mode_0,0.66,True,0.0
reinforced,40,40,mode_0,0.9287004510597541,0.3550024042551588,1.158598845006118,0.8599969249038705,1,mode_0,0.66,True,0.0
reinforced,40,60,mode_0,0.9597395142675654,0.22453600995261977,1.584951751632335,1.3084889213676267,1,mode_0,0.66,True,0.0
reinforced,40,80,mode_0,0.9694913694806956,0.17878594130718836,1.933668751826661,1.6856279188603585,1,mode_0,0.66,True,0.0
reinforced,40,100,mode_0,0.9747415029349699,0.15286216293376548,2.218886805543696,1.998496306301058,1,mode_0,0.66,True,0.0
reinforced,40,120,mode_0,0.977914889973777,0.1366601153526722,2.4521686304068373,2.2568899248957495,1,mode_0,0.66,True,0.0
reinforced,40,140,mode_0,0.9797458579910766,0.12710206451101774,2.6429714533777435,2.4697950474895514,1,mode_0,0.66,True,0.0
reinforced,40,160,mode_0,0.9801668089289399,0.12488232760530539,2.654300440262231,2.5,1,mode_0,0.66,True,0.0
reinforced,40,180,mode_0,0.9801776185769117,0.12482556494783986,2.638822694931326,2.5,1,mode_0,0.66,True,0.0
reinforced,40,200,mode_0,0.9801960290341031,0.12472827104659656,2.62614171058344,2.5,1,mode_0,0.66,True,0.0
reinforced,40,220,mode_0,0.9801559799119909,0.12494003248092436,2.61580261527998,2.5,1,mode_0,0.66,True,0.0
reinforced,40,240,mode_0,0.9803321443261499,0.12400772901721768,2.6072980035754503,2.5,1,mode_0,0.66,True,0.0
reinforced,41,0,mixed_0_2_3,0.39126930493233947,1.48237864078492,0.0,0.0,4,mixed_0_1;mode_0;mode_2;mode_3,0.060000000000000005,False,1.0
reinforced,41,20,mode_0,0.5947717522405369,1.2128529029141457,0.6373257184096921,0.301870999797076,1,mode_0,0.66,True,0.0
reinforced,41,40,mode_0,0.8978942174443755,0.46971182943100065,1.1585988450061184,0.7447811617614687,1,mode_0,0.66,True,0.0
reinforced,41,60,mode_0,0.9536025128991363,0.2520409930706135,1.5849517516323353,1.2064284740516382,1,mode_0,0.66,True,0.0
reinforced,41,80,mode_0,0.9671356760490922,0.19011225003428903,1.9336687518266624,1.5997848414421567,1,mode_0,0.66,True,0.0
reinforced,41,100,mode_0,0.9730136318166367,0.16151088658111987,2.2188868055436974,1.9271787323954839,1,mode_0,0.66,True,0.0
reinforced,41,120,mode_0,0.9768880733597076,0.1419520836488335,2.4521686304068386,2.1978549669787317,1,mode_0,0.66,True,0.0
reinforced,41,140,mode_0,0.9792698277454202,0.12960381072256902,2.6429714533777453,2.421044340828613,1,mode_0,0.66,True,0.0
reinforced,41,160,mode_0,0.9800755048879254,0.12536459125283578,2.69437176761978,2.5,1,mode_0,0.66,True,0.0
reinforced,41,180,mode_0,0.9800093688504548,0.1257144037449141,2.6717000015720287,2.5,1,mode_0,0.66,True,0.0
reinforced,41,200,mode_0,0.9801512100292722,0.12496484762457682,2.653157708640678,2.5,1,mode_0,0.66,True,0.0
reinforced,41,220,mode_0,0.9801811744047885,0.12480699139319266,2.63794802533079,2.5,1,mode_0,0.66,True,0.0
reinforced,41,240,mode_0,0.9800765277645173,0.12535935659291497,2.625510466868214,2.5,1,mode_0,0.66,True,0.0
reinforced,42,0,mode_3,0.5347991960679306,1.3153712350482514,0.0,0.0,1,mode_3,0.54,False,0.5
reinforced,42,20,mode_3,0.7709962569541283,0.8468513791397336,0.6373257184096919,0.40565891082297667,1,mode_3,0.66,True,0.0
reinforced,42,40,mode_3,0.9355262576567636,0.3283141975321812,1.158598845006118,0.8950904985377202,1,mode_3,0.66,True,0.0
reinforced,42,60,mode_3,0.9608699596708176,0.21939814060443016,1.5849517516323355,1.3388565215133255,1,mode_3,0.66,True,0.0
reinforced,42,80,mode_3,0.9702516402715772,0.1751008161520713,1.9336687518266618,1.7110861435836475,1,mode_3,0.66,True,0.0
reinforced,42,100,mode_3,0.9749492740149805,0.15181651199488946,2.2188868055436974,2.0196036038910856,1,mode_3,0.66,True,0.0
reinforced,42,120,mode_3,0.9779113470707839,0.1366802142762152,2.452168630406839,2.2743151269129736,1,mode_3,0.66,True,0.0
reinforced,42,140,mode_3,0.979795887721925,0.12684017475348944,2.642971453377745,2.4841417856566865,1,mode_3,0.66,True,0.0
reinforced,42,160,mode_3,0.9802201158041443,0.12460105538092148,2.6425354600839235,2.5,1,mode_3,0.66,True,0.0
reinforced,42,180,mode_3,0.9803162074355978,0.12409278104267304,2.629189077736236,2.5,1,mode_3,0.66,True,0.0
reinforced,42,200,mode_3,0.9801855633735012,0.12478382163577045,2.6182621782758764,2.5,1,mode_3,0.66,True,0.0
reinforced,42,220,mode_3,0.9802688668492091,0.12434323438042955,2.609312398836029,2.5,1,mode_3,0.66,True,0.0
reinforced,42,240,mode_3,0.9802236525406932,0.12458281731470179,2.601973431015158,2.5,1,mode_3,0.66,True,0.0
reinforced,43,0,mixed_0_3,0.35137878098212405,1.4988297439151936,0.0,0.0,5,mixed_0_3_4;mixed_1_3;mode_0;mode_2;mode_3,0.24000000000000002,False,0.8
reinforced,43,20,mode_3,0.4893946868884716,1.3288515756505528,0.637325718409692,0.25942664467751186,1,mode_3,0.66,True,0.0
reinforced,43,40,mode_3,0.8181065219772071,0.6964334510012783,1.1585988450061182,0.6373414533611577,1,mode_3,0.66,True,0.0
reinforced,43,60,mode_3,0.9450228929293167,0.2887318588302106,1.5849517516323341,1.0994693335512127,1,mode_3,0.66,True,0.0
reinforced,43,80,mode_3,0.9640198002243424,0.20478811155492999,1.9336687518266606,1.5092214897435468,1,mode_3,0.66,True,0.0
reinforced,43,100,mode_3,0.9712526115148933,0.17019424813926604,2.218886805543695,1.8516354102640518,1,mode_3,0.66,True,0.0
reinforced,43,120,mode_3,0.9756967227241824,0.14802870317202815,2.4521686304068373,2.135243226658946,1,mode_3,0.66,True,0.0
reinforced,43,140,mode_3,0.9784712139170826,0.13377177323191866,2.6429714533777435,2.3692942292410026,1,mode_3,0.66,True,0.0
reinforced,43,160,mode_3,0.9798198225960509,0.12671298932965172,2.7369750723641757,2.5,1,mode_3,0.66,True,0.0
reinforced,43,180,mode_3,0.9799882148453715,0.12582566090125707,2.7066605161712394,2.5,1,mode_3,0.66,True,0.0
reinforced,43,200,mode_3,0.9799887029627508,0.1258236701521352,2.681823663503717,2.5,1,mode_3,0.66,True,0.0
reinforced,43,220,mode_3,0.9799038885658923,0.12627115939565692,2.661489710149029,2.5,1,mode_3,0.66,True,0.0
reinforced,43,240,mode_3,0.9801294726317122,0.12508055526273062,2.6447895666844032,2.5,1,mode_3,0.66,True,0.0
reinforced,44,0,mode_2,0.593918011442801,1.2241357746929824,0.0,0.0,1,mode_2,0.66,True,0.25
reinforced,44,20,mode_2,0.8121706339360457,0.7385786315520777,0.637325718409692,0.4393767466503408,1,mode_2,0.66,True,0.0
reinforced,44,40,mode_2,0.9409165836142568,0.30627871120551176,1.1585988450061182,0.9337158511823967,1,mode_2,0.66,True,0.0
reinforced,44,60,mode_2,0.9629224003620315,0.20992840980119862,1.5849517516323344,1.372318587459101,1,mode_2,0.66,True,0.0
reinforced,44,80,mode_2,0.970805387203519,0.17239916200153213,1.9336687518266615,1.7391208659810147,1,mode_2,0.66,True,0.0
reinforced,44,100,mode_2,0.9754325026298709,0.1493735260345127,2.2188868055436965,2.0428949381478847,1,mode_2,0.66,True,0.0
reinforced,44,120,mode_2,0.9782344201359271,0.1350050553569509,2.4521686304068395,2.293630670093577,1,mode_2,0.66,True,0.0
reinforced,44,140,mode_2,0.9800345126056322,0.12558189563816446,2.6428564610360636,2.5,1,mode_2,0.66,True,0.0
reinforced,44,160,mode_2,0.9803248117511769,0.12404732440883443,2.629421126032012,2.5,1,mode_2,0.66,True,0.0
reinforced,44,180,mode_2,0.9803265428017333,0.12403818465051177,2.61840396426634,2.5,1,mode_2,0.66,True,0.0
reinforced,44,200,mode_2,0.9803338725362658,0.12399935058707712,2.6093937730303187,2.5,1,mode_2,0.66,True,0.0
reinforced,44,220,mode_2,0.9804392625400223,0.1234410283581489,2.601987813773654,2.5,1,mode_2,0.66,True,0.0
reinforced,44,240,mode_2,0.9804433779852259,0.12341950102769234,2.5959294870186254,2.5,1,mode_2,0.66,True,0.0
reinforced,45,0,mode_3,0.5528881499486596,1.299492060075159,0.0,0.0,1,mode_3,0.66,False,0.5
reinforced,45,20,mode_3,0.7817901302075306,0.8238201045504644,0.637325718409692,0.41484368381452275,1,mode_3,0.66,True,0.0
reinforced,45,40,mode_3,0.9364442268941858,0.3246919476918379,1.1585988450061182,0.9052902824668128,1,mode_3,0.66,True,0.0
reinforced,45,60,mode_3,0.9613146158330708,0.21736841120510134,1.5849517516323346,1.3475795337002616,1,mode_3,0.66,True,0.0
reinforced,45,80,mode_3,0.9703696176166714,0.17453021486018735,1.9336687518266615,1.7182916238534658,1,mode_3,0.66,True,0.0
reinforced,45,100,mode_3,0.9751816137359546,0.15064565710154693,2.218886805543696,2.025553541608395,1,mode_3,0.66,True,0.0
reinforced,45,120,mode_3,0.9779632331437933,0.13641240280595007,2.4521686304068373,2.27922238477244,1,mode_3,0.66,True,0.0
reinforced,45,140,mode_3,0.9799263976740137,0.1261523663267133,2.6429714533777444,2.488172893196715,1,mode_3,0.66,True,0.0
reinforced,45,160,mode_3,0.9802624465687171,0.12437772099213701,2.6392529004185206,2.5,1,mode_3,0.66,True,0.0
reinforced,45,180,mode_3,0.9802574937177846,0.12440378907552219,2.62649490789906,2.5,1,mode_3,0.66,True,0.0
reinforced,45,200,mode_3,0.9803035981806166,0.12416013504454311,2.6160456158754397,2.5,1,mode_3,0.66,True,0.0
reinforced,45,220,mode_3,0.9801202308512312,0.1251296915472607,2.607535926371593,2.5,1,mode_3,0.66,True,0.0
reinforced,45,240,mode_3,0.9801619764932016,0.12490912251894234,2.6005603501151415,2.5,1,mode_3,0.66,True,0.0
reinforced,46,0,mixed_0_2_4,0.3187179955975094,1.5413352890807541,0.0,0.0,5,mixed_0_3;mode_0;mode_1;mode_2;mode_4,0.060000000000000005,False,0.6
reinforced,46,20,mixed_0_2_4,0.41228336904249835,1.454394820057902,0.637325718409692,0.22506760681905225,1,mode_0,0.060000000000000005,False,1.0
reinforced,46,40,mode_0,0.739855414905994,0.914280096946163,1.158598845006118,0.5489790805790508,1,mode_0,0.66,True,0.0
reinforced,46,60,mode_0,0.9343329110346206,0.332907244898464,1.5849517516323344,1.0049058351067433,1,mode_0,0.66,True,0.0
reinforced,46,80,mode_0,0.9606290507352512,0.22047072249838387,1.9336687518266615,1.428443173514968,1,mode_0,0.66,True,0.0
reinforced,46,100,mode_0,0.9699307923712486,0.17665758084393188,2.218886805543696,1.784146897992749,1,mode_0,0.66,True,0.0
reinforced,46,120,mode_0,0.974754373259972,0.15279818840594195,2.4521686304068395,2.0792786593193187,1,mode_0,0.66,True,0.0
reinforced,46,140,mode_0,0.9778834876979985,0.13682291985016948,2.6429714533777466,2.3230650745591914,1,mode_0,0.66,True,0.0
reinforced,46,160,mode_0,0.9797960354779609,0.1268384277666389,2.7750969885925745,2.5,1,mode_0,0.66,True,0.0
reinforced,46,180,mode_0,0.9798563767953502,0.1265215531081193,2.737883660762943,2.5,1,mode_0,0.66,True,0.0
reinforced,46,200,mode_0,0.9797494448997982,0.12708441236247744,2.7074243652208656,2.5,1,mode_0,0.66,True,0.0
reinforced,46,220,mode_0,0.9798208578467713,0.1267088496635487,2.6824963515821763,2.5,1,mode_0,0.66,True,0.0
reinforced,46,240,mode_0,0.979745966319353,0.12710306912619088,2.6620824735225352,2.5,1,mode_0,0.66,True,0.0
reinforced,47,0,mixed_1_2_3,0.3200921136007707,1.5149579936448971,0.0,0.0,5,mixed_0_1_3;mixed_3_4;mode_1;mode_2;mode_3,0.060000000000000005,False,0.8
reinforced,47,20,mode_3,0.4210395487558082,1.4038902362694063,0.637325718409692,0.22965894253435373,1,mode_3,0.66,True,0.0
reinforced,47,40,mode_3,0.7171157192838576,0.9248856777148912,1.158598845006118,0.5493370996163393,1,mode_3,0.66,True,0.0
reinforced,47,60,mode_3,0.9308534644270381,0.3454705969632299,1.5849517516323346,0.9975153637131917,1,mode_3,0.66,True,0.0
reinforced,47,80,mode_3,0.9603739898060465,0.2215913124421367,1.9336687518266613,1.4216584197572244,1,mode_3,0.66,True,0.0
reinforced,47,100,mode_3,0.9700027874809152,0.17628311543001657,2.218886805543696,1.7785311746887973,1,mode_3,0.66,True,0.0
reinforced,47,120,mode_3,0.9747730643914183,0.15269758294129254,2.452168630406838,2.0747111680122563,1,mode_3,0.66,True,0.0
reinforced,47,140,mode_3,0.9778664445700469,0.1369075684033067,2.642971453377745,2.3193109177443065,1,mode_3,0.66,True,0.0
reinforced,47,160,mode_3,0.9796994293284988,0.1273454207111378,2.778140501497544,2.5,1,mode_3,0.66,True,0.0
reinforced,47,180,mode_3,0.9798297712298935,0.12665949826453793,2.740384145111155,2.5,1,mode_3,0.66,True,0.0
reinforced,47,200,mode_3,0.9799344672340345,0.1261091190017754,2.709460198858401,2.5,1,mode_3,0.66,True,0.0
reinforced,47,220,mode_3,0.9800413320720552,0.1255452856029099,2.68408396842292,2.5,1,mode_3,0.66,True,0.0
reinforced,47,240,mode_3,0.9798846161303018,0.1263714605914806,2.6633368462381926,2.5,1,mode_3,0.66,True,0.0
reinforced,48,0,mode_0,0.6664134907886434,1.0985231541244065,0.0,0.0,1,mode_0,0.66,True,0.0
reinforced,48,20,mode_0,0.8594624789382166,0.6006653000138784,0.637325718409692,0.4808521447602591,1,mode_0,0.66,True,0.0
reinforced,48,40,mode_0,0.9475100585490572,0.2785460204246799,1.1585988450061184,0.9796153283700796,1,mode_0,0.66,True,0.0
reinforced,48,60,mode_0,0.9644103191057148,0.20300168974166852,1.5849517516323346,1.4117420836217862,1,mode_0,0.66,True,0.0
reinforced,48,80,mode_0,0.9719762584849821,0.1666524580275414,1.9336687518266613,1.7722149007437416,1,mode_0,0.66,True,0.0
reinforced,48,100,mode_0,0.9760027148466657,0.14647958437032726,2.218886805543696,2.070529539482725,1,mode_0,0.66,True,0.0
reinforced,48,120,mode_0,0.9786253692636135,0.13297322895460897,2.4521686304068377,2.3165409586738903,1,mode_0,0.66,True,0.0
reinforced,48,140,mode_0,0.9804564714847005,0.12334999371312969,2.623847992583101,2.5,1,mode_0,0.66,True,0.0
reinforced,48,160,mode_0,0.9804769785907241,0.12324156360301938,2.613742960005706,2.5,1,mode_0,0.66,True,0.0
reinforced,48,180,mode_0,0.9803546952875577,0.12388955880469871,2.6054980700678847,2.5,1,mode_0,0.66,True,0.0
reinforced,48,200,mode_0,0.9805387974532909,0.1229135462621363,2.598694332723262,2.5,1,mode_0,0.66,True,0.0
reinforced,48,220,mode_0,0.9804415866808445,0.12342914641042399,2.593168044393589,2.5,1,mode_0,0.66,True,0.0
reinforced,48,240,mode_0,0.9804051878554905,0.1236218807563204,2.5886130717028615,2.5,1,mode_0,0.66,True,0.0
reinforced,49,0,mode_4,0.4854515552582595,1.3923930549952455,0.0,0.0,3,mixed_1_4;mixed_2_4;mode_4,0.42,False,0.5
reinforced,49,20,mode_4,0.7193229438042729,0.9746735010354312,0.637325718409692,0.37254519357757265,1,mode_4,0.66,True,0.0
reinforced,49,40,mode_4,0.9277464813521562,0.3594552415184045,1.1585988450061182,0.8520700056199476,1,mode_4,0.66,True,0.0
reinforced,49,60,mode_4,0.9595687115981415,0.22535126297591987,1.5849517516323346,1.3013905437531639,1,mode_4,0.66,True,0.0
reinforced,49,80,mode_4,0.9692778270941557,0.17982942275644728,1.933668751826661,1.6796382678243067,1,mode_4,0.66,True,0.0
reinforced,49,100,mode_4,0.9744751434764884,0.1542071863275309,2.2188868055436957,1.993495719283631,1,mode_4,0.66,True,0.0
reinforced,49,120,mode_4,0.9775080124748425,0.13876458841277506,2.452168630406838,2.252681426822171,1,mode_4,0.66,True,0.0
reinforced,49,140,mode_4,0.9795944992652811,0.12790067395146124,2.6429714533777435,2.466288477512794,1,mode_4,0.66,True,0.0
reinforced,49,160,mode_4,0.9799956873075991,0.12578707697323727,2.6572682922009134,2.5,1,mode_4,0.66,True,0.0
reinforced,49,180,mode_4,0.980130648183632,0.12507453698970247,2.641310994846774,2.5,1,mode_4,0.66,True,0.0
reinforced,49,200,mode_4,0.980145920201619,0.1249936903870934,2.628239289146071,2.5,1,mode_4,0.66,True,0.0
reinforced,49,220,mode_4,0.9803336395769964,0.12400100801396693,2.617530395260843,2.5,1,mode_4,0.66,True,0.0
reinforced,49,240,mode_4,0.9801607768772004,0.12491558582117221,2.6087877818971044,2.5,1,mode_4,0.66,True,0.0
reinforced,50,0,mixed_0_1,0.33809552033970175,1.4957410350539981,0.0,0.0,5,mixed_0_1_2;mixed_0_1_3;mixed_0_1_4;mode_0;mode_1,0.18,False,0.6
reinforced,50,20,mode_1,0.4542417240280286,1.322234118256878,0.637325718409692,0.2449570311542918,1,mode_1,0.66,True,0.0
reinforced,50,40,mode_1,0.7025409249189043,0.8886366126980015,1.1585988450061182,0.5699530502745066,1,mode_1,0.66,True,0.0
reinforced,50,60,mode_1,0.9267288041650015,0.35826329998334044,1.5849517516323344,1.005251788936194,1,mode_1,0.66,True,0.0
reinforced,50,80,mode_1,0.9607910673073171,0.21960112907856144,1.9336687518266613,1.4277078898586961,1,mode_1,0.66,True,0.0
reinforced,50,100,mode_1,0.9702579428618004,0.17503377811889326,2.218886805543696,1.7835908147316641,1,mode_1,0.66,True,0.0
reinforced,50,120,mode_1,0.9747940217237575,0.15258376502998441,2.4521686304068377,2.0788538204851736,1,mode_1,0.66,True,0.0
reinforced,50,140,mode_1,0.9777913433920226,0.13729239697445306,2.6429714533777444,2.3226904534511816,1,mode_1,0.66,True,0.0
reinforced,50,160,mode_1,0.9797650593603736,0.12699881117125617,2.7753425240372276,2.5,1,mode_1,0.66,True,0.0
reinforced,50,180,mode_1,0.9799827359330229,0.12585213501848674,2.7380498383869774,2.5,1,mode_1,0.66,True,0.0
reinforced,50,200,mode_1,0.9798991537617521,0.12629393734943437,2.7075381195044,2.5,1,mode_1,0.66,True,0.0
reinforced,50,220,mode_1,0.9798852918355878,0.1263681687660285,2.6825475111865407,2.5,1,mode_1,0.66,True,0.0
reinforced,50,240,mode_1,0.9799635024507143,0.12595621047667227,2.6620795843982696,2.5,1,mode_1,0.66,True,0.0
reinforced,51,0,mixed_0_1,0.39326602427429014,1.3927043710986236,0.0,0.0,5,mixed_0_1_2;mixed_0_1_3;mixed_0_1_4;mode_0;mode_1,0.060000000000000005,False,0.8
reinforced,51,20,mode_1,0.5258396228967562,1.1842512637765754,0.6373257184096919,0.2868529383134187,1,mode_1,0.66,True,0.0
reinforced,51,40,mode_1,0.8064203427184647,0.6898471219803826,1.1585988450061184,0.663325387107674,1,mode_1,0.66,True,0.0
reinforced,51,60,mode_1,0.9460181701207363,0.2837353988129732,1.5849517516323344,1.1178957579607849,1,mode_1,0.66,True,0.0
reinforced,51,80,mode_1,0.9646700279044015,0.201678103125974,1.9336687518266602,1.524906525405922,1,mode_1,0.66,True,0.0
reinforced,51,100,mode_1,0.9719480939576433,0.16675583811380945,2.218886805543696,1.864839218387226,1,mode_1,0.66,True,0.0
reinforced,51,120,mode_1,0.9761461699851184,0.14573536425371122,2.4521686304068386,2.146299206085516,1,mode_1,0.66,True,0.0
reinforced,51,140,mode_1,0.978675026560763,0.13270596324253645,2.6429714533777444,2.37850920061549,1,mode_1,0.66,True,0.0
reinforced,51,160,mode_1,0.9800530460116381,0.1254813860876206,2.7293172075903507,2.5,1,mode_1,0.66,True,0.0
reinforced,51,180,mode_1,0.9799473928824092,0.12603820986234524,2.700297524294613,2.5,1,mode_1,0.66,True,0.0
reinforced,51,200,mode_1,0.9800633371558718,0.12542705468940962,2.6765577642027663,2.5,1,mode_1,0.66,True,0.0
reinforced,51,220,mode_1,0.9801716269053103,0.1248564125436406,2.6571142392208236,2.5,1,mode_1,0.66,True,0.0
reinforced,51,240,mode_1,0.9802863542357443,0.12425012498495619,2.6411749976551393,2.5,1,mode_1,0.66,True,0.0
reinforced,52,0,mixed_3,0.4190133004369991,1.477613187048823,0.0,0.0,5,mixed_0_3;mixed_1_3;mixed_2_3;mixed_3_4;mode_3,0.060000000000000005,False,1.0
reinforced,52,20,mode_3,0.632174233871976,1.1617692417800765,0.637325718409692,0.3219894782261191,1,mode_3,0.66,True,0.0
reinforced,52,40,mode_3,0.9104353258201464,0.42548258442668074,1.158598845006118,0.7796469157215288,1,mode_3,0.66,True,0.0
reinforced,52,60,mode_3,0.9555599641051484,0.24340256350295883,1.584951751632334,1.2376382273997029,1,mode_3,0.66,True,0.0
reinforced,52,80,mode_3,0.9677308984114283,0.18727584744422596,1.933668751826661,1.625964755598428,1,mode_3,0.66,True,0.0
reinforced,52,100,mode_3,0.9735767800317003,0.1587099399449038,2.218886805543695,1.9488182235259448,1,mode_3,0.66,True,0.0
reinforced,52,120,mode_3,0.9769539483464615,0.14161617181929706,2.452168630406837,2.21565353168221,1,mode_3,0.66,True,0.0
reinforced,52,140,mode_3,0.9791972941775297,0.12998512731747924,2.6429714533777426,2.4356866301264444,1,mode_3,0.66,True,0.0
reinforced,52,160,mode_3,0.9799719258641068,0.12591287570135629,2.6824048967987,2.5,1,mode_3,0.66,True,0.0
reinforced,52,180,mode_3,0.9800407158142252,0.1255499069581306,2.6619446684149444,2.5,1,mode_3,0.66,True,0.0
reinforced,52,200,mode_3,0.980049116777039,0.1255054130935468,2.645199768503528,2.5,1,mode_3,0.66,True,0.0
reinforced,52,220,mode_3,0.9801110172239943,0.12517827863523978,2.631446244175036,2.5,1,mode_3,0.66,True,0.0
reinforced,52,240,mode_3,0.9800944867215379,0.12526576095060526,2.62020169672179,2.5,1,mode_3,0.66,True,0.0
reinforced,53,0,mode_2,0.5922143122581883,1.2349014342422444,0.0,0.0,1,mode_2,0.66,True,0.25
reinforced,53,20,mode_2,0.8140189765739001,0.736015382867899,0.6373257184096919,0.441197416570726,1,mode_2,0.66,True,0.0
reinforced,53,40,mode_2,0.9409310238700637,0.3062415928535324,1.1585988450061182,0.9359606947852059,1,mode_2,0.66,True,0.0
reinforced,53,60,mode_2,0.9625657164418124,0.2115933338172561,1.5849517516323348,1.3739467287017304,1,mode_2,0.66,True,0.0
reinforced,53,80,mode_2,0.97093967636602,0.1717432355230424,1.933668751826661,1.7403389033423968,1,mode_2,0.66,True,0.0
reinforced,53,100,mode_2,0.9755126826521299,0.14896854519153438,2.2188868055436965,2.043908917501918,1,mode_2,0.66,True,0.0
reinforced,53,120,mode_2,0.9782750137369971,0.13479524709697194,2.45216863040684,2.2944657681451037,1,mode_2,0.66,True,0.0
reinforced,53,140,mode_2,0.9801603798623171,0.12491727944819707,2.642172187017306,2.5,1,mode_2,0.66,True,0.0
reinforced,53,160,mode_2,0.9802323921851576,0.12453667563994644,2.6288674800598533,2.5,1,mode_2,0.66,True,0.0
reinforced,53,180,mode_2,0.9803300222218544,0.1240196472071047,2.61797656349832,2.5,1,mode_2,0.66,True,0.0
reinforced,53,200,mode_2,0.980408770805877,0.12360288417254542,2.6090489871513607,2.5,1,mode_2,0.66,True,0.0
reinforced,53,220,mode_2,0.9804443756510274,0.12341380662935486,2.6017154295598357,2.5,1,mode_2,0.66,True,0.0
reinforced,53,240,mode_2,0.9803403464609948,0.1239650960068197,2.5957296713008864,2.5,1,mode_2,0.66,True,0.0
reinforced,54,0,mixed_1_2_4,0.2997356180411886,1.546271050788596,0.0,0.0,5,mixed_2_3_4;mode_0;mode_1;mode_2;mode_4,0.060000000000000005,False,0.8
reinforced,54,20,mixed_2_4,0.37845146068417623,1.460320008403444,0.637325718409692,0.21054357204511756,1,mode_4,0.060000000000000005,False,1.0
reinforced,54,40,mode_4,0.6389973050343065,1.06768886399716,1.158598845006118,0.49077755941205103,1,mode_4,0.66,True,0.0
reinforced,54,60,mode_4,0.9075425490694558,0.4295039867481558,1.5849517516323348,0.9156502620014155,1,mode_4,0.66,True,0.0
reinforced,54,80,mode_4,0.9570302303035383,0.23668407054000667,1.9336687518266613,1.3496223286711146,1,mode_4,0.66,True,0.0
reinforced,54,100,mode_4,0.968527160141157,0.18342053553400167,2.218886805543696,1.7181161914825611,1,mode_4,0.66,True,0.0
reinforced,54,120,mode_4,0.9739614590820299,0.15677241877251683,2.4521686304068386,2.0244997886490377,1,mode_4,0.66,True,0.0
reinforced,54,140,mode_4,0.9770938797609074,0.1408914329142904,2.6429714533777444,2.277729598138028,1,mode_4,0.66,True,0.0
reinforced,54,160,mode_4,0.9794388270568757,0.12871390419934303,2.799030405998786,2.4865586432893165,1,mode_4,0.66,True,0.0
reinforced,54,180,mode_4,0.9797509010196194,0.12707579936631475,2.7685216196581552,2.5,1,mode_4,0.66,True,0.0
reinforced,54,200,mode_4,0.9797383476078517,0.1271428414756956,2.732528199122299,2.5,1,mode_4,0.66,True,0.0
reinforced,54,220,mode_4,0.9798710357790396,0.1264436372048424,2.7030616960950384,2.5,1,mode_4,0.66,True,0.0
reinforced,54,240,mode_4,0.9800537730089451,0.12547980322076183,2.678887199079915,2.5,1,mode_4,0.66,True,0.0
reinforced,55,0,mode_4,0.4492960986847423,1.3827223420316628,0.0,0.0,3,mixed_0_4;mode_3;mode_4,0.42,False,0.5
reinforced,55,20,mode_4,0.6451465134073527,1.074963120164174,0.637325718409692,0.33573872899049706,1,mode_4,0.66,True,0.0
reinforced,55,40,mode_4,0.9091260689839199,0.42663625619422185,1.1585988450061184,0.7909491639799117,1,mode_4,0.66,True,0.0
reinforced,55,60,mode_4,0.9568115643763402,0.23770828424525747,1.5849517516323344,1.2474784379262638,1,mode_4,0.66,True,0.0
reinforced,55,80,mode_4,0.9682410904192666,0.18480990256616894,1.933668751826661,1.6344982001588098,1,mode_4,0.66,True,0.0
reinforced,55,100,mode_4,0.9738168381003078,0.15750277347749922,2.2188868055436957,1.9560583192774308,1,mode_4,0.66,True,0.0
reinforced,55,120,mode_4,0.977222880377116,0.14022976714358026,2.4521686304068373,2.2217969857677993,1,mode_4,0.66,True,0.0
reinforced,55,140,mode_4,0.9794852180528599,0.1284721309342014,2.6429714533777444,2.4408202898692553,1,mode_4,0.66,True,0.0
reinforced,55,160,mode_4,0.9800496811679732,0.12549975929227392,2.678078522279525,2.5,1,mode_4,0.66,True,0.0
reinforced,55,180,mode_4,0.9800899382325591,0.12528848452334262,2.6583277585944067,2.5,1,mode_4,0.66,True,0.0
reinforced,55,200,mode_4,0.9801032746496865,0.12521822906333183,2.6421540084270365,2.5,1,mode_4,0.66,True,0.0
reinforced,55,220,mode_4,0.9802617260184603,0.12438093939749932,2.628887474319258,2.5,1,mode_4,0.66,True,0.0
reinforced,55,240,mode_4,0.9801773023564554,0.1248267414261332,2.61804203171763,2.5,1,mode_4,0.66,True,0.0
reinforced,56,0,mode_3,0.62653614434503,1.1745804715954027,0.0,0.0,1,mode_3,0.66,True,0.0
reinforced,56,20,mode_3,0.838757862198968,0.6643734211324708,0.637325718409692,0.4618054110128129,1,mode_3,0.66,True,0.0
reinforced,56,40,mode_3,0.9441813556996781,0.2926752023688944,1.158598845006118,0.9590797727753313,1,mode_3,0.66,True,0.0
reinforced,56,60,mode_3,0.9636291483407692,0.20665301569550693,1.5849517516323346,1.394090453003064,1,mode_3,0.66,True,0.0
reinforced,56,80,mode_3,0.9713648559441835,0.16966145632054846,1.9336687518266618,1.7573473448977577,1,mode_3,0.66,True,0.0
reinforced,56,100,mode_3,0.9758064074620982,0.14747786065415375,2.2188868055436965,2.0581252995903685,1,mode_3,0.66,True,0.0
reinforced,56,120,mode_3,0.9784631124885134,0.13381783447633505,2.4521686304068386,2.3062316137234067,1,mode_3,0.66,True,0.0
reinforced,56,140,mode_3,0.9803180398744298,0.12408334156607845,2.6324360175378883,2.5,1,mode_3,0.66,True,0.0
reinforced,56,160,mode_3,0.9804427406035205,0.12342295848316916,2.6208642826581157,2.5,1,mode_3,0.66,True,0.0
reinforced,56,180,mode_3,0.980396290724755,0.12366890090046274,2.611366160831955,2.5,1,mode_3,0.66,True,0.0
reinforced,56,200,mode_3,0.9804932276046905,0.12315517716908356,2.603585625159335,2.5,1,mode_3,0.66,True,0.0
reinforced,56,220,mode_3,0.9804656305060316,0.12330144493990373,2.5972090571944375,2.5,1,mode_3,0.66,True,0.0
reinforced,56,240,mode_3,0.9804493743933045,0.12338772369410009,2.591984182696947,2.5,1,mode_3,0.66,True,0.0
reinforced,57,0,mode_4,0.44987254532943005,1.398631276490526,0.0,0.0,2,mode_3;mode_4,0.48000000000000004,False,0.75
reinforced,57,20,mode_4,0.6614125079435121,1.0614665454582368,0.6373257184096919,0.3425851561994925,1,mode_4,0.66,True,0.0
reinforced,57,40,mode_4,0.9144243175854038,0.40853960399197103,1.158598845006118,0.804377735579051,1,mode_4,0.66,True,0.0
reinforced,57,60,mode_4,0.9573251015303677,0.2354593841685953,1.5849517516323348,1.2590142025252495,1,mode_4,0.66,True,0.0
reinforced,57,80,mode_4,0.9683329817841585,0.18437685188178718,1.933668751826661,1.6441759603008037,1,mode_4,0.66,True,0.0
reinforced,57,100,mode_4,0.9739427295596983,0.15687538152761404,2.2188868055436957,1.9640420110669083,1,mode_4,0.66,True,0.0
reinforced,57,120,mode_4,0.9773715994029001,0.13946639877748046,2.452168630406838,2.2283904493531934,1,mode_4,0.66,True,0.0
reinforced,57,140,mode_4,0.9795173644962156,0.12830476640770572,2.6429714533777435,2.446247764746554,1,mode_4,0.66,True,0.0
reinforced,57,160,mode_4,0.9801649487405829,0.1248925172199179,2.673640607452184,2.5,1,mode_4,0.66,True,0.0
reinforced,57,180,mode_4,0.9801013145991812,0.12522921918860278,2.6547024797995595,2.5,1,mode_4,0.66,True,0.0
reinforced,57,200,mode_4,0.9801336871190305,0.12505791582523412,2.6391830307586734,2.5,1,mode_4,0.66,True,0.0
reinforced,57,220,mode_4,0.9801948288556497,0.12473515125859967,2.626505568079251,2.5,1,mode_4,0.66,True,0.0
reinforced,57,240,mode_4,0.9802310538238967,0.12454327938075768,2.616110910639822,2.5,1,mode_4,0.66,True,0.0
reinforced,58,0,mode_4,0.4921623422070782,1.3693382307144144,0.0,0.0,3,mixed_2_4;mixed_3_4;mode_4,0.42,False,0.5
reinforced,58,20,mode_4,0.7239754357834635,0.9549387596374332,0.637325718409692,0.376478025686184,1,mode_4,0.66,True,0.0
reinforced,58,40,mode_4,0.9286198909307399,0.35578372151106324,1.158598845006118,0.8557370853980512,1,mode_4,0.66,True,0.0
reinforced,58,60,mode_4,0.9595244963592369,0.22554267409774514,1.5849517516323346,1.3048098612429844,1,mode_4,0.66,True,0.0
reinforced,58,80,mode_4,0.9693664675497607,0.17939655682982542,1.9336687518266615,1.6825156413392,1,mode_4,0.66,True,0.0
reinforced,58,100,mode_4,0.9744861494720903,0.15415031765315373,2.218886805543697,1.9959267468306725,1,mode_4,0.66,True,0.0
reinforced,58,120,mode_4,0.9774980150039881,0.13881533721995604,2.4521686304068386,2.254700865978493,1,mode_4,0.66,True,0.0
reinforced,58,140,mode_4,0.9795426045859724,0.12817247271554322,2.642971453377745,2.467917455447297,1,mode_4,0.66,True,0.0
reinforced,58,160,mode_4,0.9801750072857697,0.12483956369080068,2.6559245323003813,2.5,1,mode_4,0.66,True,0.0
reinforced,58,180,mode_4,0.9802431936009678,0.12447932818574063,2.6401669068800793,2.5,1,mode_4,0.66,True,0.0
reinforced,58,200,mode_4,0.9801657383270508,0.12488852641431261,2.627267671984671,2.5,1,mode_4,0.66,True,0.0
reinforced,58,220,mode_4,0.9802531025444752,0.1244261058706103,2.616725618729326,2.5,1,mode_4,0.66,True,0.0
reinforced,58,240,mode_4,0.9802811610819971,0.12427778458875721,2.608070356082408,2.5,1,mode_4,0.66,True,0.0
reinforced,59,0,mode_3,0.4540529778844195,1.406148441614796,0.0,0.0,3,mixed_1_3;mode_0;mode_3,0.30000000000000004,False,0.5
reinforced,59,20,mode_3,0.6736915482055629,1.0571283850643285,0.6373257184096919,0.3470560346669548,1,mode_3,0.66,True,0.0
reinforced,59,40,mode_3,0.918570347837556,0.39420353317535284,1.158598845006118,0.8149103660959514,1,mode_3,0.66,True,0.0
reinforced,59,60,mode_3,0.9572131188085976,0.23597902217372774,1.5849517516323344,1.2687926506715523,1,mode_3,0.66,True,0.0
reinforced,59,80,mode_3,0.9685544439119304,0.1833104823578728,1.9336687518266618,1.6522784643212414,1,mode_3,0.66,True,0.0
reinforced,59,100,mode_3,0.974285790245341,0.1551537505566987,2.218886805543696,1.9707625315746786,1,mode_3,0.66,True,0.0
reinforced,59,120,mode_3,0.977303952461503,0.13981327221669382,2.4521686304068377,2.2339047213989662,1,mode_3,0.66,True,0.0
reinforced,59,140,mode_3,0.9795426705477028,0.12817168314488,2.6429714533777435,2.4507755426583993,1,mode_3,0.66,True,0.0
reinforced,59,160,mode_3,0.9800671409507634,0.12540920786452014,2.6699618135189995,2.5,1,mode_3,0.66,True,0.0
reinforced,59,180,mode_3,0.9801142625787953,0.12516011501587376,2.6516919758263646,2.5,1,mode_3,0.66,True,0.0
reinforced,59,200,mode_3,0.9800807754705555,0.1253371090234934,2.636773706600089,2.5,1,mode_3,0.66,True,0.0
reinforced,59,220,mode_3,0.980177823901449,0.12482454505414053,2.624511894386913,2.5,1,mode_3,0.66,True,0.0
reinforced,59,240,mode_3,0.9800624441464459,0.1254343549748032,2.614475606133239,2.5,1,mode_3,0.66,True,0.0
reinforced,60,0,mode_3,0.5139792426361147,1.3116469371071124,0.0,0.0,2,mixed_0_3;mode_3,0.66,False,0.5
reinforced,60,20,mode_3,0.7374444089796262,0.9090980673272323,0.637325718409692,0.38876372033076473,1,mode_3,0.66,True,0.0
reinforced,60,40,mode_3,0.9310210260500418,0.3459802737556028,1.1585988450061184,0.8704346015043719,1,mode_3,0.66,True,0.0
reinforced,60,60,mode_3,0.9602813569249332,0.22208686221231808,1.5849517516323353,1.3176034889905117,1,mode_3,0.66,True,0.0
reinforced,60,80,mode_3,0.9698297957569826,0.17714471451966562,1.9336687518266624,1.6932081298053765,1,mode_3,0.66,True,0.0
reinforced,60,100,mode_3,0.9748719473041254,0.1522043302937192,2.2188868055436974,2.004804708147122,1,mode_3,0.66,True,0.0
reinforced,60,120,mode_3,0.9777899158980875,0.13730627649388585,2.452168630406841,2.262107795278437,1,mode_3,0.66,True,0.0
reinforced,60,140,mode_3,0.9797690845393112,0.12698060939659064,2.642971453377748,2.474081161151904,1,mode_3,0.66,True,0.0
reinforced,60,160,mode_3,0.9803199668111445,0.12407232395107917,2.6507926333275496,2.5,1,mode_3,0.66,True,0.0
reinforced,60,180,mode_3,0.9801794447401659,0.1248163256107456,2.635946040729265,2.5,1,mode_3,0.66,True,0.0
reinforced,60,200,mode_3,0.9802096347720339,0.1246558705319962,2.6237857294708378,2.5,1,mode_3,0.66,True,0.0
reinforced,60,220,mode_3,0.9801446359650852,0.1250003565484293,2.6138223858074823,2.5,1,mode_3,0.66,True,0.0
reinforced,60,240,mode_3,0.9803660740729263,0.12382853496876872,2.6056521544281748,2.5,1,mode_3,0.66,True,0.0
reinforced,61,0,mode_4,0.4788634543773294,1.4009089364910619,0.0,0.0,3,mixed_2_4;mixed_3_4;mode_4,0.36,False,0.5
reinforced,61,20,mode_4,0.7094557761093911,0.9974343286677345,0.6373257184096919,0.3645773232532127,1,mode_4,0.66,True,0.0
reinforced,61,40,mode_4,0.9253733451437408,0.3687017288713288,1.1585988450061182,0.84208590606625,1,mode_4,0.66,True,0.0
reinforced,61,60,mode_4,0.9583680768512797,0.23079813979454794,1.5849517516323344,1.2926049828527737,1,mode_4,0.66,True,0.0
reinforced,61,80,mode_4,0.9691116900283386,0.18063430875611886,1.9336687518266615,1.6722051497819066,1,mode_4,0.66,True,0.0
reinforced,61,100,mode_4,0.9744412645916986,0.15437809838045435,2.218886805543696,1.9873049508046976,1,mode_4,0.66,True,0.0
reinforced,61,120,mode_4,0.9773709320821187,0.1394711935630206,2.4521686304068395,2.247540641880695,1,mode_4,0.66,True,0.0
reinforced,61,140,mode_4,0.9796550847188802,0.1275820411014441,2.6429714533777457,2.4620259279797536,1,mode_4,0.66,True,0.0
reinforced,61,160,mode_4,0.9800566194929288,0.12546582522941396,2.6607470698463804,2.5,1,mode_4,0.66,True,0.0
reinforced,61,180,mode_4,0.9801891567383161,0.12476516298456854,2.6441734037042455,2.5,1,mode_4,0.66,True,0.0
reinforced,61,200,mode_4,0.9801261117963856,0.1250984651522301,2.630609298669887,2.5,1,mode_4,0.66,True,0.0
reinforced,61,220,mode_4,0.9801487689662306,0.12497874136634082,2.6195165374305778,2.5,1,mode_4,0.66,True,0.0
reinforced,61,240,mode_4,0.9802417238125757,0.12448699582268948,2.610390227976125,2.5,1,mode_4,0.66,True,0.0
reinforced,62,0,mixed_1_2,0.4076713709220306,1.471456967025588,0.0,0.0,5,mixed_0_2;mixed_2_3;mixed_2_4;mode_1;mode_2,0.060000000000000005,False,1.0
reinforced,62,20,mode_2,0.6086671804977768,1.1841425055921275,0.637325718409692,0.31241770313812195,1,mode_2,0.66,True,0.0
reinforced,62,40,mode_2,0.8989800007862617,0.46522723266493526,1.158598845006118,0.7577123285811409,1,mode_2,0.66,True,0.0
reinforced,62,60,mode_2,0.9545519769227119,0.2478502829746565,1.5849517516323346,1.2176473586871543,1,mode_2,0.66,True,0.0
reinforced,62,80,mode_2,0.9671801670063541,0.18990166321136664,1.9336687518266615,1.6092224725408708,1,mode_2,0.66,True,0.0
reinforced,62,100,mode_2,0.9733714712669362,0.15973137442742952,2.218886805543697,1.9349197468039105,1,mode_2,0.66,True,0.0
reinforced,62,120,mode_2,0.9768584244985551,0.14210476857304644,2.4521686304068395,2.2042315077606447,1,mode_2,0.66,True,0.0
reinforced,62,140,mode_2,0.9790249278846814,0.13088656356232245,2.6429714533777444,2.426254962568918,1,mode_2,0.66,True,0.0
reinforced,62,160,mode_2,0.9800153467958832,0.12568350057301136,2.690157463999668,2.5,1,mode_2,0.66,True,0.0
reinforced,62,180,mode_2,0.9799119753393051,0.12622875277187146,2.6683294988142774,2.5,1,mode_2,0.66,True,0.0
reinforced,62,200,mode_2,0.9800057204317261,0.12573427640661508,2.6504150848145023,2.5,1,mode_2,0.66,True,0.0
reinforced,62,220,mode_2,0.9801122933460843,0.12517169943893797,2.6357319973586075,2.5,1,mode_2,0.66,True,0.0
reinforced,62,240,mode_2,0.9800623866139766,0.12543532989692135,2.623703547638418,2.5,1,mode_2,0.66,True,0.0
reinforced,63,0,mixed_3_4,0.3598143116715917,1.4603964191813783,0.0,0.0,5,mixed_1_3_4;mixed_2_3_4;mixed_3_4;mode_3;mode_4,0.18,False,0.6
reinforced,63,20,mode_3,0.46041715817962553,1.3062547615241806,0.637325718409692,0.25299536991717264,1,mode_3,0.66,True,0.0
reinforced,63,40,mode_3,0.7277086104698144,0.8489804124167619,1.1585988450061182,0.5852279287387229,1,mode_3,0.66,True,0.0
reinforced,63,60,mode_3,0.9308724268702284,0.3428451795067243,1.5849517516323344,1.025287970907085,1,mode_3,0.66,True,0.0
reinforced,63,80,mode_3,0.9616149787120618,0.21581494745207155,1.9336687518266615,1.4452957078382278,1,mode_3,0.66,True,0.0
reinforced,63,100,mode_3,0.9705103265178663,0.173794221041482,2.2188868055436957,1.7983187635615876,1,mode_3,0.66,True,0.0
reinforced,63,120,mode_3,0.9752731166862562,0.15016401772184898,2.4521686304068386,2.091104776299427,1,mode_3,0.66,True,0.0
reinforced,63,140,mode_3,0.9779606914624931,0.13641508154669918,2.6429714533777453,2.332881146915887,1,mode_3,0.66,True,0.0
reinforced,63,160,mode_3,0.9797546693045587,0.12705185801726998,2.7669675030010104,2.5,1,mode_3,0.66,True,0.0
reinforced,63,180,mode_3,0.9798600829424258,0.12649963652690402,2.731212555016068,2.5,1,mode_3,0.66,True,0.0
reinforced,63,200,mode_3,0.9798834527261857,0.1263770345801809,2.701913038277242,2.5,1,mode_3,0.66,True,0.0
reinforced,63,220,mode_3,0.9799558002025173,0.12599492192609352,2.677877482719614,2.5,1,mode_3,0.66,True,0.0
reinforced,63,240,mode_3,0.9801408957789811,0.1250178900324773,2.6582205093834514,2.5,1,mode_3,0.66,True,0.0
no_reinforcement,0,0,mixed_0_1_4,0.3515795312893394,1.5125509802763888,0.0,0.0,5,mixed_1_2;mixed_1_3;mode_0;mode_1;mode_4,0.060000000000000005,False,1.0
no_reinforcement,0,20,mixed_0_1_4,0.3712009499258686,1.4994192367003163,0.0,0.0,5,mixed_1_2;mixed_1_3;mode_0;mode_1;mode_4,0.060000000000000005,False,1.0
no_reinforcement,0,40,mixed_0_1_4,0.39620553266664416,1.479659039840383,0.0,0.0,5,mixed_1_2;mixed_1_3;mode_0;mode_1;mode_4,0.060000000000000005,False,1.0
no_reinforcement,0,60,mixed_0_1_4,0.41679171780896807,1.463058650295175,0.0,0.0,5,mixed_1_2;mixed_1_3;mode_0;mode_1;mode_4,0.060000000000000005,False,1.0
no_reinforcement,0,80,mode_1,0.4405222023011442,1.4422073818777053,0.0,0.0,5,mixed_0_1;mixed_1_2;mixed_1_3;mode_1;mode_4,0.18,False,0.5
no_reinforcement,0,100,mode_1,0.47085814803732645,1.4092680662826473,0.0,0.0,5,mixed_0_1;mixed_1_2;mixed_1_3;mixed_1_4;mode_1,0.24000000000000002,False,0.5
no_reinforcement,0,120,mode_1,0.48332061271284876,1.39703742489079,0.0,0.0,4,mixed_0_1;mixed_1_3;mixed_1_4;mode_1,0.24000000000000002,False,0.5
no_reinforcement,0,140,mode_1,0.49226279880915147,1.3861075222938355,0.0,0.0,4,mixed_0_1;mixed_1_3;mixed_1_4;mode_1,0.24000000000000002,False,0.5
no_reinforcement,0,160,mode_1,0.5058803899025861,1.3680727178907406,0.0,0.0,4,mixed_0_1;mixed_1_3;mixed_1_4;mode_1,0.30000000000000004,False,0.5
no_reinforcement,0,180,mode_1,0.514273277493213,1.3587433757237588,0.0,0.0,3,mixed_0_1;mixed_1_4;mode_1,0.30000000000000004,False,0.5
no_reinforcement,0,200,mode_1,0.5162929993883856,1.3541624025969479,0.0,0.0,3,mixed_0_1;mixed_1_4;mode_1,0.30000000000000004,False,0.5
no_reinforcement,0,220,mode_1,0.5182462748880483,1.352032783977422,0.0,0.0,3,mixed_0_1;mixed_1_4;mode_1,0.30000000000000004,False,0.5
no_reinforcement,0,240,mode_1,0.5271226618911125,1.3393491709064316,0.0,0.0,3,mixed_0_1;mixed_1_4;mode_1,0.30000000000000004,False,0.5
no_reinforcement,1,0,mixed_0_2_4,0.3455299251821751,1.4664025171423416,0.0,0.0,5,mixed_1_2_4;mixed_2_3_4;mode_0;mode_2;mode_4,0.24000000000000002,False,0.6
no_reinforcement,1,20,mixed_0_2_4,0.36375638915695485,1.4570432489215968,0.0,0.0,5,mixed_2_3_4;mixed_2_4;mode_0;mode_2;mode_4,0.060000000000000005,False,0.8
no_reinforcement,1,40,mixed_0_2_4,0.3911062726967606,1.4440161645252667,0.0,0.0,5,mixed_2_3;mixed_2_4;mode_0;mode_2;mode_4,0.060000000000000005,False,1.0
no_reinforcement,1,60,mixed_0_2_4,0.41550139990720625,1.4245336618750584,0.0,0.0,3,mode_0;mode_2;mode_4,0.060000000000000005,False,1.0
no_reinforcement,1,80,mixed_0_2_4,0.41941456898292123,1.4248391704375185,0.0,0.0,3,mode_0;mode_2;mode_4,0.060000000000000005,False,1.0
no_reinforcement,1,100,mode_2,0.43755429236715476,1.4131909246002214,0.0,0.0,3,mode_0;mode_2;mode_4,0.18,False,0.5
no_reinforcement,1,120,mode_2,0.45311127488919817,1.4029876804944337,0.0,0.0,3,mode_0;mode_2;mode_4,0.18,False,0.5
no_reinforcement,1,140,mode_2,0.4790783792138114,1.3756682267137568,0.0,0.0,3,mixed_0_2;mode_2;mode_4,0.24000000000000002,False,0.5
no_reinforcement,1,160,mode_2,0.49048846473048546,1.365647809260379,0.0,0.0,3,mixed_0_2;mode_2;mode_4,0.24000000000000002,False,0.5
no_reinforcement,1,180,mode_2,0.5116281704905515,1.3418314483690195,0.0,0.0,3,mixed_0_2;mode_2;mode_4,0.30000000000000004,False,0.5
no_reinforcement,1,200,mode_2,0.5136137821357458,1.3413430177796826,0.0,0.0,3,mixed_0_2;mode_2;mode_4,0.30000000000000004,False,0.5
no_reinforcement,1,220,mode_2,0.521391391575495,1.33119225957994,0.0,0.0,3,mixed_0_2;mixed_2_4;mode_2,0.30000000000000004,False,0.5
no_reinforcement,1,240,mode_2,0.511220201217821,1.3429694197118673,0.0,0.0,3,mixed_0_2;mode_2;mode_4,0.30000000000000004,False,0.5
no_reinforcement,2,0,mode_2,0.6042722327133633,1.204488499868238,0.0,0.0,1,mode_2,0.66,True,0.25
no_reinforcement,2,20,mode_2,0.6222982364767911,1.173739348490677,0.0,0.0,1,mode_2,0.66,True,0.25
no_reinforcement,2,40,mode_2,0.6314685481580288,1.1592970041122028,0.0,0.0,1,mode_2,0.66,True,0.0
no_reinforcement,2,60,mode_2,0.6294151259084473,1.1646793950255765,0.0,0.0,1,mode_2,0.66,True,0.25
no_reinforcement,2,80,mode_2,0.6323190905583753,1.160684969786796,0.0,0.0,1,mode_2,0.66,True,0.0
no_reinforcement,2,100,mode_2,0.6343765746158659,1.1563204446162774,0.0,0.0,1,mode_2,0.66,True,0.0
no_reinforcement,2,120,mode_2,0.6367571791687299,1.1534222047837766,0.0,0.0,1,mode_2,0.66,True,0.0
no_reinforcement,2,140,mode_2,0.6314503824377248,1.1616372901990042,0.0,0.0,1,mode_2,0.66,True,0.0
no_reinforcement,2,160,mode_2,0.6304808697432209,1.1639838438425263,0.0,0.0,1,mode_2,0.66,True,0.0
no_reinforcement,2,180,mode_2,0.6333717016296627,1.159168294850983,0.0,0.0,1,mode_2,0.66,True,0.0
no_reinforcement,2,200,mode_2,0.6342307450029051,1.158101543423608,0.0,0.0,1,mode_2,0.66,True,0.0
no_reinforcement,2,220,mode_2,0.6383402550285983,1.1500202847581422,0.0,0.0,1,mode_2,0.66,True,0.0
no_reinforcement,2,240,mode_2,0.6394044659961756,1.1476366890474183,0.0,0.0,1,mode_2,0.66,True,0.0
no_reinforcement,3,0,mixed_0_1_3,0.3340347803638727,1.4931500938564688,0.0,0.0,5,mixed_0_1;mixed_0_1_4;mode_0;mode_1;mode_3,0.060000000000000005,False,0.8
no_reinforcement,3,20,mixed_0_1_3,0.3491959604389782,1.486269857031521,0.0,0.0,5,mixed_0_1;mixed_0_4;mode_0;mode_1;mode_3,0.060000000000000005,False,0.8
no_reinforcement,3,40,mixed_0_1_3,0.3732740528118137,1.470580058526885,0.0,0.0,5,mixed_0_1;mixed_0_4;mode_0;mode_1;mode_3,0.060000000000000005,False,0.8
no_reinforcement,3,60,mixed_0_1,0.392360559935749,1.4575310587762211,0.0,0.0,5,mixed_0_1;mixed_0_4;mode_0;mode_1;mode_3,0.060000000000000005,False,0.8
no_reinforcement,3,80,mixed_0_1,0.40923957326851224,1.4440651711777521,0.0,0.0,4,mixed_0_4;mode_0;mode_1;mode_3,0.060000000000000005,False,0.8
no_reinforcement,3,100,mode_0,0.4352697588729093,1.4233870686290266,0.0,0.0,4,mixed_0_4;mode_0;mode_1;mode_3,0.18,False,0.5
no_reinforcement,3,120,mode_0,0.4497358679569075,1.4110730480535019,0.0,0.0,4,mixed_0_3;mixed_0_4;mode_0;mode_1,0.18,False,0.5
no_reinforcement,3,140,mode_0,0.46643818799348835,1.391654675559784,0.0,0.0,4,mixed_0_3;mixed_0_4;mode_0;mode_1,0.24000000000000002,False,0.5
no_reinforcement,3,160,mode_0,0.48248495143013104,1.3762801634391162,0.0,0.0,4,mixed_0_3;mixed_0_4;mode_0;mode_1,0.24000000000000002,False,0.5
no_reinforcement,3,180,mode_0,0.4968174816374352,1.3596382202396935,0.0,0.0,4,mixed_0_3;mixed_0_4;mode_0;mode_1,0.24000000000000002,False,0.5
no_reinforcement,3,200,mode_0,0.5022552134736669,1.3532159286800347,0.0,0.0,4,mixed_0_3;mixed_0_4;mode_0;mode_1,0.30000000000000004,False,0.5
no_reinforcement,3,220,mode_0,0.49429227212577176,1.3657139768208628,0.0,0.0,4,mixed_0_3;mixed_0_4;mode_0;mode_1,0.24000000000000002,False,0.5
no_reinforcement,3,240,mode_0,0.49063139315272414,1.3721353753476877,0.0,0.0,4,mixed_0_3;mixed_0_4;mode_0;mode_1,0.24000000000000002,False,0.5
no_reinforcement,4,0,mixed_0_3,0.3837126817794653,1.3837908729095785,0.0,0.0,5,mixed_0_1_3;mixed_0_2_3;mixed_0_3;mode_0;mode_3,0.36,False,0.8
no_reinforcement,4,20,mixed_0_3,0.390366832244154,1.3727114566203993,0.0,0.0,5,mixed_0_1_3;mixed_0_2_3;mixed_0_3;mode_0;mode_3,0.36,False,0.8
no_reinforcement,4,40,mixed_0_3,0.4002100853568321,1.3662960205863632,0.0,0.0,5,mixed_0_1_3;mixed_0_2_3;mixed_0_3;mode_0;mode_3,0.36,False,0.8
no_reinforcement,4,60,mixed_0_3,0.40128825449705874,1.3585296011867822,0.0,0.0,5,mixed_0_1_3;mixed_0_2_3;mixed_0_3;mode_0;mode_3,0.36,False,0.8
no_reinforcement,4,80,mixed_0_3,0.40406186024890056,1.3624010620820575,0.0,0.0,5,mixed_0_1_3;mixed_0_2_3;mixed_0_3;mode_0;mode_3,0.36,False,0.8
no_reinforcement,4,100,mixed_0_3,0.40829964457909634,1.3579321503836816,0.0,0.0,5,mixed_0_1_3;mixed_0_2_3;mixed_0_3;mode_0;mode_3,0.060000000000000005,False,0.8
no_reinforcement,4,120,mixed_0_3,0.4186011521677772,1.3563405227606067,0.0,0.0,5,mixed_0_1_3;mixed_0_2_3;mixed_0_3;mode_0;mode_3,0.060000000000000005,False,0.8
no_reinforcement,4,140,mode_0,0.4312029724633461,1.3456544484307769,0.0,0.0,5,mixed_0_1_3;mixed_0_2_3;mixed_0_3;mode_0;mode_3,0.36,False,0.75
no_reinforcement,4,160,mode_0,0.4293845671396358,1.353732027321985,0.0,0.0,5,mixed_0_1_3;mixed_0_2_3;mixed_0_3;mode_0;mode_3,0.36,False,0.75
no_reinforcement,4,180,mode_0,0.4300529553156596,1.3499212761974482,0.0,0.0,5,mixed_0_1_3;mixed_0_2_3;mixed_0_3;mode_0;mode_3,0.30000000000000004,False,0.5
no_reinforcement,4,200,mode_0,0.4248039846377431,1.3586292105050655,0.0,0.0,5,mixed_0_1_3;mixed_0_2_3;mixed_0_3;mode_0;mode_3,0.30000000000000004,False,0.5
no_reinforcement,4,220,mode_0,0.426757861659825,1.3543855176984159,0.0,0.0,5,mixed_0_1_3;mixed_0_2_3;mixed_0_3;mode_0;mode_3,0.30000000000000004,False,0.5
no_reinforcement,4,240,mode_0,0.4377194345678236,1.3494076627891285,0.0,0.0,4,mixed_0_1_3;mixed_0_2_3;mode_0;mode_3,0.36,False,0.5
no_reinforcement,5,0,mode_4,0.5770044871637369,1.2650455655534025,0.0,0.0,1,mode_4,0.66,True,0.25
no_reinforcement,5,20,mode_4,0.588556562617868,1.2451648742604986,0.0,0.0,1,mode_4,0.66,True,0.25
no_reinforcement,5,40,mode_4,0.5917978446475762,1.2398460532401285,0.0,0.0,1,mode_4,0.66,True,0.25
no_reinforcement,5,60,mode_4,0.6020559660552056,1.222304535976744,0.0,0.0,1,mode_4,0.66,True,0.25
no_reinforcement,5,80,mode_4,0.6075705280031932,1.2125112175221573,0.0,0.0,1,mode_4,0.66,True,0.0
no_reinforcement,5,100,mode_4,0.6119954525247995,1.204342988040493,0.0,0.0,1,mode_4,0.66,True,0.0
no_reinforcement,5,120,mode_4,0.6104404952776434,1.2076371758474826,0.0,0.0,1,mode_4,0.66,True,0.0
no_reinforcement,5,140,mode_4,0.6129841881599302,1.2027746175273109,0.0,0.0,1,mode_4,0.66,True,0.0
no_reinforcement,5,160,mode_4,0.6126235827866295,1.2034906700717647,0.0,0.0,1,mode_4,0.66,True,0.0
no_reinforcement,5,180,mode_4,0.6012498799498608,1.2238254055147901,0.0,0.0,1,mode_4,0.66,True,0.25
no_reinforcement,5,200,mode_4,0.6070789565225235,1.213600301375473,0.0,0.0,1,mode_4,0.66,True,0.0
no_reinforcement,5,220,mode_4,0.6130835099503752,1.202820421703446,0.0,0.0,1,mode_4,0.66,True,0.0
no_reinforcement,5,240,mode_4,0.6137891105555555,1.2011980249956766,0.0,0.0,1,mode_4,0.66,True,0.0
no_reinforcement,6,0,mode_2,0.6315410894788455,1.1666654772035252,0.0,0.0,1,mode_2,0.66,True,0.0
no_reinforcement,6,20,mode_2,0.6397127011544268,1.151146267766509,0.0,0.0,1,mode_2,0.66,True,0.0
no_reinforcement,6,40,mode_2,0.6479025318126107,1.1352500786427184,0.0,0.0,1,mode_2,0.66,True,0.0
no_reinforcement,6,60,mode_2,0.6462798919667231,1.1384772874889009,0.0,0.0,1,mode_2,0.66,True,0.0
no_reinforcement,6,80,mode_2,0.6421863571966786,1.1464965462236616,0.0,0.0,1,mode_2,0.66,True,0.0
no_reinforcement,6,100,mode_2,0.6358669232743503,1.1586427440804998,0.0,0.0,1,mode_2,0.66,True,0.0
no_reinforcement,6,120,mode_2,0.6354563395928169,1.1593393540071724,0.0,0.0,1,mode_2,0.66,True,0.0
no_reinforcement,6,140,mode_2,0.6380914891892817,1.1542755977865564,0.0,0.0,1,mode_2,0.66,True,0.0
no_reinforcement,6,160,mode_2,0.643951112860081,1.1433417646721291,0.0,0.0,1,mode_2,0.66,True,0.0
no_reinforcement,6,180,mode_2,0.6459214260949732,1.139492572671372,0.0,0.0,1,mode_2,0.66,True,0.0
no_reinforcement,6,200,mode_2,0.6446035158560443,1.1413965753770419,0.0,0.0,1,mode_2,0.66,True,0.0
no_reinforcement,6,220,mode_2,0.6470256326258452,1.1366292396492774,0.0,0.0,1,mode_2,0.66,True,0.0
no_reinforcement,6,240,mode_2,0.6428581905688536,1.1449282245928063,0.0,0.0,1,mode_2,0.66,True,0.0
no_reinforcement,7,0,mode_3,0.5949101521567168,1.2311214415469611,0.0,0.0,1,mode_3,0.66,True,0.25
no_reinforcement,7,20,mode_3,0.610042294942285,1.2038968856468901,0.0,0.0,1,mode_3,0.66,True,0.25
no_reinforcement,7,40,mode_3,0.6202233127980995,1.1867247915542993,0.0,0.0,1,mode_3,0.66,True,0.0
no_reinforcement,7,60,mode_3,0.6220434682936444,1.1843737254822204,0.0,0.0,1,mode_3,0.66,True,0.0
no_reinforcement,7,80,mode_3,0.6234559319392415,1.1818868720944862,0.0,0.0,1,mode_3,0.66,True,0.0
no_reinforcement,7,100,mode_3,0.6127083684891819,1.2017339913665532,0.0,0.0,1,mode_3,0.66,True,0.25
no_reinforcement,7,120,mode_3,0.6175008188207755,1.1930355462429993,0.0,0.0,1,mode_3,0.66,True,0.0
no_reinforcement,7,140,mode_3,0.6170113650050711,1.1931560756604658,0.0,0.0,1,mode_3,0.66,True,0.25
no_reinforcement,7,160,mode_3,0.6163317464901633,1.1944162913791156,0.0,0.0,1,mode_3,0.66,True,0.25
no_reinforcement,7,180,mode_3,0.6257355648112629,1.1772868265685597,0.0,0.0,1,mode_3,0.66,True,0.0
no_reinforcement,7,200,mode_3,0.6136988094410994,1.1992120649535862,0.0,0.0,1,mode_3,0.66,True,0.25
no_reinforcement,7,220,mode_3,0.6242029122571816,1.1806195763398273,0.0,0.0,1,mode_3,0.66,True,0.0
no_reinforcement,7,240,mode_3,0.6197907492734757,1.1881407112027143,0.0,0.0,1,mode_3,0.66,True,0.0
no_reinforcement,8,0,mode_2,0.4276180774488598,1.353143651650171,0.0,0.0,4,mixed_1_2_4;mixed_2_4;mode_2;mode_4,0.36,False,0.5
no_reinforcement,8,20,mode_2,0.43059567732297166,1.3508871961476212,0.0,0.0,3,mixed_1_2_4;mode_2;mode_4,0.42,False,0.5
no_reinforcement,8,40,mode_2,0.4312387146361315,1.3561821738488216,0.0,0.0,3,mixed_1_2_4;mode_2;mode_4,0.42,False,0.5
no_reinforcement,8,60,mode_2,0.4415641509351047,1.339757966827456,0.0,0.0,3,mixed_1_2_4;mode_2;mode_4,0.42,False,0.5
no_reinforcement,8,80,mode_2,0.4556908875903856,1.3273790677095116,0.0,0.0,2,mode_2;mode_4,0.48000000000000004,False,0.5
no_reinforcement,8,100,mode_2,0.45657343114839355,1.3276132550142201,0.0,0.0,2,mode_2;mode_4,0.48000000000000004,False,0.5
no_reinforcement,8,120,mode_2,0.4580734851172036,1.3344681689245712,0.0,0.0,2,mode_2;mode_4,0.48000000000000004,False,0.5
no_reinforcement,8,140,mode_2,0.4603286206975088,1.3355566626976887,0.0,0.0,2,mode_2;mode_4,0.48000000000000004,False,0.5
no_reinforcement,8,160,mode_2,0.4675405161381305,1.3255265133060754,0.0,0.0,2,mode_2;mode_4,0.54,False,0.5
no_reinforcement,8,180,mode_2,0.4750108892650263,1.3250418317292572,0.0,0.0,2,mode_2;mode_4,0.54,False,0.5
no_reinforcement,8,200,mode_2,0.4718542927594719,1.3291213883453628,0.0,0.0,2,mode_2;mode_4,0.54,False,0.5
no_reinforcement,8,220,mode_2,0.4823626395515807,1.3217994140334037,0.0,0.0,2,mode_2;mode_4,0.54,False,0.5
no_reinforcement,8,240,mode_2,0.5003336699533414,1.3115796624828602,0.0,0.0,2,mode_2;mode_4,0.6000000000000001,False,0.5
no_reinforcement,9,0,mode_3,0.476044667144016,1.3858595967726548,0.0,0.0,4,mixed_2_3;mixed_3_4;mode_0;mode_3,0.42,False,0.75
no_reinforcement,9,20,mode_3,0.5083869898724486,1.3467030451295297,0.0,0.0,2,mixed_0_3;mode_3,0.48000000000000004,False,0.75
no_reinforcement,9,40,mode_3,0.5304902191663603,1.3221374965631132,0.0,0.0,2,mixed_0_3;mode_3,0.48000000000000004,False,0.5
no_reinforcement,9,60,mode_3,0.5603186554161221,1.2784405404217385,0.0,0.0,2,mixed_0_3;mode_3,0.54,False,0.75
no_reinforcement,9,80,mode_3,0.5714091702536586,1.265540577237502,0.0,0.0,2,mixed_0_3;mode_3,0.54,False,0.5
no_reinforcement,9,100,mode_3,0.5666224098662842,1.2733853217893698,0.0,0.0,2,mixed_0_3;mode_3,0.54,False,0.75
no_reinforcement,9,120,mode_3,0.5646566391880721,1.2783153720471931,0.0,0.0,2,mixed_0_3;mode_3,0.54,False,0.75
no_reinforcement,9,140,mode_3,0.57100651431312,1.2677391697754088,0.0,0.0,2,mixed_0_3;mode_3,0.54,False,0.5
no_reinforcement,9,160,mode_3,0.5738666139717742,1.2640562663385013,0.0,0.0,2,mixed_0_3;mode_3,0.54,False,0.5
no_reinforcement,9,180,mode_3,0.5712929805807871,1.2675232766858662,0.0,0.0,2,mixed_0_3;mode_3,0.54,False,0.5
no_reinforcement,9,200,mode_3,0.5747649150091129,1.2612798748429959,0.0,0.0,2,mixed_0_3;mode_3,0.54,False,0.5
no_reinforcement,9,220,mode_3,0.5724111438286329,1.2664244702572969,0.0,0.0,2,mixed_0_3;mode_3,0.54,False,0.5
no_reinforcement,9,240,mode_3,0.5748252648501393,1.2619438245910857,0.0,0.0,2,mixed_0_3;mode_3,0.54,False,0.5
no_reinforcement,10,0,mixed_0_1,0.36529310417875943,1.452556583851463,0.0,0.0,5,mixed_0_1;mixed_0_1_3;mixed_0_1_4;mode_0;mode_1,0.18,False,0.6
no_reinforcement,10,20,mixed_0_1,0.3853838604290171,1.4244271557697832,0.0,0.0,5,mixed_0_1;mixed_0_1_3;mixed_0_1_4;mode_0;mode_1,0.24000000000000002,False,0.8
no_reinforcement,10,40,mixed_0_1,0.3948282655817033,1.413836614286113,0.0,0.0,5,mixed_0_1;mixed_0_1_3;mixed_0_1_4;mode_0;mode_1,0.18,False,0.6
no_reinforcement,10,60,mixed_0_1,0.39802294117367537,1.4129350108260104,0.0,0.0,5,mixed_0_1;mixed_0_1_3;mixed_0_1_4;mode_0;mode_1,0.060000000000000005,False,0.8
no_reinforcement,10,80,mixed_0_1,0.40424091083319463,1.4100799165105284,0.0,0.0,5,mixed_0_1;mixed_0_1_3;mixed_0_1_4;mode_0;mode_1,0.060000000000000005,False,0.8
no_reinforcement,10,100,mixed_0_1,0.41938747685821637,1.40511289556819,0.0,0.0,4,mixed_1_3;mixed_1_4;mode_0;mode_1,0.060000000000000005,False,0.8
no_reinforcement,10,120,mode_1,0.4359302372595939,1.3874878813321128,0.0,0.0,4,mixed_1_3;mixed_1_4;mode_0;mode_1,0.24000000000000002,False,0.5
no_reinforcement,10,140,mode_1,0.4347104442406806,1.3887931660297768,0.0,0.0,4,mixed_1_3;mixed_1_4;mode_0;mode_1,0.24000000000000002,False,0.5
no_reinforcement,10,160,mode_1,0.4339458896564283,1.3905174589886529,0.0,0.0,4,mixed_1_3;mixed_1_4;mode_0;mode_1,0.24000000000000002,False,0.5
no_reinforcement,10,180,mode_1,0.43991468728769406,1.3893822729222425,0.0,0.0,4,mixed_1_3;mixed_1_4;mode_0;mode_1,0.30000000000000004,False,0.75
no_reinforcement,10,200,mode_1,0.4478542356060769,1.384137401438436,0.0,0.0,4,mixed_1_3;mixed_1_4;mode_0;mode_1,0.30000000000000004,False,0.75
no_reinforcement,10,220,mode_1,0.46869454797132176,1.3642648554644767,0.0,0.0,4,mixed_1_3;mixed_1_4;mode_0;mode_1,0.36,False,0.75
no_reinforcement,10,240,mode_1,0.4723464387230895,1.3671669005927187,0.0,0.0,4,mixed_1_3;mixed_1_4;mode_0;mode_1,0.36,False,0.75
no_reinforcement,11,0,mode_1,0.62819763003705,1.1732854670174948,0.0,0.0,1,mode_1,0.66,True,0.0
no_reinforcement,11,20,mode_1,0.6333785509673436,1.1632456417990558,0.0,0.0,1,mode_1,0.66,True,0.0
no_reinforcement,11,40,mode_1,0.6403560613697034,1.1506918455451274,0.0,0.0,1,mode_1,0.66,True,0.0
no_reinforcement,11,60,mode_1,0.6506798583437765,1.1301858368123874,0.0,0.0,1,mode_1,0.66,True,0.0
no_reinforcement,11,80,mode_1,0.6396704253403527,1.151894569965434,0.0,0.0,1,mode_1,0.66,True,0.0
no_reinforcement,11,100,mode_1,0.6374807542216394,1.1561041586311527,0.0,0.0,1,mode_1,0.66,True,0.0
no_reinforcement,11,120,mode_1,0.6423780099143125,1.1463825199386977,0.0,0.0,1,mode_1,0.66,True,0.0
no_reinforcement,11,140,mode_1,0.6450751561181999,1.1411151553487586,0.0,0.0,1,mode_1,0.66,True,0.0
no_reinforcement,11,160,mode_1,0.6420709851281312,1.1473081024510128,0.0,0.0,1,mode_1,0.66,True,0.0
no_reinforcement,11,180,mode_1,0.640609200722671,1.1500733713313416,0.0,0.0,1,mode_1,0.66,True,0.0
no_reinforcement,11,200,mode_1,0.6424914544582792,1.146014531485882,0.0,0.0,1,mode_1,0.66,True,0.0
no_reinforcement,11,220,mode_1,0.645419193221652,1.1399412271067997,0.0,0.0,1,mode_1,0.66,True,0.0
no_reinforcement,11,240,mode_1,0.6363673645208746,1.15782574473192,0.0,0.0,1,mode_1,0.66,True,0.0
no_reinforcement,12,0,mixed_0_4,0.33021462197889345,1.5191436594830818,0.0,0.0,5,mixed_0_1_4;mixed_0_2;mixed_0_3;mode_0;mode_4,0.12000000000000001,False,0.6
no_reinforcement,12,20,mixed_0_4,0.3530891562665935,1.5046657716492124,0.0,0.0,5,mixed_0_1_4;mixed_0_2;mixed_0_3;mode_0;mode_4,0.18,False,0.6
no_reinforcement,12,40,mixed_0_4,0.37953508556624405,1.4832728374608024,0.0,0.0,5,mixed_0_1;mixed_0_2;mixed_0_3;mode_0;mode_4,0.060000000000000005,False,0.8
no_reinforcement,12,60,mixed_0_4,0.4107407581412582,1.4586443541689589,0.0,0.0,5,mixed_0_1;mixed_0_2;mixed_0_3;mode_0;mode_4,0.060000000000000005,False,0.8
no_reinforcement,12,80,mixed_0_4,0.4187155660423501,1.4488344521537346,0.0,0.0,5,mixed_0_1;mixed_0_2;mixed_0_3;mode_0;mode_4,0.060000000000000005,False,1.0
no_reinforcement,12,100,mode_0,0.4391495708333024,1.4279046478916773,0.0,0.0,5,mixed_0_1;mixed_0_2;mixed_0_3;mode_0;mode_4,0.24000000000000002,False,0.75
no_reinforcement,12,120,mode_0,0.4411514595605571,1.426606621239044,0.0,0.0,5,mixed_0_1;mixed_0_2;mixed_0_3;mode_0;mode_4,0.24000000000000002,False,0.75
no_reinforcement,12,140,mode_0,0.4531100115581809,1.4180488472911472,0.0,0.0,5,mixed_0_1;mixed_0_2;mixed_0_3;mode_0;mode_4,0.30000000000000004,False,0.75
no_reinforcement,12,160,mode_0,0.4432855044252568,1.4305906259862815,0.0,0.0,5,mixed_0_1;mixed_0_2;mixed_0_3;mode_0;mode_4,0.24000000000000002,False,0.75
no_reinforcement,12,180,mode_0,0.45006303725327695,1.4214369179964468,0.0,0.0,5,mixed_0_1;mixed_0_2;mixed_0_3;mode_0;mode_4,0.30000000000000004,False,0.75
no_reinforcement,12,200,mode_0,0.46408965116445494,1.4087713665181583,0.0,0.0,5,mixed_0_1;mixed_0_2;mixed_0_3;mode_0;mode_4,0.30000000000000004,False,0.75
no_reinforcement,12,220,mode_0,0.4731315297743682,1.4025468811341686,0.0,0.0,5,mixed_0_1;mixed_0_2;mixed_0_3;mode_0;mode_4,0.30000000000000004,False,0.75
no_reinforcement,12,240,mode_0,0.4929954253294059,1.382046834155619,0.0,0.0,4,mixed_0_2;mixed_0_3;mode_0;mode_4,0.36,False,0.75
no_reinforcement,13,0,mode_0,0.4569841919033287,1.3912302638188114,0.0,0.0,3,mixed_0_2;mode_0;mode_4,0.36,False,0.5
no_reinforcement,13,20,mode_0,0.48708942033383174,1.357965639971958,0.0,0.0,3,mixed_0_2;mixed_0_4;mode_0,0.36,False,0.5
no_reinforcement,13,40,mode_0,0.5146813953084485,1.327916909159931,0.0,0.0,3,mixed_0_2;mixed_0_4;mode_0,0.42,False,0.5
no_reinforcement,13,60,mode_0,0.5322822515736263,1.3074129486584374,0.0,0.0,2,mixed_0_4;mode_0,0.48000000000000004,False,0.5
no_reinforcement,13,80,mode_0,0.5455789546284133,1.2901293919930923,0.0,0.0,2,mixed_0_4;mode_0,0.48000000000000004,False,0.5
no_reinforcement,13,100,mode_0,0.5462589449216768,1.29337750814488,0.0,0.0,2,mixed_0_4;mode_0,0.48000000000000004,False,0.5
no_reinforcement,13,120,mode_0,0.5701166242816816,1.2581475502537498,0.0,0.0,2,mixed_0_4;mode_0,0.48000000000000004,False,0.5
no_reinforcement,13,140,mode_0,0.5764656152040681,1.2482450283229811,0.0,0.0,2,mixed_0_4;mode_0,0.54,False,0.5
no_reinforcement,13,160,mode_0,0.5800756235503541,1.2421614706534587,0.0,0.0,2,mixed_0_4;mode_0,0.54,False,0.5
no_reinforcement,13,180,mode_0,0.5733979918846173,1.2566351869018457,0.0,0.0,2,mixed_0_4;mode_0,0.54,False,0.5
no_reinforcement,13,200,mode_0,0.5774318865544662,1.2483141141911407,0.0,0.0,2,mixed_0_4;mode_0,0.54,False,0.5
no_reinforcement,13,220,mode_0,0.5855396556825296,1.238891422515936,0.0,0.0,2,mixed_0_4;mode_0,0.54,False,0.5
no_reinforcement,13,240,mode_0,0.5852445313911243,1.2393069616216656,0.0,0.0,2,mixed_0_4;mode_0,0.54,False,0.5
no_reinforcement,14,0,mixed_0_1_3,0.3217378163925138,1.5261075562521145,0.0,0.0,5,mixed_1_2;mixed_1_4;mode_0;mode_1;mode_3,0.060000000000000005,False,0.8
no_reinforcement,14,20,mixed_0_1_3,0.347621295600526,1.5117670658156028,0.0,0.0,5,mixed_1_2;mixed_1_4;mode_0;mode_1;mode_3,0.060000000000000005,False,0.8
no_reinforcement,14,40,mixed_0_1_3,0.3749252871855675,1.4879339721900298,0.0,0.0,5,mixed_1_2;mixed_1_4;mode_0;mode_1;mode_3,0.060000000000000005,False,1.0
no_reinforcement,14,60,mixed_1_3,0.41546544134323965,1.4617841744483462,0.0,0.0,5,mixed_1_2;mixed_1_4;mode_0;mode_1;mode_3,0.060000000000000005,False,1.0
no_reinforcement,14,80,mode_1,0.44658751470649444,1.4328929452615273,0.0,0.0,4,mixed_0_1;mixed_1_2;mode_1;mode_3,0.18,False,0.5
no_reinforcement,14,100,mode_1,0.4664214777077124,1.413920519610361,0.0,0.0,4,mixed_0_1;mixed_1_2;mixed_1_3;mode_1,0.24000000000000002,False,0.5
no_reinforcement,14,120,mode_1,0.4913286376643079,1.3849021734655402,0.0,0.0,4,mixed_0_1;mixed_1_2;mixed_1_3;mode_1,0.24000000000000002,False,0.5
no_reinforcement,14,140,mode_1,0.5131361791483366,1.3553436684972686,0.0,0.0,4,mixed_0_1;mixed_1_2;mixed_1_3;mode_1,0.30000000000000004,False,0.5
no_reinforcement,14,160,mode_1,0.5215771672627315,1.345799517576305,0.0,0.0,4,mixed_0_1;mixed_1_2;mixed_1_3;mode_1,0.30000000000000004,False,0.5
no_reinforcement,14,180,mode_1,0.5215754222217698,1.3472607407373391,0.0,0.0,4,mixed_0_1;mixed_1_2;mixed_1_3;mode_1,0.30000000000000004,False,0.5
no_reinforcement,14,200,mode_1,0.5296500383229725,1.3360552227903841,0.0,0.0,4,mixed_0_1;mixed_1_2;mixed_1_3;mode_1,0.30000000000000004,False,0.5
no_reinforcement,14,220,mode_1,0.5250550250745506,1.344277415429543,0.0,0.0,4,mixed_0_1;mixed_1_2;mixed_1_3;mode_1,0.30000000000000004,False,0.5
no_reinforcement,14,240,mode_1,0.5298838349483148,1.3357605359456786,0.0,0.0,4,mixed_0_1;mixed_1_2;mixed_1_3;mode_1,0.30000000000000004,False,0.5
no_reinforcement,15,0,mode_1,0.48547640199063224,1.400943121615009,0.0,0.0,3,mixed_0_1;mixed_1_3;mode_1,0.36,False,0.5
no_reinforcement,15,20,mode_1,0.5155463086201297,1.3601584998416048,0.0,0.0,3,mixed_0_1;mixed_1_3;mode_1,0.42,False,0.5
no_reinforcement,15,40,mode_1,0.5473482197812606,1.3135897813322208,0.0,0.0,2,mixed_0_1;mode_1,0.48000000000000004,False,0.5
no_reinforcement,15,60,mode_1,0.5565789824848882,1.2994873575795527,0.0,0.0,1,mode_1,0.48000000000000004,False,0.5
no_reinforcement,15,80,mode_1,0.5599626230882027,1.2937528056211904,0.0,0.0,1,mode_1,0.48000000000000004,False,0.5
no_reinforcement,15,100,mode_1,0.5686947849461886,1.2799232180272861,0.0,0.0,1,mode_1,0.48000000000000004,False,0.5
no_reinforcement,15,120,mode_1,0.5809489270111872,1.2589793214140024,0.0,0.0,1,mode_1,0.54,False,0.5
no_reinforcement,15,140,mode_1,0.5680103576061093,1.2808514936143678,0.0,0.0,1,mode_1,0.48000000000000004,False,0.5
no_reinforcement,15,160,mode_1,0.560121181567755,1.2944872706702049,0.0,0.0,1,mode_1,0.48000000000000004,False,0.5
no_reinforcement,15,180,mode_1,0.554735931139451,1.3031698950120632,0.0,0.0,1,mode_1,0.48000000000000004,False,0.5
no_reinforcement,15,200,mode_1,0.5555443192041793,1.3016271225593585,0.0,0.0,1,mode_1,0.48000000000000004,False,0.5
no_reinforcement,15,220,mode_1,0.559798672899579,1.2942569889082929,0.0,0.0,1,mode_1,0.48000000000000004,False,0.5
no_reinforcement,15,240,mode_1,0.5644299460090749,1.286870939667279,0.0,0.0,1,mode_1,0.48000000000000004,False,0.5
no_reinforcement,16,0,mode_4,0.5177488114921787,1.3274008776202908,0.0,0.0,2,mixed_0_4;mode_4,0.6000000000000001,False,0.5
no_reinforcement,16,20,mode_4,0.5437058951603415,1.2953399664775838,0.0,0.0,2,mixed_0_4;mode_4,0.66,False,0.5
no_reinforcement,16,40,mode_4,0.5634664658522817,1.270445767968229,0.0,0.0,2,mixed_0_4;mode_4,0.66,True,0.25
no_reinforcement,16,60,mode_4,0.5756980025506043,1.255867763915364,0.0,0.0,2,mixed_0_4;mode_4,0.66,True,0.25
no_reinforcement,16,80,mode_4,0.5874498157678757,1.2367164993326545,0.0,0.0,2,mixed_0_4;mode_4,0.66,True,0.25
no_reinforcement,16,100,mode_4,0.5819116062956883,1.248241987023792,0.0,0.0,2,mixed_0_4;mode_4,0.66,True,0.25
no_reinforcement,16,120,mode_4,0.5951314460581785,1.2259104931782285,0.0,0.0,1,mode_4,0.66,True,0.25
no_reinforcement,16,140,mode_4,0.59120448083437,1.2318805256930176,0.0,0.0,1,mode_4,0.66,True,0.25
no_reinforcement,16,160,mode_4,0.594098694211818,1.2272792049980237,0.0,0.0,1,mode_4,0.66,True,0.25
no_reinforcement,16,180,mode_4,0.5961573775505131,1.2229715159057106,0.0,0.0,1,mode_4,0.66,True,0.25
no_reinforcement,16,200,mode_4,0.5958351507044188,1.2238297314289548,0.0,0.0,1,mode_4,0.66,True,0.25
no_reinforcement,16,220,mode_4,0.5959050447772447,1.2247222089206622,0.0,0.0,1,mode_4,0.66,True,0.25
no_reinforcement,16,240,mode_4,0.6010547257183732,1.2174403180306452,0.0,0.0,1,mode_4,0.66,True,0.25
no_reinforcement,17,0,mode_3,0.5304870552210277,1.3149590902575068,0.0,0.0,2,mixed_0_3;mode_3,0.66,False,0.5
no_reinforcement,17,20,mode_3,0.5525829092325271,1.286613030440329,0.0,0.0,2,mixed_0_3;mode_3,0.66,False,0.5
no_reinforcement,17,40,mode_3,0.569745089225537,1.2620260529556622,0.0,0.0,1,mode_3,0.66,True,0.25
no_reinforcement,17,60,mode_3,0.590005840058068,1.2323682476625026,0.0,0.0,1,mode_3,0.66,True,0.25
no_reinforcement,17,80,mode_3,0.5928529981527068,1.22875967210286,0.0,0.0,1,mode_3,0.66,True,0.25
no_reinforcement,17,100,mode_3,0.5980364999575623,1.2192165339086733,0.0,0.0,1,mode_3,0.66,True,0.25
no_reinforcement,17,120,mode_3,0.603836710724681,1.2103937082240264,0.0,0.0,1,mode_3,0.66,True,0.25
no_reinforcement,17,140,mode_3,0.5989321630309701,1.2204928139519466,0.0,0.0,1,mode_3,0.66,True,0.25
no_reinforcement,17,160,mode_3,0.6032050179811155,1.2144844060439515,0.0,0.0,1,mode_3,0.66,True,0.25
no_reinforcement,17,180,mode_3,0.6031008076455102,1.2154029132107413,0.0,0.0,1,mode_3,0.66,True,0.25
no_reinforcement,17,200,mode_3,0.5992739346767139,1.2216292274972707,0.0,0.0,1,mode_3,0.66,True,0.25
no_reinforcement,17,220,mode_3,0.6012035295724084,1.218319000072717,0.0,0.0,1,mode_3,0.66,True,0.25
no_reinforcement,17,240,mode_3,0.5967850605294424,1.2251635329347201,0.0,0.0,1,mode_3,0.66,True,0.25
no_reinforcement,18,0,mixed_0_3,0.31440369889761904,1.5376256933604173,0.0,0.0,5,mixed_0_2_3;mode_0;mode_1;mode_3;mode_4,0.12000000000000001,False,0.6
no_reinforcement,18,20,mixed_0_3,0.3207055603912375,1.5303686737791935,0.0,0.0,5,mixed_0_2_3;mode_0;mode_1;mode_3;mode_4,0.12000000000000001,False,0.6
no_reinforcement,18,40,mixed_0_3,0.33869376915898086,1.517062010871174,0.0,0.0,5,mixed_1_3;mixed_2_3;mode_0;mode_3;mode_4,0.12000000000000001,False,0.6
no_reinforcement,18,60,mixed_0_3,0.34761948076971927,1.5053313835599869,0.0,0.0,5,mixed_1_3;mixed_2_3;mixed_3_4;mode_0;mode_3,0.12000000000000001,False,0.6
no_reinforcement,18,80,mixed_0_3,0.36701095105590414,1.4887465383154617,0.0,0.0,5,mixed_1_3;mixed_2_3;mixed_3_4;mode_0;mode_3,0.18,False,0.6
no_reinforcement,18,100,mixed_0_3,0.38173980828690407,1.4820018321476878,0.0,0.0,5,mixed_1_3;mixed_2_3;mixed_3_4;mode_0;mode_3,0.18,False,0.6
no_reinforcement,18,120,mixed_0_3,0.39293098961563955,1.4764360880746128,0.0,0.0,5,mixed_1_3;mixed_2_3;mixed_3_4;mode_0;mode_3,0.060000000000000005,False,0.8
no_reinforcement,18,140,mixed_0_3,0.40784654945645993,1.465018028043963,0.0,0.0,5,mixed_1_3;mixed_2_3;mixed_3_4;mode_0;mode_3,0.060000000000000005,False,0.8
no_reinforcement,18,160,mode_3,0.42824050695011867,1.4478029832922517,0.0,0.0,5,mixed_1_3;mixed_2_3;mixed_3_4;mode_0;mode_3,0.18,False,0.5
no_reinforcement,18,180,mode_3,0.43549603402164533,1.4404106969137522,0.0,0.0,5,mixed_1_3;mixed_2_3;mixed_3_4;mode_0;mode_3,0.24000000000000002,False,0.75
no_reinforcement,18,200,mode_3,0.44781226954770026,1.432174074479545,0.0,0.0,5,mixed_1_3;mixed_2_3;mixed_3_4;mode_0;mode_3,0.24000000000000002,False,0.75
no_reinforcement,18,220,mode_3,0.45306233857010236,1.428357924270975,0.0,0.0,5,mixed_1_3;mixed_2_3;mixed_3_4;mode_0;mode_3,0.24000000000000002,False,0.75
no_reinforcement,18,240,mode_3,0.4701731493394405,1.4106004726674173,0.0,0.0,5,mixed_1_3;mixed_2_3;mixed_3_4;mode_0;mode_3,0.24000000000000002,False,0.5
no_reinforcement,19,0,mode_1,0.5216758137991117,1.300132727034975,0.0,0.0,2,mixed_0_1;mode_1,0.66,False,0.5
no_reinforcement,19,20,mode_1,0.5537593709386562,1.2658469487613395,0.0,0.0,2,mixed_0_1;mode_1,0.66,True,0.25
no_reinforcement,19,40,mode_1,0.5719282557739862,1.2433618757868898,0.0,0.0,1,mode_1,0.66,True,0.25
no_reinforcement,19,60,mode_1,0.5852450241576587,1.230364307300568,0.0,0.0,1,mode_1,0.66,True,0.25
no_reinforcement,19,80,mode_1,0.6007161775193461,1.2058134315896116,0.0,0.0,1,mode_1,0.66,True,0.25
no_reinforcement,19,100,mode_1,0.6053688812907922,1.201536867996822,0.0,0.0,1,mode_1,0.66,True,0.25
no_reinforcement,19,120,mode_1,0.6029928109399003,1.2058024327846066,0.0,0.0,1,mode_1,0.66,True,0.25
no_reinforcement,19,140,mode_1,0.614408487915154,1.1876688103131259,0.0,0.0,1,mode_1,0.66,True,0.25
no_reinforcement,19,160,mode_1,0.6200165937511783,1.1785579770027803,0.0,0.0,1,mode_1,0.66,True,0.25
no_reinforcement,19,180,mode_1,0.619515026142846,1.180162219762302,0.0,0.0,1,mode_1,0.66,True,0.25
no_reinforcement,19,200,mode_1,0.6139000805838113,1.1901258377489952,0.0,0.0,1,mode_1,0.66,True,0.25
no_reinforcement,19,220,mode_1,0.6144201610036364,1.1892237388874847,0.0,0.0,1,mode_1,0.66,True,0.25
no_reinforcement,19,240,mode_1,0.6168500984878444,1.1851576632609002,0.0,0.0,1,mode_1,0.66,True,0.25
no_reinforcement,20,0,mode_0,0.5262494146097433,1.3376269672478256,0.0,0.0,1,mode_0,0.54,False,0.75
no_reinforcement,20,20,mode_0,0.5529837769660952,1.2989283935625129,0.0,0.0,1,mode_0,0.54,False,0.5
no_reinforcement,20,40,mode_0,0.5699696910015647,1.2731260614319257,0.0,0.0,1,mode_0,0.6000000000000001,False,0.75
no_reinforcement,20,60,mode_0,0.5854765290270703,1.2479491517063173,0.0,0.0,1,mode_0,0.6000000000000001,False,0.5
no_reinforcement,20,80,mode_0,0.5946041495802055,1.2329408978036958,0.0,0.0,1,mode_0,0.6000000000000001,False,0.5
no_reinforcement,20,100,mode_0,0.603089268433933,1.2178809350346689,0.0,0.0,1,mode_0,0.66,False,0.75
no_reinforcement,20,120,mode_0,0.599541526212608,1.223422323382539,0.0,0.0,1,mode_0,0.66,False,0.75
no_reinforcement,20,140,mode_0,0.6062054072009716,1.2114445081082512,0.0,0.0,1,mode_0,0.66,False,0.75
no_reinforcement,20,160,mode_0,0.6060258510567135,1.212526782055173,0.0,0.0,1,mode_0,0.66,False,0.75
no_reinforcement,20,180,mode_0,0.6044415420840256,1.2150947330164263,0.0,0.0,1,mode_0,0.66,False,0.75
no_reinforcement,20,200,mode_0,0.6026441352436582,1.2190669479077718,0.0,0.0,1,mode_0,0.66,False,0.75
no_reinforcement,20,220,mode_0,0.5958215485858421,1.230808894393216,0.0,0.0,1,mode_0,0.6000000000000001,False,0.5
no_reinforcement,20,240,mode_0,0.5977716675511132,1.2272403196871353,0.0,0.0,1,mode_0,0.66,False,0.75
no_reinforcement,21,0,mode_4,0.5320596444020503,1.3365776743015034,0.0,0.0,1,mode_4,0.6000000000000001,False,0.5
no_reinforcement,21,20,mode_4,0.5685027658770668,1.2793333880652173,0.0,0.0,1,mode_4,0.66,False,0.5
no_reinforcement,21,40,mode_4,0.5751072494800296,1.269582169946069,0.0,0.0,1,mode_4,0.66,False,0.5
no_reinforcement,21,60,mode_4,0.5784305042463296,1.2637597936779055,0.0,0.0,1,mode_4,0.66,False,0.5
no_reinforcement,21,80,mode_4,0.5948964858375771,1.2359729363998788,0.0,0.0,1,mode_4,0.66,True,0.25
no_reinforcement,21,100,mode_4,0.6071564417470542,1.2139046100099329,0.0,0.0,1,mode_4,0.66,True,0.25
no_reinforcement,21,120,mode_4,0.6064986168964925,1.2152136980854498,0.0,0.0,1,mode_4,0.66,True,0.25
no_reinforcement,21,140,mode_4,0.5941314973601249,1.2374513184027254,0.0,0.0,1,mode_4,0.66,False,0.5
no_reinforcement,21,160,mode_4,0.5985324299383813,1.229476066096684,0.0,0.0,1,mode_4,0.66,True,0.25
no_reinforcement,21,180,mode_4,0.5963952676434886,1.2330040254684427,0.0,0.0,1,mode_4,0.66,True,0.25
no_reinforcement,21,200,mode_4,0.5952186750397637,1.2351894607798997,0.0,0.0,1,mode_4,0.66,True,0.25
no_reinforcement,21,220,mode_4,0.5955289950269961,1.2344171732256357,0.0,0.0,1,mode_4,0.66,True,0.25
no_reinforcement,21,240,mode_4,0.5981102682460367,1.2302937754512937,0.0,0.0,1,mode_4,0.66,True,0.25
no_reinforcement,22,0,mode_4,0.5848879469107137,1.2499409240307242,0.0,0.0,1,mode_4,0.66,True,0.0
no_reinforcement,22,20,mode_4,0.6095550824201827,1.2070420024202817,0.0,0.0,1,mode_4,0.66,True,0.0
no_reinforcement,22,40,mode_4,0.6215206935888462,1.185322133281946,0.0,0.0,1,mode_4,0.66,True,0.0
no_reinforcement,22,60,mode_4,0.6286592940752463,1.1724396580489604,0.0,0.0,1,mode_4,0.66,True,0.0
no_reinforcement,22,80,mode_4,0.6294390830132974,1.170678230695792,0.0,0.0,1,mode_4,0.66,True,0.0
no_reinforcement,22,100,mode_4,0.6229289405627179,1.183016013396462,0.0,0.0,1,mode_4,0.66,True,0.0
no_reinforcement,22,120,mode_4,0.6223882442520475,1.1841609339887889,0.0,0.0,1,mode_4,0.66,True,0.0
no_reinforcement,22,140,mode_4,0.6137890961539075,1.2006034296430168,0.0,0.0,1,mode_4,0.66,True,0.0
no_reinforcement,22,160,mode_4,0.6297675171589343,1.1700683201494722,0.0,0.0,1,mode_4,0.66,True,0.0
no_reinforcement,22,180,mode_4,0.6304428503685955,1.1688734822867717,0.0,0.0,1,mode_4,0.66,True,0.0
no_reinforcement,22,200,mode_4,0.6326063591123253,1.1647377930259066,0.0,0.0,1,mode_4,0.66,True,0.0
no_reinforcement,22,220,mode_4,0.6287181958409014,1.1723081002939155,0.0,0.0,1,mode_4,0.66,True,0.0
no_reinforcement,22,240,mode_4,0.6336854009510025,1.1626751362678287,0.0,0.0,1,mode_4,0.66,True,0.0
no_reinforcement,23,0,mode_2,0.5879026106435461,1.2339782123973708,0.0,0.0,1,mode_2,0.66,True,0.25
no_reinforcement,23,20,mode_2,0.6028027516799226,1.2117651489929542,0.0,0.0,1,mode_2,0.66,True,0.0
no_reinforcement,23,40,mode_2,0.6177598160035663,1.1860645143941795,0.0,0.0,1,mode_2,0.66,True,0.0
no_reinforcement,23,60,mode_2,0.6234721303510841,1.1757483070690415,0.0,0.0,1,mode_2,0.66,True,0.0
no_reinforcement,23,80,mode_2,0.6337961300883377,1.1572660831804,0.0,0.0,1,mode_2,0.66,True,0.0
no_reinforcement,23,100,mode_2,0.6244361080991128,1.175573663344548,0.0,0.0,1,mode_2,0.66,True,0.0
no_reinforcement,23,120,mode_2,0.6314635983064417,1.1623147003453265,0.0,0.0,1,mode_2,0.66,True,0.0
no_reinforcement,23,140,mode_2,0.6384135631835532,1.149448172202423,0.0,0.0,1,mode_2,0.66,True,0.0
no_reinforcement,23,160,mode_2,0.6337739181823496,1.1575672171778553,0.0,0.0,1,mode_2,0.66,True,0.0
no_reinforcement,23,180,mode_2,0.6364188527409835,1.1518841139316887,0.0,0.0,1,mode_2,0.66,True,0.0
no_reinforcement,23,200,mode_2,0.6404728802932473,1.1442667001392233,0.0,0.0,1,mode_2,0.66,True,0.0
no_reinforcement,23,220,mode_2,0.6352059748654325,1.1560150462746654,0.0,0.0,1,mode_2,0.66,True,0.0
no_reinforcement,23,240,mode_2,0.6362360681572288,1.153061834254413,0.0,0.0,1,mode_2,0.66,True,0.0
no_reinforcement,24,0,mixed_0_2,0.34029714389114835,1.4693770910688995,0.0,0.0,5,mixed_0_1_2;mixed_0_2_3;mixed_0_2_4;mode_0;mode_2,0.24000000000000002,False,0.8
no_reinforcement,24,20,mixed_0_2,0.34208614325884745,1.4502118213054682,0.0,0.0,5,mixed_0_1_2;mixed_0_2_3;mixed_0_2_4;mode_0;mode_2,0.24000000000000002,False,0.6
no_reinforcement,24,40,mixed_0_2,0.3644646857686213,1.43493647619636,0.0,0.0,5,mixed_0_1_2;mixed_0_2_3;mixed_0_2_4;mode_0;mode_2,0.24000000000000002,False,0.6
no_reinforcement,24,60,mixed_0_2,0.37514972023242066,1.4266811613956671,0.0,0.0,5,mixed_0_1_2;mixed_0_2_3;mixed_0_2_4;mode_0;mode_2,0.24000000000000002,False,0.6
no_reinforcement,24,80,mixed_0_2,0.37525821326386133,1.4205054088621594,0.0,0.0,5,mixed_0_1_2;mixed_0_2_3;mixed_0_2_4;mode_0;mode_2,0.24000000000000002,False,0.6
no_reinforcement,24,100,mixed_0_2,0.37753464896284766,1.4182280241476959,0.0,0.0,5,mixed_0_1_2;mixed_0_2_3;mixed_0_2_4;mode_0;mode_2,0.24000000000000002,False,0.6
no_reinforcement,24,120,mixed_0_2,0.38524388514522573,1.4187224086122312,0.0,0.0,5,mixed_0_1_2;mixed_0_2_3;mixed_0_2_4;mode_0;mode_2,0.24000000000000002,False,0.6
no_reinforcement,24,140,mixed_0_2,0.4065237376993947,1.40622508665117,0.0,0.0,5,mixed_0_1_2;mixed_0_2_3;mixed_0_2_4;mode_0;mode_2,0.060000000000000005,False,0.8
no_reinforcement,24,160,mixed_0_2,0.4144574045324897,1.4058234305318547,0.0,0.0,5,mixed_0_1_2;mixed_0_2_3;mixed_0_2_4;mode_0;mode_2,0.060000000000000005,False,0.8
no_reinforcement,24,180,mixed_0_2,0.40970142629612855,1.414206279334278,0.0,0.0,5,mixed_0_1_2;mixed_0_2_3;mixed_0_2_4;mode_0;mode_2,0.060000000000000005,False,0.8
no_reinforcement,24,200,mode_2,0.4217111634618505,1.408970994354491,0.0,0.0,5,mixed_0_1_2;mixed_0_2_3;mixed_2_4;mode_0;mode_2,0.24000000000000002,False,0.5
no_reinforcement,24,220,mode_2,0.4260205048543162,1.4059743961177638,0.0,0.0,5,mixed_0_2_3;mixed_1_2;mixed_2_4;mode_0;mode_2,0.30000000000000004,False,1.0
no_reinforcement,24,240,mode_2,0.4388930823717472,1.3962829400609593,0.0,0.0,5,mixed_1_2;mixed_2_3;mixed_2_4;mode_0;mode_2,0.30000000000000004,False,0.5
no_reinforcement,25,0,mode_3,0.42462644001659045,1.4043454912790825,0.0,0.0,3,mixed_1_3;mode_3;mode_4,0.24000000000000002,False,0.5
no_reinforcement,25,20,mode_3,0.4614437839412991,1.3713560357830947,0.0,0.0,3,mixed_1_3;mode_3;mode_4,0.30000000000000004,False,0.5
no_reinforcement,25,40,mode_3,0.48058309550695816,1.3515755564337342,0.0,0.0,3,mixed_1_3;mode_3;mode_4,0.36,False,0.5
no_reinforcement,25,60,mode_3,0.5059283229471448,1.3254045189256107,0.0,0.0,3,mixed_1_3;mode_3;mode_4,0.36,False,0.5
no_reinforcement,25,80,mode_3,0.5331945698448466,1.2982467446104526,0.0,0.0,3,mixed_1_3;mixed_3_4;mode_3,0.42,False,0.5
no_reinforcement,25,100,mode_3,0.5373105894143403,1.2970472668801387,0.0,0.0,3,mixed_1_3;mixed_3_4;mode_3,0.42,False,0.5
no_reinforcement,25,120,mode_3,0.544859837781099,1.2903285903116404,0.0,0.0,3,mixed_1_3;mixed_3_4;mode_3,0.42,False,0.5
no_reinforcement,25,140,mode_3,0.5547787713411592,1.2763964193911534,0.0,0.0,3,mixed_1_3;mixed_3_4;mode_3,0.42,False,0.5
no_reinforcement,25,160,mode_3,0.5558337744899686,1.2767748404162877,0.0,0.0,3,mixed_1_3;mixed_3_4;mode_3,0.42,False,0.5
no_reinforcement,25,180,mode_3,0.562616929353306,1.2665973625401548,0.0,0.0,2,mixed_3_4;mode_3,0.48000000000000004,False,0.5
no_reinforcement,25,200,mode_3,0.5666544560603489,1.2635050153814285,0.0,0.0,2,mixed_3_4;mode_3,0.48000000000000004,False,0.5
no_reinforcement,25,220,mode_3,0.5681087143840443,1.2621914315858132,0.0,0.0,2,mixed_3_4;mode_3,0.48000000000000004,False,0.5
no_reinforcement,25,240,mode_3,0.5703198017922045,1.2584396035192538,0.0,0.0,2,mixed_3_4;mode_3,0.48000000000000004,False,0.5
no_reinforcement,26,0,mixed_2_4,0.4101329673355419,1.332945810115227,0.0,0.0,3,mixed_2_4;mode_2;mode_4,0.48000000000000004,False,0.6
no_reinforcement,26,20,mode_4,0.4360863484517077,1.3190859604912037,0.0,0.0,3,mixed_2_4;mode_2;mode_4,0.42,False,0.5
no_reinforcement,26,40,mode_4,0.43459484074589577,1.3152952322321452,0.0,0.0,3,mixed_2_4;mode_2;mode_4,0.42,False,0.5
no_reinforcement,26,60,mode_4,0.4261260191609183,1.3242324886821413,0.0,0.0,3,mixed_2_4;mode_2;mode_4,0.36,False,0.5
no_reinforcement,26,80,mode_4,0.43660617035597427,1.3227458051159968,0.0,0.0,3,mixed_2_4;mode_2;mode_4,0.42,False,0.5
no_reinforcement,26,100,mode_4,0.4309142344822672,1.3267497629584446,0.0,0.0,3,mixed_2_4;mode_2;mode_4,0.42,False,0.5
no_reinforcement,26,120,mode_4,0.44306015812954785,1.3139597845645283,0.0,0.0,3,mixed_2_4;mode_2;mode_4,0.42,False,0.5
no_reinforcement,26,140,mode_4,0.42898024206965263,1.3207642762846246,0.0,0.0,3,mixed_2_4;mode_2;mode_4,0.36,False,0.5
no_reinforcement,26,160,mode_4,0.4332529203860977,1.3200420587363504,0.0,0.0,3,mixed_2_4;mode_2;mode_4,0.42,False,0.5
no_reinforcement,26,180,mode_4,0.43694488716634167,1.3184341783607239,0.0,0.0,3,mixed_2_4;mode_2;mode_4,0.42,False,0.5
no_reinforcement,26,200,mode_4,0.43850947643976135,1.323855527984051,0.0,0.0,3,mixed_2_4;mode_2;mode_4,0.42,False,0.5
no_reinforcement,26,220,mode_4,0.43333175661976825,1.3237985643402626,0.0,0.0,3,mixed_2_4;mode_2;mode_4,0.42,False,0.5
no_reinforcement,26,240,mode_4,0.42840902869789477,1.3207505415040754,0.0,0.0,3,mixed_2_4;mode_2;mode_4,0.36,False,0.5
no_reinforcement,27,0,mode_0,0.6139016412465403,1.1835686053368846,0.0,0.0,1,mode_0,0.66,True,0.25
no_reinforcement,27,20,mode_0,0.6261960643558985,1.163627518419757,0.0,0.0,1,mode_0,0.66,True,0.25
no_reinforcement,27,40,mode_0,0.626789717159678,1.1649839385018457,0.0,0.0,1,mode_0,0.66,True,0.25
no_reinforcement,27,60,mode_0,0.6363367463005181,1.14949889050183,0.0,0.0,1,mode_0,0.66,True,0.25
no_reinforcement,27,80,mode_0,0.6370457139093021,1.1481004807873054,0.0,0.0,1,mode_0,0.66,True,0.25
no_reinforcement,27,100,mode_0,0.6408489319486653,1.1419762610765662,0.0,0.0,1,mode_0,0.66,True,0.25
no_reinforcement,27,120,mode_0,0.643464978918069,1.137502323434564,0.0,0.0,1,mode_0,0.66,True,0.0
no_reinforcement,27,140,mode_0,0.6399089694255519,1.1447265607393187,0.0,0.0,1,mode_0,0.66,True,0.25
no_reinforcement,27,160,mode_0,0.6399645786788615,1.144221773955939,0.0,0.0,1,mode_0,0.66,True,0.25
no_reinforcement,27,180,mode_0,0.638984743779061,1.145080923003792,0.0,0.0,1,mode_0,0.66,True,0.25
no_reinforcement,27,200,mode_0,0.6325174323436854,1.1573634480474124,0.0,0.0,1,mode_0,0.66,True,0.25
no_reinforcement,27,220,mode_0,0.6330505666040336,1.156399167966594,0.0,0.0,1,mode_0,0.66,True,0.25
no_reinforcement,27,240,mode_0,0.6379427615805601,1.1475100407167138,0.0,0.0,1,mode_0,0.66,True,0.25
no_reinforcement,28,0,mixed_1_3,0.38687589953580737,1.4329311141670944,0.0,0.0,5,mixed_0_1_3;mixed_1_2_3;mixed_3_4;mode_1;mode_3,0.060000000000000005,False,0.8
no_reinforcement,28,20,mixed_1_3,0.39939523603859517,1.415123633040509,0.0,0.0,5,mixed_0_1_3;mixed_1_2_3;mixed_3_4;mode_1;mode_3,0.060000000000000005,False,0.8
no_reinforcement,28,40,mixed_1_3,0.41917418889604374,1.404869741803085,0.0,0.0,5,mixed_0_1_3;mixed_1_2_3;mixed_3_4;mode_1;mode_3,0.060000000000000005,False,0.8
no_reinforcement,28,60,mode_3,0.4333490695800194,1.4006729030237595,0.0,0.0,4,mixed_0_3;mixed_3_4;mode_1;mode_3,0.24000000000000002,False,0.5
no_reinforcement,28,80,mode_3,0.44602699882765223,1.395087974074258,0.0,0.0,4,mixed_0_3;mixed_3_4;mode_1;mode_3,0.30000000000000004,False,0.5
no_reinforcement,28,100,mode_3,0.46025328499051266,1.3845641030135318,0.0,0.0,4,mixed_0_3;mixed_3_4;mode_1;mode_3,0.30000000000000004,False,0.5
no_reinforcement,28,120,mode_3,0.4763786872385601,1.3684949430179332,0.0,0.0,3,mixed_3_4;mode_1;mode_3,0.36,False,0.5
no_reinforcement,28,140,mode_3,0.49371312675921214,1.3551883225239474,0.0,0.0,3,mixed_3_4;mode_1;mode_3,0.36,False,0.5
no_reinforcement,28,160,mode_3,0.50639724673759,1.3426619845642402,0.0,0.0,3,mixed_3_4;mode_1;mode_3,0.36,False,0.5
no_reinforcement,28,180,mode_3,0.5081920129673031,1.3464960397488883,0.0,0.0,3,mixed_3_4;mode_1;mode_3,0.36,False,0.5
no_reinforcement,28,200,mode_3,0.5256471502480357,1.3245375867200764,0.0,0.0,3,mixed_3_4;mode_1;mode_3,0.42,False,0.5
no_reinforcement,28,220,mode_3,0.5258441162676738,1.3291057650797433,0.0,0.0,3,mixed_3_4;mode_1;mode_3,0.42,False,0.5
no_reinforcement,28,240,mode_3,0.5257040103718077,1.3289873574876423,0.0,0.0,3,mixed_3_4;mode_1;mode_3,0.42,False,0.5
no_reinforcement,29,0,mode_3,0.4491315884093352,1.3419342456882157,0.0,0.0,2,mode_1;mode_3,0.54,False,0.75
no_reinforcement,29,20,mode_3,0.46035492097915864,1.3331591742783049,0.0,0.0,2,mode_1;mode_3,0.6000000000000001,False,0.75
no_reinforcement,29,40,mode_3,0.4736030219229748,1.3200905761710853,0.0,0.0,2,mode_1;mode_3,0.6000000000000001,False,0.75
no_reinforcement,29,60,mode_3,0.49195922486767574,1.305265620802164,0.0,0.0,2,mode_1;mode_3,0.66,False,0.75
no_reinforcement,29,80,mode_3,0.4910008684407889,1.3113578306079305,0.0,0.0,2,mode_1;mode_3,0.66,False,0.75
no_reinforcement,29,100,mode_3,0.5180475829787969,1.2875760042541298,0.0,0.0,2,mode_1;mode_3,0.66,True,0.25
no_reinforcement,29,120,mode_3,0.5182084160556713,1.2895852883214887,0.0,0.0,2,mode_1;mode_3,0.66,True,0.25
no_reinforcement,29,140,mode_3,0.5241943584071197,1.2877528118324653,0.0,0.0,2,mode_1;mode_3,0.66,True,0.25
no_reinforcement,29,160,mode_3,0.5292612997394099,1.2825347466725787,0.0,0.0,2,mode_1;mode_3,0.66,True,0.25
no_reinforcement,29,180,mode_3,0.5345269931790102,1.2781887499160982,0.0,0.0,2,mode_1;mode_3,0.66,True,0.25
no_reinforcement,29,200,mode_3,0.5468239088056545,1.268545636333481,0.0,0.0,2,mode_1;mode_3,0.66,True,0.25
no_reinforcement,29,220,mode_3,0.5543751262291501,1.262266812106938,0.0,0.0,2,mixed_1_3;mode_3,0.66,True,0.25
no_reinforcement,29,240,mode_3,0.5676833530518535,1.2471794129673133,0.0,0.0,2,mixed_1_3;mode_3,0.66,True,0.25
no_reinforcement,30,0,mixed_1_2_3,0.3806007277608711,1.4734123557891872,0.0,0.0,4,mixed_0_3;mode_1;mode_2;mode_3,0.060000000000000005,False,1.0
no_reinforcement,30,20,mixed_1_3,0.40964243170882786,1.447552653143954,0.0,0.0,4,mixed_0_3;mode_1;mode_2;mode_3,0.060000000000000005,False,1.0
no_reinforcement,30,40,mode_3,0.4467128080585994,1.4145011003246846,0.0,0.0,4,mixed_0_3;mixed_2_3;mode_1;mode_3,0.24000000000000002,False,0.5
no_reinforcement,30,60,mode_3,0.47002047174088457,1.3921421880546963,0.0,0.0,4,mixed_0_3;mixed_1_3;mixed_2_3;mode_3,0.24000000000000002,False,0.5
no_reinforcement,30,80,mode_3,0.49432448972370097,1.3667657235867063,0.0,0.0,4,mixed_0_3;mixed_1_3;mixed_2_3;mode_3,0.30000000000000004,False,0.5
no_reinforcement,30,100,mode_3,0.5071460301095668,1.35247727782389,0.0,0.0,3,mixed_1_3;mixed_2_3;mode_3,0.30000000000000004,False,0.5
no_reinforcement,30,120,mode_3,0.5171736642606822,1.3418806087386075,0.0,0.0,3,mixed_1_3;mixed_2_3;mode_3,0.30000000000000004,False,0.5
no_reinforcement,30,140,mode_3,0.5295909356809118,1.326947682914312,0.0,0.0,3,mixed_1_3;mixed_2_3;mode_3,0.36,False,0.5
no_reinforcement,30,160,mode_3,0.5366162701122171,1.3177519486501137,0.0,0.0,3,mixed_1_3;mixed_2_3;mode_3,0.36,False,0.5
no_reinforcement,30,180,mode_3,0.5407722011237682,1.3122688569654943,0.0,0.0,3,mixed_1_3;mixed_2_3;mode_3,0.36,False,0.5
no_reinforcement,30,200,mode_3,0.5546317375270243,1.291982532955458,0.0,0.0,3,mixed_1_3;mixed_2_3;mode_3,0.36,False,0.5
no_reinforcement,30,220,mode_3,0.5628511765146499,1.278528302028209,0.0,0.0,3,mixed_1_3;mixed_2_3;mode_3,0.36,False,0.5
no_reinforcement,30,240,mode_3,0.5503823084518512,1.2978354352432429,0.0,0.0,3,mixed_1_3;mixed_2_3;mode_3,0.36,False,0.5
no_reinforcement,31,0,mode_4,0.5456364404235066,1.3142323253908668,0.0,0.0,1,mode_4,0.66,True,0.25
no_reinforcement,31,20,mode_4,0.5775668370184348,1.2640037824406818,0.0,0.0,1,mode_4,0.66,True,0.25
no_reinforcement,31,40,mode_4,0.5884530838753914,1.2461564900937243,0.0,0.0,1,mode_4,0.66,True,0.25
no_reinforcement,31,60,mode_4,0.5980786357286619,1.229553833906208,0.0,0.0,1,mode_4,0.66,True,0.25
no_reinforcement,31,80,mode_4,0.5982616093121296,1.2293189309010255,0.0,0.0,1,mode_4,0.66,True,0.25
no_reinforcement,31,100,mode_4,0.6033927502745792,1.21916790452475,0.0,0.0,1,mode_4,0.66,True,0.25
no_reinforcement,31,120,mode_4,0.6042750063239181,1.2178760591121696,0.0,0.0,1,mode_4,0.66,True,0.25
no_reinforcement,31,140,mode_4,0.5971935310955476,1.2302997442247239,0.0,0.0,1,mode_4,0.66,True,0.25
no_reinforcement,31,160,mode_4,0.5978788046952141,1.2298949097820346,0.0,0.0,1,mode_4,0.66,True,0.25
no_reinforcement,31,180,mode_4,0.5977779438422485,1.2302572910784542,0.0,0.0,1,mode_4,0.66,True,0.25
no_reinforcement,31,200,mode_4,0.6071593626351186,1.2134114961627394,0.0,0.0,1,mode_4,0.66,True,0.25
no_reinforcement,31,220,mode_4,0.6067155204871107,1.2145044855169675,0.0,0.0,1,mode_4,0.66,True,0.25
no_reinforcement,31,240,mode_4,0.6056467067181895,1.2164155247305506,0.0,0.0,1,mode_4,0.66,True,0.25
no_reinforcement,32,0,mode_4,0.5226192648706837,1.3330417610242051,0.0,0.0,3,mixed_0_4;mixed_3_4;mode_4,0.42,False,0.5
no_reinforcement,32,20,mode_4,0.5498266814961459,1.2959372336290882,0.0,0.0,2,mixed_0_4;mode_4,0.48000000000000004,False,0.5
no_reinforcement,32,40,mode_4,0.5650962996521242,1.2750873044509832,0.0,0.0,1,mode_4,0.48000000000000004,False,0.5
no_reinforcement,32,60,mode_4,0.5756410112191204,1.2612211447187167,0.0,0.0,1,mode_4,0.48000000000000004,False,0.5
no_reinforcement,32,80,mode_4,0.5746284752606702,1.262785100959694,0.0,0.0,1,mode_4,0.48000000000000004,False,0.5
no_reinforcement,32,100,mode_4,0.5820122898410203,1.2501830910267817,0.0,0.0,1,mode_4,0.54,False,0.5
no_reinforcement,32,120,mode_4,0.577142738895802,1.2585377661109622,0.0,0.0,1,mode_4,0.48000000000000004,False,0.5
no_reinforcement,32,140,mode_4,0.5825379181723374,1.250091264447308,0.0,0.0,1,mode_4,0.54,False,0.5
no_reinforcement,32,160,mode_4,0.5893423529359504,1.2383316021543482,0.0,0.0,1,mode_4,0.54,False,0.5
no_reinforcement,32,180,mode_4,0.5974118639215587,1.2251341432478382,0.0,0.0,1,mode_4,0.54,False,0.5
no_reinforcement,32,200,mode_4,0.5914547893659703,1.2353402686799386,0.0,0.0,1,mode_4,0.54,False,0.5
no_reinforcement,32,220,mode_4,0.5849647094035272,1.246124085799325,0.0,0.0,1,mode_4,0.54,False,0.5
no_reinforcement,32,240,mode_4,0.5915513001032098,1.2349825350904,0.0,0.0,1,mode_4,0.54,False,0.5
no_reinforcement,33,0,mode_0,0.6485379702210401,1.1335738559951491,0.0,0.0,1,mode_0,0.66,True,0.0
no_reinforcement,33,20,mode_0,0.6547885888924351,1.121035701316876,0.0,0.0,1,mode_0,0.66,True,0.0
no_reinforcement,33,40,mode_0,0.6584170993317364,1.114000541569547,0.0,0.0,1,mode_0,0.66,True,0.0
no_reinforcement,33,60,mode_0,0.6569762399376002,1.1170274735153662,0.0,0.0,1,mode_0,0.66,True,0.0
no_reinforcement,33,80,mode_0,0.6524103351558271,1.1262883473038683,0.0,0.0,1,mode_0,0.66,True,0.0
no_reinforcement,33,100,mode_0,0.6562095174429446,1.1184054085325568,0.0,0.0,1,mode_0,0.66,True,0.0
no_reinforcement,33,120,mode_0,0.6525525413054155,1.1255431200701402,0.0,0.0,1,mode_0,0.66,True,0.0
no_reinforcement,33,140,mode_0,0.6553313670931603,1.1205242416586243,0.0,0.0,1,mode_0,0.66,True,0.0
no_reinforcement,33,160,mode_0,0.6492251381197139,1.1323457255123917,0.0,0.0,1,mode_0,0.66,True,0.0
no_reinforcement,33,180,mode_0,0.6525900495421326,1.1256983925431971,0.0,0.0,1,mode_0,0.66,True,0.0
no_reinforcement,33,200,mode_0,0.6498973785397422,1.1313439946422188,0.0,0.0,1,mode_0,0.66,True,0.0
no_reinforcement,33,220,mode_0,0.6582930024250226,1.1144788341860732,0.0,0.0,1,mode_0,0.66,True,0.0
no_reinforcement,33,240,mode_0,0.6600539279486505,1.1107070874820564,0.0,0.0,1,mode_0,0.66,True,0.0
no_reinforcement,34,0,mode_1,0.4854665805425727,1.335225639683747,0.0,0.0,3,mixed_1_2;mode_1;mode_3,0.42,False,0.5
no_reinforcement,34,20,mode_1,0.4973640220693072,1.321398856609989,0.0,0.0,2,mode_1;mode_3,0.48000000000000004,False,0.5
no_reinforcement,34,40,mode_1,0.5230005405139565,1.2935147384205152,0.0,0.0,2,mode_1;mode_3,0.54,False,0.5
no_reinforcement,34,60,mode_1,0.5343197893583114,1.2810098833273955,0.0,0.0,2,mode_1;mode_3,0.54,False,0.5
no_reinforcement,34,80,mode_1,0.5456142676573187,1.2711074447839832,0.0,0.0,2,mixed_1_3;mode_1,0.54,False,0.5
no_reinforcement,34,100,mode_1,0.5589559397292924,1.258827816854885,0.0,0.0,2,mixed_1_3;mode_1,0.6000000000000001,False,0.5
no_reinforcement,34,120,mode_1,0.5668189035627534,1.2487487384071916,0.0,0.0,2,mixed_1_3;mode_1,0.6000000000000001,False,0.5
no_reinforcement,34,140,mode_1,0.5708767628390499,1.2457092829143954,0.0,0.0,2,mixed_1_3;mode_1,0.6000000000000001,False,0.5
no_reinforcement,34,160,mode_1,0.5765486106433243,1.2395715238913116,0.0,0.0,2,mixed_1_3;mode_1,0.6000000000000001,False,0.5
no_reinforcement,34,180,mode_1,0.574436122550871,1.2439232700474936,0.0,0.0,2,mixed_1_3;mode_1,0.6000000000000001,False,0.5
no_reinforcement,34,200,mode_1,0.5712609450078405,1.251456702310778,0.0,0.0,2,mixed_1_3;mode_1,0.6000000000000001,False,0.5
no_reinforcement,34,220,mode_1,0.5716227262351274,1.2502547575014336,0.0,0.0,2,mixed_1_3;mode_1,0.6000000000000001,False,0.5
no_reinforcement,34,240,mode_1,0.5807492930577959,1.2374141033644894,0.0,0.0,2,mixed_1_3;mode_1,0.6000000000000001,False,0.5
no_reinforcement,35,0,mode_4,0.4461350002196605,1.3536485466611519,0.0,0.0,2,mode_3;mode_4,0.48000000000000004,False,0.5
no_reinforcement,35,20,mode_4,0.4614355697668467,1.3368696891654663,0.0,0.0,2,mode_3;mode_4,0.54,False,0.5
no_reinforcement,35,40,mode_4,0.477985118236956,1.3224033581583874,0.0,0.0,2,mode_3;mode_4,0.54,False,0.5
no_reinforcement,35,60,mode_4,0.5016704473064995,1.304854861374013,0.0,0.0,2,mode_3;mode_4,0.6000000000000001,False,0.5
no_reinforcement,35,80,mode_4,0.5210751875361178,1.2954146212049575,0.0,0.0,2,mode_3;mode_4,0.66,False,0.5
no_reinforcement,35,100,mode_4,0.5290674249182267,1.286661614238826,0.0,0.0,2,mode_3;mode_4,0.66,False,0.5
no_reinforcement,35,120,mode_4,0.5335885056232602,1.28535281661789,0.0,0.0,2,mode_3;mode_4,0.66,True,0.25
no_reinforcement,35,140,mode_4,0.5516478786095954,1.2666901212981376,0.0,0.0,2,mixed_3_4;mode_4,0.66,True,0.25
no_reinforcement,35,160,mode_4,0.5599342292142963,1.263338699955327,0.0,0.0,2,mixed_3_4;mode_4,0.66,True,0.25
no_reinforcement,35,180,mode_4,0.5697817824544936,1.2533552848313303,0.0,0.0,2,mixed_3_4;mode_4,0.66,True,0.25
no_reinforcement,35,200,mode_4,0.5729193865203706,1.247700543465329,0.0,0.0,2,mixed_3_4;mode_4,0.66,True,0.25
no_reinforcement,35,220,mode_4,0.5755875154826935,1.2479276420988297,0.0,0.0,2,mixed_3_4;mode_4,0.66,True,0.25
no_reinforcement,35,240,mode_4,0.5843909551061359,1.2352718117176784,0.0,0.0,2,mixed_3_4;mode_4,0.66,True,0.25
no_reinforcement,36,0,mixed_0_1_3,0.3592595586038707,1.4789936796376724,0.0,0.0,4,mixed_3_4;mode_0;mode_1;mode_3,0.060000000000000005,False,1.0
no_reinforcement,36,20,mixed_0_1_3,0.3927403252652592,1.4555162997006428,0.0,0.0,4,mixed_3_4;mode_0;mode_1;mode_3,0.060000000000000005,False,1.0
no_reinforcement,36,40,mixed_0_1_3,0.4144542527129305,1.4378798528758958,0.0,0.0,4,mixed_3_4;mode_0;mode_1;mode_3,0.060000000000000005,False,1.0
no_reinforcement,36,60,mode_3,0.4458586339888435,1.4076342830943511,0.0,0.0,3,mixed_1_3;mode_0;mode_3,0.24000000000000002,False,0.5
no_reinforcement,36,80,mode_3,0.4777401505950829,1.3766051118067413,0.0,0.0,3,mixed_0_3;mixed_1_3;mode_3,0.30000000000000004,False,0.5
no_reinforcement,36,100,mode_3,0.4951269493027579,1.3613284748125156,0.0,0.0,3,mixed_0_3;mixed_1_3;mode_3,0.30000000000000004,False,0.5
no_reinforcement,36,120,mode_3,0.50384708501963,1.3560257472880903,0.0,0.0,3,mixed_0_3;mixed_1_3;mode_3,0.30000000000000004,False,0.5
no_reinforcement,36,140,mode_3,0.5233768763730384,1.3298451471360904,0.0,0.0,3,mixed_0_3;mixed_1_3;mode_3,0.36,False,0.5
no_reinforcement,36,160,mode_3,0.5384488063428624,1.3111013730935175,0.0,0.0,3,mixed_0_3;mixed_1_3;mode_3,0.36,False,0.5
no_reinforcement,36,180,mode_3,0.5440932967551894,1.3034772933857797,0.0,0.0,3,mixed_0_3;mixed_1_3;mode_3,0.36,False,0.5
no_reinforcement,36,200,mode_3,0.5522995027247961,1.2934007806571992,0.0,0.0,3,mixed_0_3;mixed_1_3;mode_3,0.36,False,0.5
no_reinforcement,36,220,mode_3,0.5500306345390975,1.295654922351249,0.0,0.0,3,mixed_0_3;mixed_1_3;mode_3,0.36,False,0.5
no_reinforcement,36,240,mode_3,0.5479363454014803,1.2990534236759952,0.0,0.0,3,mixed_0_3;mixed_1_3;mode_3,0.36,False,0.5
no_reinforcement,37,0,mixed_1_3,0.3282283563655857,1.5126898592094704,0.0,0.0,5,mixed_0_1_3;mixed_1_4;mode_1;mode_2;mode_3,0.18,False,0.8
no_reinforcement,37,20,mixed_1_3,0.34661091559348034,1.4950480915761355,0.0,0.0,5,mixed_0_1_3;mixed_1_4;mode_1;mode_2;mode_3,0.18,False,0.6
no_reinforcement,37,40,mixed_1_3,0.36921575890289665,1.4787173722115137,0.0,0.0,5,mixed_0_1_3;mixed_1_4;mode_1;mode_2;mode_3,0.18,False,0.6
no_reinforcement,37,60,mixed_1_3,0.39215062142537666,1.461122768130894,0.0,0.0,5,mixed_0_1_3;mixed_1_4;mode_1;mode_2;mode_3,0.060000000000000005,False,0.8
no_reinforcement,37,80,mixed_1_3,0.40296039446686027,1.4530317200251799,0.0,0.0,5,mixed_0_1;mixed_1_4;mode_1;mode_2;mode_3,0.060000000000000005,False,0.8
no_reinforcement,37,100,mode_1,0.42903067034120257,1.428804181282587,0.0,0.0,5,mixed_0_1;mixed_1_2;mixed_1_4;mode_1;mode_3,0.18,False,0.5
no_reinforcement,37,120,mode_1,0.43718716896680593,1.4229328374326504,0.0,0.0,4,mixed_1_2;mixed_1_4;mode_1;mode_3,0.18,False,0.5
no_reinforcement,37,140,mode_1,0.4578146169361739,1.4065637510322704,0.0,0.0,4,mixed_1_2;mixed_1_4;mode_1;mode_3,0.24000000000000002,False,0.5
no_reinforcement,37,160,mode_1,0.46056302790994025,1.4100656792973707,0.0,0.0,4,mixed_1_2;mixed_1_4;mode_1;mode_3,0.24000000000000002,False,0.5
no_reinforcement,37,180,mode_1,0.4721995031496774,1.3979416277060868,0.0,0.0,4,mixed_1_2;mixed_1_4;mode_1;mode_3,0.24000000000000002,False,0.5
no_reinforcement,37,200,mode_1,0.48651767983909366,1.3800116428716334,0.0,0.0,4,mixed_1_2;mixed_1_4;mode_1;mode_3,0.24000000000000002,False,0.5
no_reinforcement,37,220,mode_1,0.4900874976473533,1.3780627702336756,0.0,0.0,4,mixed_1_2;mixed_1_4;mode_1;mode_3,0.24000000000000002,False,0.5
no_reinforcement,37,240,mode_1,0.5087433629900221,1.3567010598999962,0.0,0.0,4,mixed_1_2;mixed_1_4;mode_1;mode_3,0.30000000000000004,False,0.5
no_reinforcement,38,0,mode_0,0.45305412090824504,1.4420662590305535,0.0,0.0,5,mixed_0_1;mixed_0_2;mixed_0_3;mixed_0_4;mode_0,0.36,False,0.75
no_reinforcement,38,20,mode_0,0.49038425349452597,1.3950741905457398,0.0,0.0,4,mixed_0_1;mixed_0_2;mixed_0_3;mode_0,0.42,False,0.75
no_reinforcement,38,40,mode_0,0.5238712140826536,1.348402301249529,0.0,0.0,2,mixed_0_1;mode_0,0.48000000000000004,False,0.75
no_reinforcement,38,60,mode_0,0.5442795762825836,1.3188655210887967,0.0,0.0,2,mixed_0_1;mode_0,0.48000000000000004,False,0.5
no_reinforcement,38,80,mode_0,0.5455735097245187,1.3168350886447404,0.0,0.0,2,mixed_0_1;mode_0,0.48000000000000004,False,0.5
no_reinforcement,38,100,mode_0,0.5593278836847689,1.294904344787754,0.0,0.0,2,mixed_0_1;mode_0,0.48000000000000004,False,0.5
no_reinforcement,38,120,mode_0,0.5613490193696636,1.2922492982320426,0.0,0.0,2,mixed_0_1;mode_0,0.48000000000000004,False,0.5
no_reinforcement,38,140,mode_0,0.5665611272179326,1.2838193671574125,0.0,0.0,2,mixed_0_1;mode_0,0.54,False,0.75
no_reinforcement,38,160,mode_0,0.5629321898942601,1.2896448759965506,0.0,0.0,2,mixed_0_1;mode_0,0.48000000000000004,False,0.5
no_reinforcement,38,180,mode_0,0.560203598817695,1.2940399640691373,0.0,0.0,2,mixed_0_1;mode_0,0.48000000000000004,False,0.5
no_reinforcement,38,200,mode_0,0.5514574745795998,1.307878202919077,0.0,0.0,2,mixed_0_1;mode_0,0.48000000000000004,False,0.5
no_reinforcement,38,220,mode_0,0.5511936566231769,1.3084750000939556,0.0,0.0,2,mixed_0_1;mode_0,0.48000000000000004,False,0.5
no_reinforcement,38,240,mode_0,0.5581833791658792,1.2980566188283151,0.0,0.0,2,mixed_0_1;mode_0,0.48000000000000004,False,0.5
no_reinforcement,39,0,mixed_0_4,0.3835885405260334,1.3655546761298794,0.0,0.0,5,mixed_0_1_4;mixed_0_2_4;mixed_0_4;mode_0;mode_4,0.060000000000000005,False,0.6
no_reinforcement,39,20,mixed_0_4,0.4064466771696091,1.3521340203246224,0.0,0.0,4,mixed_0_1_4;mixed_0_2_4;mode_0;mode_4,0.060000000000000005,False,0.8
no_reinforcement,39,40,mode_4,0.4294350812927783,1.3442802155314832,0.0,0.0,3,mixed_0_2_4;mode_0;mode_4,0.36,False,0.5
no_reinforcement,39,60,mode_4,0.44392796778946475,1.3348375185834767,0.0,0.0,3,mixed_0_2_4;mode_0;mode_4,0.42,False,0.5
no_reinforcement,39,80,mode_4,0.45784574927068605,1.3286906656629394,0.0,0.0,2,mode_0;mode_4,0.48000000000000004,False,0.5
no_reinforcement,39,100,mode_4,0.4861351805683159,1.3128885172800409,0.0,0.0,2,mode_0;mode_4,0.54,False,0.5
no_reinforcement,39,120,mode_4,0.5049261202427106,1.3027377475362754,0.0,0.0,2,mode_0;mode_4,0.6000000000000001,False,0.5
no_reinforcement,39,140,mode_4,0.5125005533353845,1.3016377916508775,0.0,0.0,2,mode_0;mode_4,0.6000000000000001,False,0.5
no_reinforcement,39,160,mode_4,0.5304914308596311,1.2840751069780312,0.0,0.0,2,mode_0;mode_4,0.6000000000000001,False,0.5
no_reinforcement,39,180,mode_4,0.5401431922956678,1.274067016835754,0.0,0.0,2,mode_0;mode_4,0.66,False,0.5
no_reinforcement,39,200,mode_4,0.5521639465389603,1.2638141222476307,0.0,0.0,2,mode_0;mode_4,0.66,False,0.5
no_reinforcement,39,220,mode_4,0.5547479644806883,1.2630784629194591,0.0,0.0,2,mode_0;mode_4,0.66,False,0.5
no_reinforcement,39,240,mode_4,0.5632561422054837,1.2516449280570907,0.0,0.0,2,mixed_0_4;mode_4,0.66,True,0.25
no_reinforcement,40,0,mode_0,0.508879200189339,1.312058253350589,0.0,0.0,2,mode_0;mode_4,0.66,False,0.5
no_reinforcement,40,20,mode_0,0.5288189306557836,1.290271484785169,0.0,0.0,2,mixed_0_4;mode_0,0.66,True,0.25
no_reinforcement,40,40,mode_0,0.5544331845332748,1.268320714251203,0.0,0.0,2,mixed_0_4;mode_0,0.66,True,0.25
no_reinforcement,40,60,mode_0,0.5697419981787007,1.2498619024344695,0.0,0.0,2,mixed_0_4;mode_0,0.66,True,0.25
no_reinforcement,40,80,mode_0,0.575286451258007,1.2463486681540932,0.0,0.0,2,mixed_0_4;mode_0,0.66,True,0.25
no_reinforcement,40,100,mode_0,0.5764234859734579,1.2436283173568474,0.0,0.0,2,mixed_0_4;mode_0,0.66,True,0.25
no_reinforcement,40,120,mode_0,0.582715099309849,1.2342126813133878,0.0,0.0,2,mixed_0_4;mode_0,0.66,True,0.25
no_reinforcement,40,140,mode_0,0.5845228110050179,1.233021061651264,0.0,0.0,2,mixed_0_4;mode_0,0.66,True,0.25
no_reinforcement,40,160,mode_0,0.5923435481446939,1.2236497627276242,0.0,0.0,2,mixed_0_4;mode_0,0.66,True,0.25
no_reinforcement,40,180,mode_0,0.5964710539220124,1.2190109213709523,0.0,0.0,2,mixed_0_4;mode_0,0.66,True,0.25
no_reinforcement,40,200,mode_0,0.5977485373137839,1.2161085946339985,0.0,0.0,2,mixed_0_4;mode_0,0.66,True,0.25
no_reinforcement,40,220,mode_0,0.583450202610905,1.239161569751037,0.0,0.0,2,mixed_0_4;mode_0,0.66,True,0.25
no_reinforcement,40,240,mode_0,0.5898852170503366,1.2275671729636501,0.0,0.0,2,mixed_0_4;mode_0,0.66,True,0.25
no_reinforcement,41,0,mixed_0_2_3,0.39126930493233947,1.48237864078492,0.0,0.0,4,mixed_0_1;mode_0;mode_2;mode_3,0.060000000000000005,False,1.0
no_reinforcement,41,20,mode_0,0.4365582394440001,1.4403166085497545,0.0,0.0,4,mixed_0_1;mixed_0_2;mixed_0_3;mode_0,0.24000000000000002,False,0.5
no_reinforcement,41,40,mode_0,0.47476910975014225,1.3993991149295282,0.0,0.0,4,mixed_0_1;mixed_0_2;mixed_0_3;mode_0,0.30000000000000004,False,0.5
no_reinforcement,41,60,mode_0,0.49893511428895837,1.3717276006150088,0.0,0.0,4,mixed_0_1;mixed_0_2;mixed_0_3;mode_0,0.36,False,0.5
no_reinforcement,41,80,mode_0,0.5131236010168136,1.3532113382339424,0.0,0.0,4,mixed_0_1;mixed_0_2;mixed_0_3;mode_0,0.36,False,0.5
no_reinforcement,41,100,mode_0,0.5321767458337016,1.326643352996964,0.0,0.0,3,mixed_0_2;mixed_0_3;mode_0,0.36,False,0.5
no_reinforcement,41,120,mode_0,0.5471153821824212,1.3048934933108498,0.0,0.0,3,mixed_0_2;mixed_0_3;mode_0,0.42,False,0.5
no_reinforcement,41,140,mode_0,0.5579867418575336,1.288229812128936,0.0,0.0,3,mixed_0_2;mixed_0_3;mode_0,0.42,False,0.5
no_reinforcement,41,160,mode_0,0.5650696643632328,1.2774214762021923,0.0,0.0,3,mixed_0_2;mixed_0_3;mode_0,0.42,False,0.5
no_reinforcement,41,180,mode_0,0.5656374401727925,1.2775612711439646,0.0,0.0,3,mixed_0_2;mixed_0_3;mode_0,0.42,False,0.5
no_reinforcement,41,200,mode_0,0.560188871059919,1.2860911700708875,0.0,0.0,3,mixed_0_2;mixed_0_3;mode_0,0.42,False,0.5
no_reinforcement,41,220,mode_0,0.5621509697729128,1.2820740626537324,0.0,0.0,3,mixed_0_2;mixed_0_3;mode_0,0.42,False,0.5
no_reinforcement,41,240,mode_0,0.5540043152193731,1.294070130737772,0.0,0.0,3,mixed_0_2;mixed_0_3;mode_0,0.42,False,0.5
no_reinforcement,42,0,mode_3,0.5347991960679306,1.3153712350482514,0.0,0.0,1,mode_3,0.54,False,0.5
no_reinforcement,42,20,mode_3,0.5673998997089988,1.26800569461293,0.0,0.0,1,mode_3,0.6000000000000001,False,0.5
no_reinforcement,42,40,mode_3,0.5861751782198859,1.2382397952507223,0.0,0.0,1,mode_3,0.66,False,0.5
no_reinforcement,42,60,mode_3,0.5928912918980693,1.2296611437730518,0.0,0.0,1,mode_3,0.66,False,0.5
no_reinforcement,42,80,mode_3,0.6035213813535143,1.2118615833463016,0.0,0.0,1,mode_3,0.66,False,0.5
no_reinforcement,42,100,mode_3,0.5982070707061331,1.222230729493688,0.0,0.0,1,mode_3,0.66,False,0.5
no_reinforcement,42,120,mode_3,0.5987453938202763,1.2226562485844814,0.0,0.0,1,mode_3,0.66,False,0.5
no_reinforcement,42,140,mode_3,0.5980335104736257,1.2246614771678022,0.0,0.0,1,mode_3,0.66,False,0.5
no_reinforcement,42,160,mode_3,0.6080406360608143,1.2068479548646813,0.0,0.0,1,mode_3,0.66,False,0.5
no_reinforcement,42,180,mode_3,0.6102663821276921,1.203799417221365,0.0,0.0,1,mode_3,0.66,False,0.5
no_reinforcement,42,200,mode_3,0.6059024910068946,1.2110916292969418,0.0,0.0,1,mode_3,0.66,False,0.5
no_reinforcement,42,220,mode_3,0.6046041464140056,1.211759737004674,0.0,0.0,1,mode_3,0.66,False,0.5
no_reinforcement,42,240,mode_3,0.6061881872720959,1.210139128808611,0.0,0.0,1,mode_3,0.66,False,0.5
no_reinforcement,43,0,mixed_0_3,0.35137878098212405,1.4988297439151936,0.0,0.0,5,mixed_0_3_4;mixed_1_3;mode_0;mode_2;mode_3,0.24000000000000002,False,0.8
no_reinforcement,43,20,mixed_0_3,0.37824375544762556,1.4766701540730496,0.0,0.0,5,mixed_1_3;mixed_2_3;mixed_3_4;mode_0;mode_3,0.060000000000000005,False,0.8
no_reinforcement,43,40,mixed_0_3,0.4050341564099193,1.4517110689675818,0.0,0.0,5,mixed_1_3;mixed_2_3;mixed_3_4;mode_0;mode_3,0.060000000000000005,False,1.0
no_reinforcement,43,60,mode_3,0.4210433468710203,1.440204086049162,0.0,0.0,5,mixed_1_3;mixed_2_3;mixed_3_4;mode_0;mode_3,0.18,False,0.5
no_reinforcement,43,80,mode_3,0.43662029215787457,1.4314872149862623,0.0,0.0,5,mixed_1_3;mixed_2_3;mixed_3_4;mode_0;mode_3,0.24000000000000002,False,0.5
no_reinforcement,43,100,mode_3,0.44359733999848167,1.4269714357276686,0.0,0.0,5,mixed_1_3;mixed_2_3;mixed_3_4;mode_0;mode_3,0.24000000000000002,False,0.5
no_reinforcement,43,120,mode_3,0.46069687163673967,1.4093404973445773,0.0,0.0,5,mixed_1_3;mixed_2_3;mixed_3_4;mode_0;mode_3,0.30000000000000004,False,0.5
no_reinforcement,43,140,mode_3,0.4741509359141447,1.3932431536040357,0.0,0.0,4,mixed_1_3;mixed_2_3;mode_0;mode_3,0.30000000000000004,False,0.5
no_reinforcement,43,160,mode_3,0.4894091387516992,1.3762218786375942,0.0,0.0,4,mixed_1_3;mixed_2_3;mode_0;mode_3,0.30000000000000004,False,0.5
no_reinforcement,43,180,mode_3,0.49625019185872443,1.3693406900272107,0.0,0.0,3,mixed_2_3;mode_0;mode_3,0.30000000000000004,False,0.5
no_reinforcement,43,200,mode_3,0.503060863243444,1.3631310171589812,0.0,0.0,3,mixed_0_3;mixed_2_3;mode_3,0.36,False,0.5
no_reinforcement,43,220,mode_3,0.5043383796142477,1.363809142110965,0.0,0.0,3,mixed_0_3;mixed_2_3;mode_3,0.36,False,0.5
no_reinforcement,43,240,mode_3,0.5239546031454239,1.3362668781008262,0.0,0.0,3,mixed_0_3;mixed_2_3;mode_3,0.36,False,0.5
no_reinforcement,44,0,mode_2,0.593918011442801,1.2241357746929824,0.0,0.0,1,mode_2,0.66,True,0.25
no_reinforcement,44,20,mode_2,0.6089564236130487,1.19942597496001,0.0,0.0,1,mode_2,0.66,True,0.25
no_reinforcement,44,40,mode_2,0.6166445252932498,1.1874676021491926,0.0,0.0,1,mode_2,0.66,True,0.25
no_reinforcement,44,60,mode_2,0.6316383822272743,1.1594433400768385,0.0,0.0,1,mode_2,0.66,True,0.25
no_reinforcement,44,80,mode_2,0.626801696750211,1.169770561936597,0.0,0.0,1,mode_2,0.66,True,0.25
no_reinforcement,44,100,mode_2,0.6190814521194183,1.183851389418348,0.0,0.0,1,mode_2,0.66,True,0.25
no_reinforcement,44,120,mode_2,0.6234337021077689,1.1753683523469622,0.0,0.0,1,mode_2,0.66,True,0.25
no_reinforcement,44,140,mode_2,0.6205115210414875,1.1824148671571448,0.0,0.0,1,mode_2,0.66,True,0.25
no_reinforcement,44,160,mode_2,0.6245695342260695,1.1751236705610513,0.0,0.0,1,mode_2,0.66,True,0.25
no_reinforcement,44,180,mode_2,0.6269522554544683,1.1703472122226803,0.0,0.0,1,mode_2,0.66,True,0.25
no_reinforcement,44,200,mode_2,0.6265776496187487,1.1728308287483529,0.0,0.0,1,mode_2,0.66,True,0.25
no_reinforcement,44,220,mode_2,0.6338372699785937,1.1585329115095753,0.0,0.0,1,mode_2,0.66,True,0.25
no_reinforcement,44,240,mode_2,0.6332846169143588,1.160438785157034,0.0,0.0,1,mode_2,0.66,True,0.25
no_reinforcement,45,0,mode_3,0.5528881499486596,1.299492060075159,0.0,0.0,1,mode_3,0.66,False,0.5
no_reinforcement,45,20,mode_3,0.5739424259485327,1.266297944671598,0.0,0.0,1,mode_3,0.66,True,0.25
no_reinforcement,45,40,mode_3,0.585250165399203,1.246993701848908,0.0,0.0,1,mode_3,0.66,True,0.25
no_reinforcement,45,60,mode_3,0.5955615951895341,1.2308642008849076,0.0,0.0,1,mode_3,0.66,True,0.25
no_reinforcement,45,80,mode_3,0.6002806227251374,1.2231520049659481,0.0,0.0,1,mode_3,0.66,True,0.25
no_reinforcement,45,100,mode_3,0.6001949525300461,1.2236051272666333,0.0,0.0,1,mode_3,0.66,True,0.25
no_reinforcement,45,120,mode_3,0.6013051385988422,1.221314490265045,0.0,0.0,1,mode_3,0.66,True,0.25
no_reinforcement,45,140,mode_3,0.5998332095495366,1.2245333001791014,0.0,0.0,1,mode_3,0.66,True,0.25
no_reinforcement,45,160,mode_3,0.6046388010013302,1.2158203803031773,0.0,0.0,1,mode_3,0.66,True,0.25
no_reinforcement,45,180,mode_3,0.610677523863336,1.205305459463186,0.0,0.0,1,mode_3,0.66,True,0.25
no_reinforcement,45,200,mode_3,0.6148675291804019,1.1983781088523995,0.0,0.0,1,mode_3,0.66,True,0.25
no_reinforcement,45,220,mode_3,0.6000377974551302,1.224393591182319,0.0,0.0,1,mode_3,0.66,True,0.25
no_reinforcement,45,240,mode_3,0.5958959455977667,1.2313558548880952,0.0,0.0,1,mode_3,0.66,True,0.25
no_reinforcement,46,0,mixed_0_2_4,0.3187179955975094,1.5413352890807541,0.0,0.0,5,mixed_0_3;mode_0;mode_1;mode_2;mode_4,0.060000000000000005,False,0.6
no_reinforcement,46,20,mixed_0_2_4,0.3253527194260625,1.5378048688528458,0.0,0.0,5,mixed_0_3;mode_0;mode_1;mode_2;mode_4,0.060000000000000005,False,0.6
no_reinforcement,46,40,mixed_0_2_4,0.33207644810836895,1.531697732971206,0.0,0.0,5,mixed_0_3;mode_0;mode_1;mode_2;mode_4,0.060000000000000005,False,0.8
no_reinforcement,46,60,mixed_0_2_4,0.3423119108370032,1.524322889446356,0.0,0.0,5,mixed_0_3;mode_0;mode_1;mode_2;mode_4,0.060000000000000005,False,0.8
no_reinforcement,46,80,mixed_0_2_4,0.35179688219615474,1.5148991910456058,0.0,0.0,5,mixed_0_3;mode_0;mode_1;mode_2;mode_4,0.060000000000000005,False,0.8
no_reinforcement,46,100,mixed_0_2_4,0.3589724992448632,1.5158449639830087,0.0,0.0,5,mixed_0_3;mode_0;mode_1;mode_2;mode_4,0.060000000000000005,False,1.0
no_reinforcement,46,120,mixed_0_2_4,0.37080397572936713,1.5061697447679525,0.0,0.0,5,mixed_0_3;mode_0;mode_1;mode_2;mode_4,0.060000000000000005,False,1.0
no_reinforcement,46,140,mixed_0_2,0.3948267407859516,1.487909636426396,0.0,0.0,5,mixed_0_1;mixed_0_3;mode_0;mode_2;mode_4,0.060000000000000005,False,0.8
no_reinforcement,46,160,mixed_0_2,0.4082267256645841,1.47519512449139,0.0,0.0,5,mixed_0_1;mixed_0_3;mode_0;mode_2;mode_4,0.060000000000000005,False,1.0
no_reinforcement,46,180,mode_0,0.4329700070233045,1.452363442655833,0.0,0.0,5,mixed_0_1;mixed_0_3;mode_0;mode_2;mode_4,0.18,False,0.75
no_reinforcement,46,200,mode_0,0.4440891986346188,1.4402478282342215,0.0,0.0,5,mixed_0_1;mixed_0_3;mixed_0_4;mode_0;mode_2,0.18,False,0.75
no_reinforcement,46,220,mode_0,0.4477208183935562,1.4368779234659028,0.0,0.0,5,mixed_0_1;mixed_0_3;mixed_0_4;mode_0;mode_2,0.18,False,0.5
no_reinforcement,46,240,mode_0,0.4471344050576257,1.4376643197998455,0.0,0.0,5,mixed_0_1;mixed_0_3;mixed_0_4;mode_0;mode_2,0.18,False,0.75
no_reinforcement,47,0,mixed_1_2_3,0.3200921136007707,1.5149579936448971,0.0,0.0,5,mixed_0_1_3;mixed_3_4;mode_1;mode_2;mode_3,0.060000000000000005,False,0.8
no_reinforcement,47,20,mixed_1_2_3,0.3406115364638446,1.5043526101931124,0.0,0.0,5,mixed_0_1_3;mixed_3_4;mode_1;mode_2;mode_3,0.060000000000000005,False,0.8
no_reinforcement,47,40,mixed_1_2_3,0.3519113991382926,1.4953975961050718,0.0,0.0,5,mixed_0_1_3;mixed_3_4;mode_1;mode_2;mode_3,0.060000000000000005,False,0.8
no_reinforcement,47,60,mixed_1_3,0.3784072536358841,1.4757465096254565,0.0,0.0,5,mixed_0_1_3;mixed_3_4;mode_1;mode_2;mode_3,0.060000000000000005,False,0.8
no_reinforcement,47,80,mixed_1_3,0.3800171300615253,1.4779991714214848,0.0,0.0,5,mixed_0_3;mixed_3_4;mode_1;mode_2;mode_3,0.060000000000000005,False,0.8
no_reinforcement,47,100,mixed_1_3,0.3895815590201849,1.4639158108310386,0.0,0.0,5,mixed_0_1_3;mixed_3_4;mode_1;mode_2;mode_3,0.060000000000000005,False,0.8
no_reinforcement,47,120,mixed_1_3,0.41146488592612096,1.4485037881062746,0.0,0.0,5,mixed_0_3;mixed_3_4;mode_1;mode_2;mode_3,0.060000000000000005,False,1.0
no_reinforcement,47,140,mode_3,0.42916597836663783,1.431610789714242,0.0,0.0,4,mixed_2_3;mixed_3_4;mode_1;mode_3,0.18,False,0.5
no_reinforcement,47,160,mode_3,0.4481715176578012,1.4168801915823055,0.0,0.0,4,mixed_2_3;mixed_3_4;mode_1;mode_3,0.24000000000000002,False,0.5
no_reinforcement,47,180,mode_3,0.4578908201384418,1.4091693964470426,0.0,0.0,4,mixed_2_3;mixed_3_4;mode_1;mode_3,0.24000000000000002,False,0.5
no_reinforcement,47,200,mode_3,0.46656765912717796,1.403267026881442,0.0,0.0,4,mixed_2_3;mixed_3_4;mode_1;mode_3,0.24000000000000002,False,0.5
no_reinforcement,47,220,mode_3,0.4895555341231792,1.3748863579811328,0.0,0.0,4,mixed_2_3;mixed_3_4;mode_1;mode_3,0.30000000000000004,False,0.5
no_reinforcement,47,240,mode_3,0.4904521040315348,1.3752893796652452,0.0,0.0,4,mixed_2_3;mixed_3_4;mode_1;mode_3,0.30000000000000004,False,0.5
no_reinforcement,48,0,mode_0,0.6664134907886434,1.0985231541244065,0.0,0.0,1,mode_0,0.66,True,0.0
no_reinforcement,48,20,mode_0,0.6768289046748601,1.0768780218908527,0.0,0.0,1,mode_0,0.66,True,0.0
no_reinforcement,48,40,mode_0,0.6806262029887971,1.068893039994423,0.0,0.0,1,mode_0,0.66,True,0.0
no_reinforcement,48,60,mode_0,0.6760087847731359,1.0785605251538264,0.0,0.0,1,mode_0,0.66,True,0.0
no_reinforcement,48,80,mode_0,0.6762521179248828,1.0780082383656515,0.0,0.0,1,mode_0,0.66,True,0.0
no_reinforcement,48,100,mode_0,0.6760011929531697,1.0786202500617437,0.0,0.0,1,mode_0,0.66,True,0.0
no_reinforcement,48,120,mode_0,0.6712692034466731,1.0884740071161036,0.0,0.0,1,mode_0,0.66,True,0.0
no_reinforcement,48,140,mode_0,0.6791190320930263,1.0717963973299665,0.0,0.0,1,mode_0,0.66,True,0.0
no_reinforcement,48,160,mode_0,0.679497148572052,1.0712083728741948,0.0,0.0,1,mode_0,0.66,True,0.0
no_reinforcement,48,180,mode_0,0.6682893103254867,1.094925882772039,0.0,0.0,1,mode_0,0.66,True,0.0
no_reinforcement,48,200,mode_0,0.6788408863928658,1.0724873025390749,0.0,0.0,1,mode_0,0.66,True,0.0
no_reinforcement,48,220,mode_0,0.6693714127115488,1.09243569515824,0.0,0.0,1,mode_0,0.66,True,0.0
no_reinforcement,48,240,mode_0,0.6737886435895523,1.0832284897286797,0.0,0.0,1,mode_0,0.66,True,0.0
no_reinforcement,49,0,mode_4,0.4854515552582595,1.3923930549952455,0.0,0.0,3,mixed_1_4;mixed_2_4;mode_4,0.42,False,0.5
no_reinforcement,49,20,mode_4,0.518387121012731,1.3480185389030486,0.0,0.0,2,mixed_1_4;mode_4,0.48000000000000004,False,0.5
no_reinforcement,49,40,mode_4,0.5420133453267246,1.3162837737859925,0.0,0.0,2,mixed_1_4;mode_4,0.48000000000000004,False,0.5
no_reinforcement,49,60,mode_4,0.5625916949789338,1.2855307005144248,0.0,0.0,1,mode_4,0.54,False,0.5
no_reinforcement,49,80,mode_4,0.574574302978661,1.2673096429020385,0.0,0.0,1,mode_4,0.54,False,0.5
no_reinforcement,49,100,mode_4,0.5838256439193189,1.2520751314601228,0.0,0.0,1,mode_4,0.54,False,0.5
no_reinforcement,49,120,mode_4,0.5812327636936329,1.256945505482879,0.0,0.0,1,mode_4,0.54,False,0.5
no_reinforcement,49,140,mode_4,0.5896052297007703,1.2425316789621224,0.0,0.0,1,mode_4,0.54,False,0.5
no_reinforcement,49,160,mode_4,0.577885522869568,1.2625545245734477,0.0,0.0,1,mode_4,0.54,False,0.5
no_reinforcement,49,180,mode_4,0.5801996217045345,1.2585768447139152,0.0,0.0,1,mode_4,0.54,False,0.5
no_reinforcement,49,200,mode_4,0.5800359683462873,1.2582455382845412,0.0,0.0,1,mode_4,0.54,False,0.5
no_reinforcement,49,220,mode_4,0.5847213985874478,1.2510576156116904,0.0,0.0,1,mode_4,0.54,False,0.5
no_reinforcement,49,240,mode_4,0.5751810859091037,1.2676349465018104,0.0,0.0,1,mode_4,0.54,False,0.5
no_reinforcement,50,0,mixed_0_1,0.33809552033970175,1.4957410350539981,0.0,0.0,5,mixed_0_1_2;mixed_0_1_3;mixed_0_1_4;mode_0;mode_1,0.18,False,0.6
no_reinforcement,50,20,mixed_0_1,0.37034098650744396,1.4644862749797705,0.0,0.0,5,mixed_0_1_2;mixed_0_1_3;mixed_0_1_4;mode_0;mode_1,0.18,False,0.6
no_reinforcement,50,40,mixed_0_1,0.37724098435787234,1.4471511883846364,0.0,0.0,5,mixed_0_1_2;mixed_0_1_3;mixed_0_1_4;mode_0;mode_1,0.24000000000000002,False,0.8
no_reinforcement,50,60,mixed_0_1,0.40406555246733183,1.432762800173211,0.0,0.0,5,mixed_0_1_3;mixed_1_2;mixed_1_4;mode_0;mode_1,0.060000000000000005,False,0.8
no_reinforcement,50,80,mixed_0_1,0.41242992333003686,1.4220950792843179,0.0,0.0,5,mixed_0_1_3;mixed_1_2;mixed_1_4;mode_0;mode_1,0.060000000000000005,False,0.8
no_reinforcement,50,100,mode_1,0.42191776652913177,1.4173032799507699,0.0,0.0,5,mixed_1_2;mixed_1_3;mixed_1_4;mode_0;mode_1,0.24000000000000002,False,0.75
no_reinforcement,50,120,mode_1,0.4238773840185777,1.4146220112124879,0.0,0.0,5,mixed_1_2;mixed_1_3;mixed_1_4;mode_0;mode_1,0.24000000000000002,False,0.5
no_reinforcement,50,140,mode_1,0.42601782918219766,1.4188213434682315,0.0,0.0,5,mixed_1_2;mixed_1_3;mixed_1_4;mode_0;mode_1,0.24000000000000002,False,0.5
no_reinforcement,50,160,mode_1,0.4485557411965397,1.4003976298281433,0.0,0.0,5,mixed_1_2;mixed_1_3;mixed_1_4;mode_0;mode_1,0.30000000000000004,False,0.5
no_reinforcement,50,180,mode_1,0.4722393406107793,1.37976317271443,0.0,0.0,5,mixed_1_2;mixed_1_3;mixed_1_4;mode_0;mode_1,0.36,False,0.75
no_reinforcement,50,200,mode_1,0.4766156042559107,1.380181080128748,0.0,0.0,4,mixed_1_2;mixed_1_4;mode_0;mode_1,0.36,False,0.75
no_reinforcement,50,220,mode_1,0.4798243000660095,1.3784282432527928,0.0,0.0,4,mixed_1_2;mixed_1_4;mode_0;mode_1,0.36,False,0.5
no_reinforcement,50,240,mode_1,0.48648034202859397,1.3764377101329313,0.0,0.0,4,mixed_1_2;mixed_1_4;mode_0;mode_1,0.36,False,0.5
no_reinforcement,51,0,mixed_0_1,0.39326602427429014,1.3927043710986236,0.0,0.0,5,mixed_0_1_2;mixed_0_1_3;mixed_0_1_4;mode_0;mode_1,0.060000000000000005,False,0.8
no_reinforcement,51,20,mode_1,0.42064736922594853,1.374872825630917,0.0,0.0,5,mixed_0_1_2;mixed_0_1_3;mixed_0_1_4;mode_0;mode_1,0.36,False,0.75
no_reinforcement,51,40,mode_1,0.44067079523244507,1.363687538872523,0.0,0.0,4,mixed_0_1_3;mixed_0_1_4;mode_0;mode_1,0.42,False,0.75
no_reinforcement,51,60,mode_1,0.4620395548041377,1.3493197414585523,0.0,0.0,2,mode_0;mode_1,0.48000000000000004,False,0.75
no_reinforcement,51,80,mode_1,0.47211319668672613,1.3456011562757977,0.0,0.0,2,mode_0;mode_1,0.48000000000000004,False,0.5
no_reinforcement,51,100,mode_1,0.48281225509096165,1.3399580699437734,0.0,0.0,2,mode_0;mode_1,0.54,False,0.75
no_reinforcement,51,120,mode_1,0.502898411545093,1.3253660903816975,0.0,0.0,2,mode_0;mode_1,0.6000000000000001,False,0.75
no_reinforcement,51,140,mode_1,0.5129753583841128,1.314815443508001,0.0,0.0,2,mode_0;mode_1,0.6000000000000001,False,0.75
no_reinforcement,51,160,mode_1,0.531078874033236,1.2980914116386666,0.0,0.0,2,mode_0;mode_1,0.66,False,0.75
no_reinforcement,51,180,mode_1,0.5393574352669472,1.2875344309902448,0.0,0.0,2,mode_0;mode_1,0.66,False,0.75
no_reinforcement,51,200,mode_1,0.540453998868116,1.291109444195157,0.0,0.0,2,mode_0;mode_1,0.66,False,0.75
no_reinforcement,51,220,mode_1,0.5415608183200723,1.2925190112776879,0.0,0.0,2,mode_0;mode_1,0.66,False,0.75
no_reinforcement,51,240,mode_1,0.5510174793145695,1.2834017772512096,0.0,0.0,2,mixed_0_1;mode_1,0.66,False,0.5
no_reinforcement,52,0,mixed_3,0.4190133004369991,1.477613187048823,0.0,0.0,5,mixed_0_3;mixed_1_3;mixed_2_3;mixed_3_4;mode_3,0.060000000000000005,False,1.0
no_reinforcement,52,20,mode_3,0.4516974616239475,1.4418460138996951,0.0,0.0,5,mixed_0_3;mixed_1_3;mixed_2_3;mixed_3_4;mode_3,0.30000000000000004,False,0.75
no_reinforcement,52,40,mode_3,0.48963074986022015,1.3959150706807266,0.0,0.0,4,mixed_0_3;mixed_2_3;mixed_3_4;mode_3,0.36,False,0.75
no_reinforcement,52,60,mode_3,0.5109574191199647,1.3668469181047844,0.0,0.0,4,mixed_0_3;mixed_2_3;mixed_3_4;mode_3,0.36,False,0.75
no_reinforcement,52,80,mode_3,0.5233734855348683,1.3498315465949748,0.0,0.0,4,mixed_0_3;mixed_2_3;mixed_3_4;mode_3,0.36,False,0.75
no_reinforcement,52,100,mode_3,0.5337622937150113,1.3348443740492604,0.0,0.0,4,mixed_0_3;mixed_2_3;mixed_3_4;mode_3,0.42,False,0.75
no_reinforcement,52,120,mode_3,0.5323115307855041,1.3368170783129278,0.0,0.0,4,mixed_0_3;mixed_2_3;mixed_3_4;mode_3,0.42,False,0.75
no_reinforcement,52,140,mode_3,0.5449829412267665,1.3176337978688422,0.0,0.0,4,mixed_0_3;mixed_2_3;mixed_3_4;mode_3,0.42,False,0.75
no_reinforcement,52,160,mode_3,0.546742142817574,1.314243102078588,0.0,0.0,4,mixed_0_3;mixed_2_3;mixed_3_4;mode_3,0.42,False,0.75
no_reinforcement,52,180,mode_3,0.5491401175845927,1.3108877491357143,0.0,0.0,4,mixed_0_3;mixed_2_3;mixed_3_4;mode_3,0.42,False,0.75
no_reinforcement,52,200,mode_3,0.5459396335788245,1.3164283248930082,0.0,0.0,4,mixed_0_3;mixed_2_3;mixed_3_4;mode_3,0.42,False,0.75
no_reinforcement,52,220,mode_3,0.5564773008387396,1.2992240262301418,0.0,0.0,4,mixed_0_3;mixed_2_3;mixed_3_4;mode_3,0.42,False,0.75
no_reinforcement,52,240,mode_3,0.5560104845972729,1.300015755109547,0.0,0.0,4,mixed_0_3;mixed_2_3;mixed_3_4;mode_3,0.42,False,0.75
no_reinforcement,53,0,mode_2,0.5922143122581883,1.2349014342422444,0.0,0.0,1,mode_2,0.66,True,0.25
no_reinforcement,53,20,mode_2,0.6091517165794516,1.2055023817988204,0.0,0.0,1,mode_2,0.66,True,0.25
no_reinforcement,53,40,mode_2,0.6165824090162472,1.1914119317148262,0.0,0.0,1,mode_2,0.66,True,0.0
no_reinforcement,53,60,mode_2,0.6187199729196102,1.1893406500314663,0.0,0.0,1,mode_2,0.66,True,0.0
no_reinforcement,53,80,mode_2,0.6148673314683827,1.195668458021558,0.0,0.0,1,mode_2,0.66,True,0.0
no_reinforcement,53,100,mode_2,0.6180011880411264,1.190427398708821,0.0,0.0,1,mode_2,0.66,True,0.0
no_reinforcement,53,120,mode_2,0.6257677542034539,1.176474988049776,0.0,0.0,1,mode_2,0.66,True,0.0
no_reinforcement,53,140,mode_2,0.6260349104845908,1.1756293964130544,0.0,0.0,1,mode_2,0.66,True,0.0
no_reinforcement,53,160,mode_2,0.6252018150727956,1.1778349818363687,0.0,0.0,1,mode_2,0.66,True,0.0
no_reinforcement,53,180,mode_2,0.6238316417225531,1.1802578699490593,0.0,0.0,1,mode_2,0.66,True,0.0
no_reinforcement,53,200,mode_2,0.6261629086489546,1.176425149183287,0.0,0.0,1,mode_2,0.66,True,0.0
no_reinforcement,53,220,mode_2,0.6332347632722788,1.1623276229814201,0.0,0.0,1,mode_2,0.66,True,0.0
no_reinforcement,53,240,mode_2,0.6288280297686903,1.1710032906718824,0.0,0.0,1,mode_2,0.66,True,0.0
no_reinforcement,54,0,mixed_1_2_4,0.2997356180411886,1.546271050788596,0.0,0.0,5,mixed_2_3_4;mode_0;mode_1;mode_2;mode_4,0.060000000000000005,False,0.8
no_reinforcement,54,20,mixed_1_2_4,0.3119399503560899,1.5336675531117807,0.0,0.0,5,mixed_2_3_4;mode_0;mode_1;mode_2;mode_4,0.060000000000000005,False,0.8
no_reinforcement,54,40,mixed_1_2_4,0.3226351019452796,1.5226759831037073,0.0,0.0,5,mixed_2_3_4;mode_0;mode_1;mode_2;mode_4,0.060000000000000005,False,0.8
no_reinforcement,54,60,mixed_2_4,0.33272533211529604,1.5151568339657202,0.0,0.0,5,mixed_2_3_4;mode_0;mode_1;mode_2;mode_4,0.12000000000000001,False,0.6
no_reinforcement,54,80,mixed_2_4,0.34676105534220725,1.5091379426886797,0.0,0.0,5,mixed_0_4;mixed_2_3_4;mode_1;mode_2;mode_4,0.12000000000000001,False,0.6
no_reinforcement,54,100,mixed_2_4,0.3478181919914449,1.505319189501751,0.0,0.0,5,mixed_0_4;mixed_2_3_4;mode_1;mode_2;mode_4,0.12000000000000001,False,0.6
no_reinforcement,54,120,mixed_2_4,0.3551228808730316,1.4977710143046827,0.0,0.0,5,mixed_0_4;mixed_2_3_4;mode_1;mode_2;mode_4,0.12000000000000001,False,0.6
no_reinforcement,54,140,mixed_2_4,0.3527165214464897,1.5016107745163676,0.0,0.0,5,mixed_0_4;mixed_2_3_4;mode_1;mode_2;mode_4,0.12000000000000001,False,0.6
no_reinforcement,54,160,mixed_2_4,0.36581073414061216,1.4895982072570766,0.0,0.0,5,mixed_0_4;mixed_2_3_4;mode_1;mode_2;mode_4,0.18,False,0.6
no_reinforcement,54,180,mixed_2_4,0.3840662664605908,1.481979728540111,0.0,0.0,5,mixed_0_4;mixed_3_4;mode_1;mode_2;mode_4,0.060000000000000005,False,0.6
no_reinforcement,54,200,mixed_2_4,0.39291223025261374,1.4765391572950763,0.0,0.0,5,mixed_0_4;mixed_3_4;mode_1;mode_2;mode_4,0.060000000000000005,False,0.6
no_reinforcement,54,220,mixed_2_4,0.3971116718652961,1.473442319441506,0.0,0.0,5,mixed_0_4;mixed_3_4;mode_1;mode_2;mode_4,0.060000000000000005,False,0.6
no_reinforcement,54,240,mixed_2_4,0.4161210150081856,1.4559166791732212,0.0,0.0,5,mixed_0_4;mixed_3_4;mode_1;mode_2;mode_4,0.060000000000000005,False,0.8
no_reinforcement,55,0,mode_4,0.4492960986847423,1.3827223420316628,0.0,0.0,3,mixed_0_4;mode_3;mode_4,0.42,False,0.5
no_reinforcement,55,20,mode_4,0.4789218122588668,1.3514571844876757,0.0,0.0,3,mixed_0_4;mode_3;mode_4,0.42,False,0.5
no_reinforcement,55,40,mode_4,0.5083309551225377,1.328502484667228,0.0,0.0,2,mixed_3_4;mode_4,0.48000000000000004,False,0.5
no_reinforcement,55,60,mode_4,0.5354899906081502,1.2933997432304973,0.0,0.0,2,mixed_3_4;mode_4,0.54,False,0.5
no_reinforcement,55,80,mode_4,0.5492839625237553,1.282046947707326,0.0,0.0,2,mixed_3_4;mode_4,0.54,False,0.5
no_reinforcement,55,100,mode_4,0.5579966706903363,1.274121370810037,0.0,0.0,2,mixed_3_4;mode_4,0.6000000000000001,False,0.5
no_reinforcement,55,120,mode_4,0.5702118861539314,1.2595790179356543,0.0,0.0,2,mixed_3_4;mode_4,0.6000000000000001,False,0.5
no_reinforcement,55,140,mode_4,0.5743090776042091,1.253177908719422,0.0,0.0,2,mixed_3_4;mode_4,0.6000000000000001,False,0.5
no_reinforcement,55,160,mode_4,0.5863212771971346,1.233800157235878,0.0,0.0,2,mixed_3_4;mode_4,0.6000000000000001,False,0.5
no_reinforcement,55,180,mode_4,0.5834186523053955,1.2415191834780006,0.0,0.0,2,mixed_3_4;mode_4,0.6000000000000001,False,0.5
no_reinforcement,55,200,mode_4,0.5828307355483782,1.2446029263074143,0.0,0.0,2,mixed_3_4;mode_4,0.6000000000000001,False,0.5
no_reinforcement,55,220,mode_4,0.5886508749002994,1.2332618525647527,0.0,0.0,2,mixed_3_4;mode_4,0.6000000000000001,False,0.5
no_reinforcement,55,240,mode_4,0.5823883140413681,1.2439014531996149,0.0,0.0,2,mixed_3_4;mode_4,0.6000000000000001,False,0.5
no_reinforcement,56,0,mode_3,0.62653614434503,1.1745804715954027,0.0,0.0,1,mode_3,0.66,True,0.0
no_reinforcement,56,20,mode_3,0.6450409974979964,1.139843557053524,0.0,0.0,1,mode_3,0.66,True,0.0
no_reinforcement,56,40,mode_3,0.6527172392095242,1.1255144670521102,0.0,0.0,1,mode_3,0.66,True,0.0
no_reinforcement,56,60,mode_3,0.6566318656166991,1.1174760847658123,0.0,0.0,1,mode_3,0.66,True,0.0
no_reinforcement,56,80,mode_3,0.650248013174061,1.1306330885174793,0.0,0.0,1,mode_3,0.66,True,0.0
no_reinforcement,56,100,mode_3,0.652741747342894,1.12539922752155,0.0,0.0,1,mode_3,0.66,True,0.0
no_reinforcement,56,120,mode_3,0.6487185651061185,1.1334080538624738,0.0,0.0,1,mode_3,0.66,True,0.0
no_reinforcement,56,140,mode_3,0.6460904674625843,1.1381019818435336,0.0,0.0,1,mode_3,0.66,True,0.0
no_reinforcement,56,160,mode_3,0.6431658741745787,1.144598099359833,0.0,0.0,1,mode_3,0.66,True,0.0
no_reinforcement,56,180,mode_3,0.6470118350225397,1.13699183884979,0.0,0.0,1,mode_3,0.66,True,0.0
no_reinforcement,56,200,mode_3,0.6503136878875984,1.130172487502656,0.0,0.0,1,mode_3,0.66,True,0.0
no_reinforcement,56,220,mode_3,0.6521615898513548,1.126467203881548,0.0,0.0,1,mode_3,0.66,True,0.0
no_reinforcement,56,240,mode_3,0.6522627930503194,1.1264875479563081,0.0,0.0,1,mode_3,0.66,True,0.0
no_reinforcement,57,0,mode_4,0.44987254532943005,1.398631276490526,0.0,0.0,2,mode_3;mode_4,0.48000000000000004,False,0.75
no_reinforcement,57,20,mode_4,0.48652484705123855,1.3580394336730763,0.0,0.0,2,mixed_3_4;mode_4,0.54,False,0.75
no_reinforcement,57,40,mode_4,0.5171376880748941,1.3265404030407866,0.0,0.0,2,mixed_3_4;mode_4,0.6000000000000001,False,0.75
no_reinforcement,57,60,mode_4,0.523705569214116,1.3220542418177024,0.0,0.0,2,mixed_3_4;mode_4,0.6000000000000001,False,0.75
no_reinforcement,57,80,mode_4,0.5477735152037462,1.2942384894034182,0.0,0.0,2,mixed_3_4;mode_4,0.66,False,0.75
no_reinforcement,57,100,mode_4,0.5574833425651768,1.281947285890578,0.0,0.0,2,mixed_3_4;mode_4,0.66,False,0.75
no_reinforcement,57,120,mode_4,0.57290732007162,1.2605287910179352,0.0,0.0,2,mixed_3_4;mode_4,0.66,True,0.25
no_reinforcement,57,140,mode_4,0.5783967265710473,1.2547611445254971,0.0,0.0,2,mixed_3_4;mode_4,0.66,True,0.25
no_reinforcement,57,160,mode_4,0.5909909386009013,1.2351141177459886,0.0,0.0,2,mixed_3_4;mode_4,0.66,True,0.25
no_reinforcement,57,180,mode_4,0.5885913399905992,1.240290802202199,0.0,0.0,2,mixed_3_4;mode_4,0.66,True,0.25
no_reinforcement,57,200,mode_4,0.589038411475699,1.2380519012231574,0.0,0.0,2,mixed_3_4;mode_4,0.66,True,0.25
no_reinforcement,57,220,mode_4,0.5806574402454767,1.2529046227688598,0.0,0.0,2,mixed_3_4;mode_4,0.66,True,0.25
no_reinforcement,57,240,mode_4,0.5777852920038757,1.2563916734876268,0.0,0.0,2,mixed_3_4;mode_4,0.66,True,0.25
no_reinforcement,58,0,mode_4,0.4921623422070782,1.3693382307144144,0.0,0.0,3,mixed_2_4;mixed_3_4;mode_4,0.42,False,0.5
no_reinforcement,58,20,mode_4,0.5249073361626472,1.3268213661732726,0.0,0.0,2,mixed_2_4;mode_4,0.48000000000000004,False,0.5
no_reinforcement,58,40,mode_4,0.5430182599192772,1.3046637075010756,0.0,0.0,2,mixed_2_4;mode_4,0.48000000000000004,False,0.5
no_reinforcement,58,60,mode_4,0.5642413086669664,1.2751658958861714,0.0,0.0,2,mixed_2_4;mode_4,0.54,False,0.5
no_reinforcement,58,80,mode_4,0.573135584672738,1.2622057042065808,0.0,0.0,2,mixed_2_4;mode_4,0.54,False,0.5
no_reinforcement,58,100,mode_4,0.5832350614451302,1.2472131221569511,0.0,0.0,2,mixed_2_4;mode_4,0.54,False,0.5
no_reinforcement,58,120,mode_4,0.5782046181093519,1.256005632150294,0.0,0.0,2,mixed_2_4;mode_4,0.54,False,0.5
no_reinforcement,58,140,mode_4,0.5711630446319789,1.2677641209717088,0.0,0.0,2,mixed_2_4;mode_4,0.54,False,0.5
no_reinforcement,58,160,mode_4,0.5672307967816081,1.273181164290729,0.0,0.0,2,mixed_2_4;mode_4,0.54,False,0.5
no_reinforcement,58,180,mode_4,0.5813800636589772,1.2487934539820467,0.0,0.0,2,mixed_2_4;mode_4,0.54,False,0.5
no_reinforcement,58,200,mode_4,0.5862473121296057,1.2416337354527147,0.0,0.0,2,mixed_2_4;mode_4,0.54,False,0.5
no_reinforcement,58,220,mode_4,0.5832747739611638,1.2460731487945962,0.0,0.0,2,mixed_2_4;mode_4,0.54,False,0.5
no_reinforcement,58,240,mode_4,0.5873031986579311,1.2390005195147569,0.0,0.0,2,mixed_2_4;mode_4,0.6000000000000001,False,0.5
no_reinforcement,59,0,mode_3,0.4540529778844195,1.406148441614796,0.0,0.0,3,mixed_1_3;mode_0;mode_3,0.30000000000000004,False,0.5
no_reinforcement,59,20,mode_3,0.48866360029637546,1.3705556980058107,0.0,0.0,3,mixed_0_3;mixed_1_3;mode_3,0.36,False,0.5
no_reinforcement,59,40,mode_3,0.5150289274047927,1.3406595022651553,0.0,0.0,3,mixed_0_3;mixed_1_3;mode_3,0.42,False,0.5
no_reinforcement,59,60,mode_3,0.5284218153029483,1.32277158023528,0.0,0.0,3,mixed_0_3;mixed_1_3;mode_3,0.42,False,0.5
no_reinforcement,59,80,mode_3,0.5408480965047638,1.3047134957625157,0.0,0.0,3,mixed_0_3;mixed_1_3;mode_3,0.42,False,0.5
no_reinforcement,59,100,mode_3,0.5515708901721976,1.289567257679829,0.0,0.0,2,mixed_0_3;mode_3,0.48000000000000004,False,0.5
no_reinforcement,59,120,mode_3,0.5542943054245406,1.2875286513016455,0.0,0.0,2,mixed_0_3;mode_3,0.48000000000000004,False,0.5
no_reinforcement,59,140,mode_3,0.5585555050633372,1.2825791865539435,0.0,0.0,2,mixed_0_3;mode_3,0.48000000000000004,False,0.5
no_reinforcement,59,160,mode_3,0.5621805356499832,1.2781372690823252,0.0,0.0,2,mixed_0_3;mode_3,0.48000000000000004,False,0.5
no_reinforcement,59,180,mode_3,0.5695288766517351,1.2676863178420992,0.0,0.0,2,mixed_0_3;mode_3,0.48000000000000004,False,0.5
no_reinforcement,59,200,mode_3,0.5567974978808311,1.2856614190976567,0.0,0.0,2,mixed_0_3;mode_3,0.48000000000000004,False,0.5
no_reinforcement,59,220,mode_3,0.5647128935395185,1.2741532074075592,0.0,0.0,2,mixed_0_3;mode_3,0.48000000000000004,False,0.5
no_reinforcement,59,240,mode_3,0.5648721921298138,1.27518434526621,0.0,0.0,2,mixed_0_3;mode_3,0.48000000000000004,False,0.5
no_reinforcement,60,0,mode_3,0.5139792426361147,1.3116469371071124,0.0,0.0,2,mixed_0_3;mode_3,0.66,False,0.5
no_reinforcement,60,20,mode_3,0.5418642970907661,1.283278250045945,0.0,0.0,2,mixed_0_3;mode_3,0.66,True,0.25
no_reinforcement,60,40,mode_3,0.5590585331677126,1.2655791818775157,0.0,0.0,2,mixed_0_3;mode_3,0.66,True,0.25
no_reinforcement,60,60,mode_3,0.5788873303249787,1.2426760416370357,0.0,0.0,2,mixed_0_3;mode_3,0.66,True,0.25
no_reinforcement,60,80,mode_3,0.5766481780255764,1.2467252576244428,0.0,0.0,2,mixed_0_3;mode_3,0.66,True,0.25
no_reinforcement,60,100,mode_3,0.5841695913481539,1.2368066601332295,0.0,0.0,2,mixed_0_3;mode_3,0.66,True,0.25
no_reinforcement,60,120,mode_3,0.5911819183437468,1.2270240488958586,0.0,0.0,1,mode_3,0.66,True,0.25
no_reinforcement,60,140,mode_3,0.5895487355317606,1.2293343127302974,0.0,0.0,1,mode_3,0.66,True,0.25
no_reinforcement,60,160,mode_3,0.597763355746381,1.2169533645873296,0.0,0.0,1,mode_3,0.66,True,0.25
no_reinforcement,60,180,mode_3,0.5991979932953376,1.2156327148176858,0.0,0.0,1,mode_3,0.66,True,0.25
no_reinforcement,60,200,mode_3,0.601727500960721,1.212091945717828,0.0,0.0,1,mode_3,0.66,True,0.25
no_reinforcement,60,220,mode_3,0.6017233191574359,1.2123909458663495,0.0,0.0,1,mode_3,0.66,True,0.25
no_reinforcement,60,240,mode_3,0.608463876702727,1.1999076725342073,0.0,0.0,1,mode_3,0.66,True,0.25
no_reinforcement,61,0,mode_4,0.4788634543773294,1.4009089364910619,0.0,0.0,3,mixed_2_4;mixed_3_4;mode_4,0.36,False,0.5
no_reinforcement,61,20,mode_4,0.509896557811766,1.361346595428503,0.0,0.0,3,mixed_2_4;mixed_3_4;mode_4,0.42,False,0.5
no_reinforcement,61,40,mode_4,0.5329334845023516,1.3293913476560246,0.0,0.0,3,mixed_2_4;mixed_3_4;mode_4,0.42,False,0.5
no_reinforcement,61,60,mode_4,0.5461668820752491,1.3103835276107834,0.0,0.0,2,mixed_3_4;mode_4,0.48000000000000004,False,0.5
no_reinforcement,61,80,mode_4,0.5610205434063896,1.288404317155444,0.0,0.0,2,mixed_3_4;mode_4,0.48000000000000004,False,0.5
no_reinforcement,61,100,mode_4,0.5722913288249674,1.2712789312113253,0.0,0.0,2,mixed_3_4;mode_4,0.48000000000000004,False,0.5
no_reinforcement,61,120,mode_4,0.5675662067834233,1.278835590895923,0.0,0.0,2,mixed_3_4;mode_4,0.48000000000000004,False,0.5
no_reinforcement,61,140,mode_4,0.5773383422988739,1.2626903887663332,0.0,0.0,2,mixed_3_4;mode_4,0.48000000000000004,False,0.5
no_reinforcement,61,160,mode_4,0.5758321475337835,1.2661263102662352,0.0,0.0,2,mixed_3_4;mode_4,0.48000000000000004,False,0.5
no_reinforcement,61,180,mode_4,0.5759754528290412,1.2654235481490275,0.0,0.0,2,mixed_3_4;mode_4,0.48000000000000004,False,0.5
no_reinforcement,61,200,mode_4,0.5705479337344039,1.274228994612769,0.0,0.0,2,mixed_3_4;mode_4,0.48000000000000004,False,0.5
no_reinforcement,61,220,mode_4,0.5623883452952226,1.2870579594826739,0.0,0.0,2,mixed_3_4;mode_4,0.48000000000000004,False,0.5
no_reinforcement,61,240,mode_4,0.5708948286133873,1.2724604122724796,0.0,0.0,2,mixed_3_4;mode_4,0.48000000000000004,False,0.5
no_reinforcement,62,0,mixed_1_2,0.4076713709220306,1.471456967025588,0.0,0.0,5,mixed_0_2;mixed_2_3;mixed_2_4;mode_1;mode_2,0.060000000000000005,False,1.0
no_reinforcement,62,20,mode_2,0.4414185357295214,1.4354179246783143,0.0,0.0,5,mixed_0_2;mixed_2_3;mixed_2_4;mode_1;mode_2,0.30000000000000004,False,0.5
no_reinforcement,62,40,mode_2,0.4647854283133871,1.410172516946838,0.0,0.0,4,mixed_1_2;mixed_2_3;mixed_2_4;mode_2,0.30000000000000004,False,0.5
no_reinforcement,62,60,mode_2,0.49213717166859927,1.3759302104999114,0.0,0.0,4,mixed_1_2;mixed_2_3;mixed_2_4;mode_2,0.36,False,0.5
no_reinforcement,62,80,mode_2,0.5106415398719735,1.3574102727067505,0.0,0.0,3,mixed_1_2;mixed_2_4;mode_2,0.36,False,0.5
no_reinforcement,62,100,mode_2,0.5247160688956128,1.3412338526076661,0.0,0.0,3,mixed_1_2;mixed_2_4;mode_2,0.42,False,0.5
no_reinforcement,62,120,mode_2,0.5394617896608601,1.32133295078549,0.0,0.0,3,mixed_1_2;mixed_2_4;mode_2,0.42,False,0.5
no_reinforcement,62,140,mode_2,0.5432633836838798,1.3169400176376707,0.0,0.0,3,mixed_1_2;mixed_2_4;mode_2,0.42,False,0.5
no_reinforcement,62,160,mode_2,0.5430582716378158,1.3168469446235853,0.0,0.0,3,mixed_1_2;mixed_2_4;mode_2,0.42,False,0.5
no_reinforcement,62,180,mode_2,0.5310168833474634,1.3350771634774141,0.0,0.0,3,mixed_1_2;mixed_2_4;mode_2,0.42,False,0.5
no_reinforcement,62,200,mode_2,0.5387502342133433,1.3246097725566655,0.0,0.0,3,mixed_1_2;mixed_2_4;mode_2,0.42,False,0.5
no_reinforcement,62,220,mode_2,0.546031568128023,1.3132547137264514,0.0,0.0,3,mixed_1_2;mixed_2_4;mode_2,0.42,False,0.5
no_reinforcement,62,240,mode_2,0.5501185863555982,1.3074883284962662,0.0,0.0,3,mixed_1_2;mixed_2_4;mode_2,0.42,False,0.5
no_reinforcement,63,0,mixed_3_4,0.3598143116715917,1.4603964191813783,0.0,0.0,5,mixed_1_3_4;mixed_2_3_4;mixed_3_4;mode_3;mode_4,0.18,False,0.6
no_reinforcement,63,20,mixed_3_4,0.3692269929804857,1.4512562799858324,0.0,0.0,5,mixed_1_3_4;mixed_2_3_4;mixed_3_4;mode_3;mode_4,0.18,False,0.6
no_reinforcement,63,40,mixed_3_4,0.3860282689800741,1.432019517692684,0.0,0.0,5,mixed_1_3_4;mixed_2_3_4;mixed_3_4;mode_3;mode_4,0.18,False,0.6
no_reinforcement,63,60,mixed_3_4,0.39425036391641627,1.4160638879373284,0.0,0.0,5,mixed_1_3_4;mixed_2_3_4;mixed_3_4;mode_3;mode_4,0.18,False,0.8
no_reinforcement,63,80,mixed_3_4,0.40557126865369914,1.40183765630473,0.0,0.0,5,mixed_1_3_4;mixed_2_3_4;mixed_3_4;mode_3;mode_4,0.060000000000000005,False,0.6
no_reinforcement,63,100,mixed_3_4,0.403627433541322,1.4016710802313095,0.0,0.0,5,mixed_1_3_4;mixed_2_3_4;mixed_3_4;mode_3;mode_4,0.060000000000000005,False,0.6
no_reinforcement,63,120,mixed_3_4,0.4085324506987623,1.401472654160632,0.0,0.0,5,mixed_1_3_4;mixed_2_3_4;mixed_3_4;mode_3;mode_4,0.060000000000000005,False,0.8
no_reinforcement,63,140,mixed_3_4,0.4147343729070951,1.4002180930252404,0.0,0.0,4,mixed_1_3_4;mixed_2_3;mode_3;mode_4,0.060000000000000005,False,0.8
no_reinforcement,63,160,mixed_3_4,0.4105897334228033,1.398022757892957,0.0,0.0,5,mixed_1_3_4;mixed_2_3_4;mixed_3_4;mode_3;mode_4,0.060000000000000005,False,0.8
no_reinforcement,63,180,mixed_3_4,0.411874304090499,1.4030834330306525,0.0,0.0,4,mixed_1_3_4;mixed_2_3;mode_3;mode_4,0.060000000000000005,False,0.8
no_reinforcement,63,200,mixed_3_4,0.4197437990586059,1.404491668317694,0.0,0.0,4,mixed_1_3_4;mixed_2_3;mode_3;mode_4,0.060000000000000005,False,0.8
no_reinforcement,63,220,mode_3,0.43468683380701234,1.3834128344970575,0.0,0.0,4,mixed_1_3_4;mixed_2_3;mode_3;mode_4,0.24000000000000002,False,0.5
no_reinforcement,63,240,mode_3,0.4428362107868943,1.3833409505750576,0.0,0.0,4,mixed_1_3;mixed_2_3;mode_3;mode_4,0.24000000000000002,False,0.5
